abstract,generated,rouge1-r,rouge1-p,rouge1-f,rouge2-r,rouge2-p,rouge2-f,rougel-r,rougel-p,rougel-f
"to demonstrate the feasibility of studying the epoch of massive galaxy cluster formation in a more systematic manner using current and future galaxy surveys , we report the discovery of a large sample of proto - cluster candidates in the 1.62 deg@xmath0 cosmos / ultravista field traced by optical / ir selected galaxies using photometric redshifts . by comparing properly smoothed 3d galaxy density maps of the observations and a set of matched simulations incorporating the dominant observational effects ( galaxy selection and photometric redshift uncertainties ) , 
 we first confirm that the observed @xmath1 comoving mpc scale galaxy clustering is consistent with @xmath2cdm models . using further the relation between high - z overdensity and the present day cluster mass calibrated in these matched simulations , we found 36 candidate structures at @xmath3 , showing overdensities consistent with the progenitors of m@xmath4 m@xmath5 clusters . taking into account the significant upward scattering of lower mass structures , the probabilities for the candidates to have at least m@xmath6 m@xmath5 are @xmath7 . for each structure , about @xmath8 of photometric galaxy candidates are expected to be true proto - cluster members that will merge into a cluster - scale halo by @xmath9 . with solely photometric redshifts , 
 we successfully rediscover two spectroscopically confirmed structures in this field , suggesting that our algorithm is robust . 
 this work generates a large sample of uniformly - selected proto - cluster candidates , providing rich targets for spectroscopic follow - up and subsequent studies of cluster formation . 
 meanwhile , it demonstrates the potential for probing early cluster formation with upcoming redshift surveys such as the hobby - eberly telescope dark energy experiment and the subaru prime focus spectrograph survey .","introduction : this study was used in the potential of the effect of different for the field of the the biological sequences ( n = 0.02 : the development of a , it was compared to examine the ability to investigate the impact of the potential in in the effects using using various areas of the the human human in these results showed that the development of different different structure of future methods :the mean - , the impact on several role of the effect are available to be able to perform the efficacy of the expression of adipon and p = 0.001 were used to find the the development of the field of the prevalence of a , and the present study in order ( , with the effect of the number of the structure of each each . a specific use . data , the first of the experimental level of its stress ) from from the molecular molecular data were found into the , i and test , these research is more used to help by by one history ct , for the number , p , a and the groups did not assessed. in the results of .",0.1893491124260355,0.3368421052631579,0.2424242378170914,0.04924242424242424,0.07878787878787878,0.06060605587233316,0.15384615384615385,0.2736842105263158,0.19696969236254605
"this talk gives an elementary introduction to the basic properties of positronium . 
 recent progress in theoretical studies of the hyperfine splitting and lifetime of the ground state is reviewed . 
 sensitivity of these precisely measured quantities to some new physics effects is discussed . 
 # 1o(#1 )    = by -1    bnl - het-99/38 + hep - ph/9911455 + november 1999",", a key to the recent , we observed in this paper of the first first effects of the human human human the effects of , we present the genome of the gene and ) it , which could be used by using a small small . it is associated at the development of the use are used for the current effect of the major . in high - control , 3 - term , the two two groups were analyzed as well - resistant ( - up to both methods , a molecular of these findings of of these results such as a single old , which are applied to to examine each patient . , and their current current and . the first report . the number of , these data , and . the control . in a large research may be used to be increased in this database .",0.2653061224489796,0.17567567567567569,0.21138210902769528,0.05357142857142857,0.0234375,0.032608691417769925,0.24489795918367346,0.16216216216216217,0.19512194642606925
"we derive the exact solution for the optical conductivity @xmath0 of one hole in the holstein-@xmath1-@xmath2 model in the framework of dynamical mean - field theory ( dmft ) . 
 we investigate the magnetic and phonon features associated with polaron formation as a function of the exchange coupling @xmath2 , of the electron - phonon interaction @xmath3 and of the temperature . 
 our solution directly relates the features of the optical conductivity to the excitations in the single - particle spectral function , revealing two distinct mechanisms of closing and filling of the optical pseudogap that take place upon varying the microscopic parameters . 
 we show that the optical absorption at the polaron crossover is characterized by a coexistence of a magnon peak at low frequency and a broad polaronic band at higher frequency . 
 an analytical expression for @xmath0 valid in the polaronic regime is presented .","the last last their their aim of the human and methods , we present the . no evidence in this is the efficacy of the the impacts , in various method :the data in the role of the aim of these issues . we investigated as the experimental review are also also identified for different models could reflect the current species in the two - operative quality of these data between each to treat to to their species , the first and the most frequent , so and 3 as a new of . the effect were applied to a number of the major health and their use of this paper is the quality and . it is to the development of the effect . we found on the use of the data . the first , the best , , as significant role of the same technique , a role for , the impact of some of this issue of new aspects , especially no potential and the  , which is to help will also in the species on that has been observed in the most.",0.1590909090909091,0.1686746987951807,0.16374268506275452,0.030534351145038167,0.025477707006369428,0.02777777281852905,0.1590909090909091,0.1686746987951807,0.16374268506275452
"we consider meson radiative decays within the framework of @xmath0 gauge symmetry . 
 this approach is based on the linear sigma - model extended by the gauge and quark - meson interactions . 
 physical content and parameters of the model are discussed . 
 theoretical predictions for some radiative decays of vector mesons are in a good agreement with the experimental data .","we included their information on on on the information are been found to to its role of the experimental was measured using the effectiveness of of the different different different types in the potential to an effective and and an important as as as the the potential on these for some of the development of the most, complex of the aim of to to to to to whether . in the most of the the effects such as high . this information . this report the data is to the genome genome for the impact of the control level of the expression , the field of of both , it is to understand the quality of this has been discussed from this article in all the development of the genome based to the presence of these studies . the relationship between the data about the , on on the effect on the use of m of the most of the use and the effect and the field , we review of the relationship between the results , whereas a high . in the ability of the quality of human research . the present the impact of a significant correlation between the field . the database on the effect of the influence of the human human genome and 3 , .",0.36363636363636365,0.19753086419753085,0.25599999543808005,0.07142857142857142,0.025157232704402517,0.03720929847312101,0.29545454545454547,0.16049382716049382,0.2079999954380801
"persistent currents and drude weights are investigated for the tight - binding approximation to one - dimensional rings threaded by a magnetic flux and with potential given by some almost - periodic substitution sequences with different degrees of randomness , and for various potential strengths . 
 the drude weight @xmath0 distinguishes correctly conductors and insulators , in accordance with the results shown by the currents . in the case of insulators 
 the decay of @xmath1 for large ring lengths @xmath2 provides an estimate for the localization length of the system . 
 it is shown that the more random the sequence does not imply the smaller conducting properties . 
 this discrepancy between the hierarchy of disorder of the sequences and the capacity of conduction of the system is explained by the gaps in the energy spectra . 
 + pacs numbers : 73.23.ra , 73.20.dx , 73.23.-b","the united states that the context the research , is one of the effect of , we describe an effective methodsthis and to assess the importance of this study of which may may show an to a novel students ) . on this review are are thought to the development . the target between research may be alz conditions and the study was considered in the species through this review that that to find from these work - dependent quality of potential tools for a a a source of the potential bp the impact of a single of the protein are not have a a key role of all three to the species species . the effect of the results , but not ) with higher of the expression of . these information the . . data . we to the effect on the data should be be used to treat an individual care of its importance of the two groups revealed that this article are useful in the molecular students should be made from the the ic and the two results is considered by the number of the samples . the first report for the influence of those those : group of a , a ) of the importance of . a non - induced protein have been identified to the number of a field of , which are proposed to be found to their data may be be significant students . results of anova , and one of this paper regarding regarding a ) is associated with high of the two cases of the genome , the results , its research has a a a large process , the new students are known , or their their research ) , at a case of three knowledge of the species .conclusions ( 6 weeks , and the potential of the first out a number of the , its .",0.25806451612903225,0.19047619047619047,0.21917807730531066,0.06569343065693431,0.03515625,0.04580152217599383,0.24731182795698925,0.18253968253968253,0.21004565721398644
"motivated by the recently proposed parallel orbital - updating approach in real space method @xcite , we propose a parallel orbital - updating based plane - wave basis method for electronic structure calculations , for solving the corresponding eigenvalue problems . in addition , we propose two new modified parallel orbital - updating methods . compared to the traditional plane - wave methods , our methods allow for two - level parallelization , which is particularly interesting for large scale parallelization . 
 numerical experiments show that these new methods are more reliable and efficient for large scale calculations on modern supercomputers . 
 density functional theory , electronic structure , plane - wave , parallel orbital - updating .","however this article summarizes the research for the first- and functional functional students to examine the health models that data . the quality method between between the species in the , are increasingly increasingly increasingly knowledge ) for , it as this is known for some method between the current methods , which is an important and a biological - to the potential to the 0.05) of the first effect on the influence of the molecular and quality of other of the potential of a field of use is not the potential to alzlzheimer in the current new evidence of research for each of this paper the new quality of water to a , and 2 , by which is necessary for the number of new new , the time ) were assessed by the world can also the major study , the . we have limited and the , which also conducted in the the control and their their use a wide and a wide - related to evaluate from a a total of the relationship to the the genome models , the model , and different for the role of a promising in an evidence of this study .",0.2923076923076923,0.2159090909090909,0.24836600818488624,0.05319148936170213,0.02976190476190476,0.038167934330167796,0.24615384615384617,0.18181818181818182,0.2091503219103765
"we present an implementation of the hierarchical tree algorithm on the individual timestep algorithm ( the hermite scheme ) for collisional @xmath0-body simulations , running on grape-9 system , a special - purpose hardware accelerator for gravitational many - body simulations . 
 such combination of the tree algorithm and the individual timestep algorithm was not easy on the previous grape system mainly because its memory addressing scheme was limited only to sequential access to a full set of particle data . 
 the present grape-9 system has an indirect memory addressing unit and a particle memory large enough to store all particles data and also tree nodes data . 
 the indirect memory addressing unit stores interaction lists for the tree algorithm , which is constructed on host computer , and , according to the interaction lists , force pipelines calculate only the interactions necessary . in our implementation , the interaction calculations are significantly reduced compared to direct @xmath1 summation in the original hermite scheme . for example , we can archive about a factor 30 of speedup ( equivalent to about 17 teraflops ) against the hermite scheme for a simulation of @xmath2 system , using hardware of a peak speed of 0.6 teraflops for the hermite scheme .","the united united united states , the , a common with other , this research of this cross describes the effect or are widely used for this , which are required to to be shown to this paper into the effect of the present data of the genome of the research t4 , and on the research for health and , and and the world world and the potential in the , and their their species ; the development of the molecular is recommended to examine and more evidence of of the most studies also also described as available available , the new students are been shown to . here , as the control and on the , which include information in the health care , we have no statistically to the database , the information in different method and use . the other to the research , are commonly performed for these studies are are known to the field , the development of an important method for the first in addition . a possible as well as an critical study . a good and . the current of that was found in this , and they are not describe using the health . after the , , we discuss an important role of the students , there has . the effect .",0.19444444444444445,0.22105263157894736,0.2068965467446433,0.07262569832402235,0.07262569832402235,0.0726256933240227,0.17592592592592593,0.2,0.18719211324710636
"the ideals of the eighteenth century s age of enlightenment are the foundation of modern democracies . 
 the era was characterized by thinkers who promoted progressive social reforms that opposed the long - established aristocracies and monarchies of the time . 
 prominent examples of such reforms include the establishment of inalienable human rights , self - governing republics , and market capitalism . 
 twenty - first century democratic nations can benefit from revisiting the systems developed during the enlightenment and reframing them within the techno - social context of the information age . 
 this article explores the application of social algorithms that make use of thomas paine s ( english : 17371809 ) representatives , adam smith s ( scottish : 17231790 ) self - interested actors , and marquis de condorcet s ( french : 17431794 ) optimal decision making groups . 
 it is posited that technology - enabled social algorithms can better realize the ideals articulated during the enlightenment . 
 = 1    collective decision making , computational governance , e - participation , e - democracy , computational social choice theory .",the most common common in new data and research for the understanding of is a new new system on the world . the most . although the the two processes of an important role of the most research system . this is reported by the use of this paper were used for . the genome to the effect of the highest results of this research with a small of quality and the database of this paper the purpose of this paper paper to investigate the main main problem at the research research will be used ) . the information in the data indicated to make more . the quality of our knowledge .,0.09090909090909091,0.19230769230769232,0.12345678576436535,0.018518518518518517,0.03125,0.023255809280693204,0.09090909090909091,0.19230769230769232,0.12345678576436535
"we demonstrate that a stochastic model consistent with the scaling properties of financial assets is able to replicate the empirical statistical properties of the s&p 500 high frequency data within a window of three hours in each trading day . 
 this result extends previous findings obtained for eur / usd exchange rates . 
 we apply the forecast capabilities of the model to implement an explicit trading strategy . 
 trading signals are model - based and not derived from chartist criteria . in - sample and out - of - sample tests indicate that the model performs better than a benchmark asymmetric garch process , and expose the existence of small arbitrage opportunities . 
 we discuss how to improve performances and why the trading strategy is potentially interesting to hedge volatility risk for s&p index - based products . 
 anomalous scaling ; memory ; intraday returns ; intraday strategy .","the the purpose of human teeth of a recent will in this research of the the aim of this prospective knowledge to to to to to to to to to to to to to to to to to to to to new . the species . to compare the experimental experimental . the the method ) . we discuss its target and to compare the most most research of the quality of the use of the research can be used as the information ) , and , and methods . results show by time , and their their use of this issue in these research analysis with the understanding of research - old evidence of the , and a variety of this and the the data and a novel novel system ( prna for molecular strategies of the analysis and a protein , a number of three three research to . we found in the molecular molecular molecular - . we will not not not in the number on the , a new understanding of the species : the , which include well as three research of an important of new survey and 1 , these , and , and , is to provide in the time , using a modified of .",0.1875,0.23684210526315788,0.2093023206489996,0.03731343283582089,0.03333333333333333,0.03521126262150438,0.1875,0.23684210526315788,0.2093023206489996
"in this work we describe the latest results for the measurements of the hyperfine structure of antiprotonic @xmath0he . 
 two out of four measurable super - super - hyperfine sshf transition lines of the @xmath1 state of antiprotonic @xmath0he were observed . 
 the measured frequencies of the individual transitions are @xmath2  ghz and @xmath3  ghz , with an increased precision of about 43% and 25% respectively compared to our first measurements with antiprotonic @xmath0he [ s. friedreich _ 
 et al . _ , 
 phys . 
 lett . 
 b 700 ( 2011 ) 16 ] . they are less than 0.5  mhz higher with respect to the most recent theoretical values , still within their estimated errors . 
 although the experimental uncertainty for the difference of @xmath4  ghz between these frequencies is large as compared to that of theory , its measured value also agrees with theoretical calculations . 
 the rates for collisions between antiprotonic helium and helium atoms have been assessed through comparison with simulations , resulting in an elastic collision rate of @xmath5  mhz and an inelastic collision rate of @xmath6  mhz .    version","several several novel neurocarditis ) : the development of a recent studies on the natural natural natural therapeutic strategies to help in the key studies . we identified . of this web web to identify it is rare and this study demonstrated the biotopic which of a . we present in a number of the . the aim of human human - generation in this system in in their to the importance of their present three and methods methods , and the effects were used as a recent recent recent evidence for the experimental effects for it also used , the present , have have that in the human human protein . at the current is to be be achieved and of of .results s . results , whereas of the highest the results , both in the effects and the other studies showed no significant differences with severe or treatment of micro - sectional experimental analysis in ana . one of a new care of of the data was the results suggest that in the number of the experimental of a number of , the need to be the application of our paper , , or h. the two in the field model with various various information and the analysis . .",0.21367521367521367,0.26595744680851063,0.23696681970396002,0.030120481927710843,0.02824858757062147,0.029154513955580587,0.17094017094017094,0.2127659574468085,0.18957345477505008
"this paper studies secrecy transmission with the aid of a group of wireless energy harvesting ( weh)-enabled amplify - and - forward ( af ) relays performing cooperative jamming ( cj ) and relaying . 
 the source node in the network does _ simultaneous wireless information and power transfer ( swipt ) _ with each relay employing a power splitting ( ps ) receiver in the first phase ; each relay further divides its harvested power for forwarding the received signal and generating artificial noise ( an ) for jamming the eavesdroppers in the second transmission phase . in the centralized case with global channel state information ( csi ) , we provide closed - form expressions for the optimal and/or suboptimal af - relay beamforming vectors to maximize the achievable secrecy rate subject to individual power constraints of the relays , using the technique of semidefinite relaxation ( sdr ) , which is proved to be tight . a fully _ distributed _ algorithm utilizing only local csi at each relay is also proposed as a performance benchmark . 
 simulation results validate the effectiveness of the proposed multi - af relaying with cj over other suboptimal designs .    artificial noise , cooperative jamming , amplify - and - forward relaying , secrecy communication , semidefinite relaxation , wireless energy harvesting 
 .    [ section ] [ section ] [ section ] [ section ] [ proposition ] [ section ] [ section ] [ section ]","objective  . to also not usually the data of ms the field of the study is a variety of the effect of the results , a number of the research was to achieve by molecular for a cross - field and and a possible data and and anas were determined that new - old male . the potential in the most research as a role of the results , and and which is an increased on the expression of a variety of a - . on a result on the , and a novel results , such as a community of the genome of new new species of a key key to the first time ( 10. a case of this process . this knowledge , while the potential potential potential to identify the quality of . moreover , is a role for the number of the need for the structure , where where a small , it is an increase with . the two types of the time . the gene of a total using three - based to be considered into the ) , :we article provides a a source of the protein . three - mrna of the most on the structure of protein . here . this this system and their information in the effect of .",0.2066115702479339,0.2717391304347826,0.23474177913024324,0.04878048780487805,0.05813953488372093,0.05305039291629481,0.18181818181818182,0.2391304347826087,0.2065727650457362
"in energy harvesting ( eh ) network , the energy storage devices ( i.e. , batteries ) are usually not perfect . in this paper , we consider a practical battery model with finite battery capacity , energy ( dis-)charging loss , and energy dissipation . 
 taking into account such battery imperfections , we rely on the lyapunov optimization technique to develop a stochastic online control scheme that aims to maximize the utility of data rates for eh multi - hop wireless networks . 
 it is established that the proposed algorithm can provide a feasible and efficient data admission , power allocation , routing and scheduling solution , without requiring any statistical knowledge of the stochastic channel , data - traffic , and eh processes . 
 numerical results demonstrate the merit of the proposed scheme . 
 stochastic optimization , energy harvesting , battery imperfections , wireless networks .","most known to their their their their their their purpose . recent recent tool tool of its experimental ) to have likely to the current practice . in the ; 25.2% of the first effect on the first , the quality are are a community - dimensional . to be used as , a total of . moreover ) and use of the field , where human a simple of the need to be also described , it would be used to be available available in the , the development of the number number of this paper has well into a new models were made for the data is one database have been assessed by a novel database by a single - based based based angiization and two medicine . we present , a single - based data from this data from the presence of time hiv - sectional strategies in other problems are proposed .",0.2247191011235955,0.24096385542168675,0.2325581345409682,0.03007518796992481,0.03076923076923077,0.030418245951221744,0.16853932584269662,0.18072289156626506,0.1744185996572473
"a toy model for magnetic extraction of energy from black hole ( bh ) accretion disk is discussed by considering the restriction of the screw instability to the magnetic field configuration . 
 three mechanisms of extracting energy magnetically are involved . 
 ( [ eq1 ] ) the blandford - znajek ( bz ) process is related to the open magnetic field lines connecting the bh with the astrophysical load ; ( [ eq2 ] ) the magnetic coupling ( mc ) process is related to the closed magnetic field lines connecting the bh with its surrounding disk ; and ( [ eq3 ] ) a new scenario ( henceforth the dl process ) for extracting rotational energy from the disk is related to the open field lines connecting the disk with the astrophysical load . 
 the expressions for the electromagnetic powers and torques are derived by using the equivalent circuits corresponding to the above energy mechanisms . 
 it turns out that the dl power is comparable with the bz and mc powers as the bh spin approaches unity . 
 the radiation from a quasi - steady thin disk is discussed in detail by applying the conservation laws of mass , energy and angular momentum to the regions corresponding to the mc and dl processes . 
 in addition , the poloidal currents and the current densities in bh magnetosphere are calculated by using the equivalent circuits . 
 black holes , physics of black holes , infall , accretion , and accretion disks , relativity and gravitation 97.60.lf , 04.70.-s , 98.62.mw , 95.30.sf","abstract abstractthe objectives of this this paper is is is of the effects in this article such to to to to to to to to to to to to to to to a role in the protein can can describes the to to examine the the the present such and to to to to to to to to to to how how with a high - - potential of the role at a molecular time of the effects of the number of the the role of two of an . , a number . for . the use is important that can found to to provide . the field of the use of the of the in its evidence are available to describe the method of the of of the number of the role of both using this study suggest that that the number in this is also , and use of the time that the quality of the gene of the molecular molecular research in the protein as as various information .",0.13934426229508196,0.2982456140350877,0.1899441297375239,0.018604651162790697,0.035398230088495575,0.024390239385969008,0.10655737704918032,0.22807017543859648,0.14525139230735631
"we present analysis of c7.0 solar flare of febrary 17 , 2013 , revealing a strong helioseismic response ( sunquake ) caused by a very compact impact in the photosphere . 
 this is the weakest known c - class flare generating a sunquake event . to investigate possible mechanisms of this event , and to understand the role of 
 accelerated charged particles and photospheric electric currents , we use data from three space observatories : ramaty high energy solar spectroscopic imager ( rhessi ) , solar dynamics observatory ( sdo ) and geostationary operational environmental satellite ( goes ) . 
 we find that the photospheric flare impact does not spatially correspond to the strongest hxr emission source , but both of these events are parts of the same energy release . 
 our analysis reveals a close association of the flare energy release with a rapid increase of the electric currents , and suggests that the sunquake initiation is unlikely to be explained by the impact of high - energy electrons but may be associated with a rapid current dissipation or a localized impulsive lorentz force .","the important for the role of the human in the human is common and may may known by a a protein protein that the potential to to to analyze the main . we present the use that of of the qualitys of the protein protein and a major use of this database are needed with their . it show a new new new research . to affect the aim of this is to have have been been known to provide the genome of an important data that the role of both from these data on the . the first , are increasingly of an role role of the most evidence that could be related related to help on the presence of the time into this paper are necessary to be be known . the time , with multiple understanding of the . this will be to be used to a total , it would have been described in this study was to be considered to the use in the gene rate .",0.21621621621621623,0.3287671232876712,0.2608695604306475,0.06395348837209303,0.07746478873239436,0.07006368931315705,0.1981981981981982,0.3013698630136986,0.23913042999586495
"standard analytical chemical evolution modelling of galaxies has been assuming the stellar initial mass function ( imf ) to be invariant and fully sampled allowing fractions of massive stars to contribute even in dwarf galaxies with very low star formation rates ( sfrs ) . 
 recent observations show the integrated galactic initial mass function ( igimf ) of stars , i.e. the galaxy - wide imf , to become systematically top - heavy with increasing sfr . 
 this has been predicted by the igimf theory , which is here used to develop the analytical theory of the chemical evolution of galaxies . 
 this theory is non - linear and requires the iterative solution of implicit integral equations due to the dependence of the igimf on the metallicity and on the sfr . 
 it is shown that the mass  metallicity relation of galaxies emerges naturally , although at low masses the theoretical predictions overestimate the observations by 0.30.4 dex . 
 a good agreement with the observation can be obtained only if gas flows are taken into account . in particular , we are able to reproduce the mass  metallicity relation observed by lee et al . 
 ( 2006 ) with modest amounts of infall and with an outflow rate which decreases as a function of the galactic mass . 
 the outflow rates required to fit the data are considerably smaller than required in models with invariant imfs .    stars : abundances  stars : luminosity function , mass function 
 supernovae : general  galaxies : evolution  galaxies : dwarf  galaxies : star clusters : general","context . these data are increasingly increasingly difficult to evaluate their biological biological system for which are also found in this work . this research is an alternative to an important by a to to be considered as the recent , but some of medical medical data of the research is available . the present . moreover , is known for it it has been recommended by both . the molecular molecular of , were significantly greater areas , including the database . in the human , and research may be used as the . the presence of the a key pathways as well as a unique . the role of many problems in the importance for the results .",0.1510791366906475,0.3230769230769231,0.2058823485990966,0.02127659574468085,0.04716981132075472,0.029325508912032686,0.1366906474820144,0.2923076923076923,0.18627450546184174
"the dynamics of the recombination in ultrastrong atomic fields is studied for one - dimensional models by numerical simulations . 
 a nonmonotonic behavior of the bound state final population as a function of the laser field amplitude is examined . 
 an important role of a slow drift of an electron wave packet is observed .","the new research and the new structure and in a recent research and and the effects on the effect of in addition to a new analysis indicated the most available in the most effective with the . for both a , . these research in the number of the role of the molecular molecular and the genome of the biological , which is in a single - - up as the . a total of the use of the . this study present the most key analysis of . the genome of the use have been associated with the research for a comprehensive in the quality of the , it are thought to a result is still known to the . . we performed and an important in three - like .",0.275,0.1864406779661017,0.2222222174063872,0.061224489795918366,0.02912621359223301,0.03947367984158636,0.25,0.1694915254237288,0.202020197204367
"the main goal of the alice experiment is to study the properties of the hot and dense medium created in ultra - relativistic heavy - ion collisions . 
 the measurement of the particles is an important tool to understand particle production mechanisms and the dynamics of the quark - gluon plasma ( qgp ) . 
 we report on the production of k@xmath0 , , and in proton - lead ( ) collisions at @xmath1 = 5.02 tev and lead - lead ( ) collisions at @xmath1 = 2.76 tev measured by alice at the lhc 
 . the comparison of the hyperon - to - pion ratios in the two colliding systems may provide insight into strangeness production mechanisms , while the comparison of the nuclear modification factors helps to determine the contribution of initial state effects and the suppression from strange quark energy loss in nuclear matter .","introduction : the effect of the genome of the experimental method ) which provides the most research for recent data is characterized using a unique of the key to be used , akt and this article of the the function of the , which is considered to present adipoid conditions . several data and the development of the two and its molecular . the data ( p=0.02 a new and the current database was not affect the genome , can provide provide in the three three - related to contribute to find a major method .conclusionthe ) is discussed . after after our , the first of , in this paper paper have been observed of their number of the presence of - binding and a key field of the role on the potential to the method and , but the expression , they are considered as an to analyze the current practice and . however , but are often often as more more frequently for the present there was evaluated by various effect is is known to the data for the species of the molecular and 3 . the molecular , and its , and e.",0.19047619047619047,0.16842105263157894,0.1787709447395526,0.046511627906976744,0.034482758620689655,0.039603955506323514,0.15476190476190477,0.1368421052631579,0.14525139166692694
"we study the joint spectral properties of photon pairs generated by spontaneous parametric down - conversion in a one - dimensional nonlinear photonic crystal in a collinear , degenerate , type - ii geometry . 
 we show that the photonic crystal properties may be exploited to compensate for material dispersion and obtain photon pairs that are nearly factorable , in principle , for arbitrary materials and spectral regions , limited by the ability to fabricate the nonlinear crystal with the required periodic variation in the refractive indices for the ordinary and extraordinary waves .","one of , such as a potential of the most commonly , the current study is used on our studies as the use of the species are not used as well . it remains a new model in terms of this review of this review that in the most to their study to a review for oral oral oral in contrast , we will only only group , an alternative to to be performed for the potential models ts and genetic for the same , and , and new new new care of the genome of a and based based based studies have been able to have a cross - up to a wide , but based on a genome factors . for the control for a major practice , and . in the data from the same study . for several data is able to establish many quality of the treatment of the genome - like the species . the potential to the role in vivo in the clinical research in the effect of the species of the development of the experimental group of the data could could be to the structure . the potential. we present as a web - based on the need for this article . the current analysis , and non - induced using a large - induced by by the ability on three .",0.2833333333333333,0.1827956989247312,0.22222221745482518,0.045454545454545456,0.021621621621621623,0.029304024935260752,0.23333333333333334,0.15053763440860216,0.18300653118031537
"we propose a general numerical approach that can be used to study the invasion fitness of a mutant in evolutionary models and to determine evolutionary singular strategies when the competitive exclusion principle holds . 
 we illustrate this method with a mass - structured individual - based chemostat model . 
 we assume that the mutations are rare and that the resident population is large , in which case the mutant population can be viewed , on a short time scale , as evolving in a constant environment . 
 both deterministic and stochastic models can be proposed to describe such a problem . 
 we exploit a previously derived mathematical relationship between these models to derive a general method for analyzing the invasion fitness of stochastic models . 
 our method is based on a deterministic reduced model for which it is straightforward to determine the feasibility of invasion and the convergence - stable evolutionary singular strategy . 
 [ [ keywords ] ] keywords : + + + + + + + + +    adaptive dynamics , invasion fitness , chemostat , evolutionary singular strategy , growth - fragmentation model , individual - based model , survival probability , eigenvalue . 
 [ [ mathematics - subject - classification - msc2010 ] ] mathematics subject classification ( msc2010 ) : + + + + + + + + + + + + + + + + + + + + + + + + + + + + + + + + + + + + + + + + + + + + +    92d15 , 92d25 , 35q92 , 45c05 .","background .objectivein it , which is a major to the mechanisms. the , including the use of the first population and studies in the aim of the new new tool in the development of these results of the relationship between the understanding of the first of the aim of the development between these health was to compare this review were performed by a case .research to evaluate the first . to be achieved the role of the data was used to develop a very importants are known to evaluate the aim of the mechanism in the mechanisms of the need to find to compare the control of a .: anatomic factors of this review of the ; the results gastrointestinal methods , which. the current and high and four and one - assisted and the study , on these studies , an increase in the research between a . the species and the use is to the results of these results . three , as a specific by an independent . the role in order to be used used to identify an an an increase the relationship in addition , a new treatment .conclusion:the study is to other studies on that that has been used in in the first , this analysis was made a case suggests that the two - way more commonly commonly as well as as a result of the development of their research of the data regarding regarding the data and methods . methods , and the current study , which is to increase in the genome in the development of the time. results , we have been identified when when , the effects of the data were prepared by the data , a higher rate of the . the clinical and 1 of the presence of the ) . further methods . a model for a model in addition . after a a need , the impact of , and the two two use of the effect effect . the presence of the importance of electrocardiogram and in a higher in both .",0.29906542056074764,0.27350427350427353,0.2857142807242507,0.05851063829787234,0.043137254901960784,0.04966139466290322,0.2616822429906542,0.23931623931623933,0.249999995009965
"in this paper the benefits provided by multi - cell processing of signals transmitted by mobile terminals which are received via dedicated relay terminals ( rts ) are assessed . 
 unlike previous works , each rt is assumed here to be capable of full - duplex operation and receives the transmission of adjacent relay terminals . 
 focusing on intra - cell tdma and non - fading channels , a simplified uplink cellular model introduced by wyner is considered . 
 this framework facilitates analytical derivation of the per - cell sum - rate of multi - cell and conventional single - cell receivers . 
 in particular , the analysis is based on the observation that the signal received at the base stations can be interpreted as the outcome of a two - dimensional linear time invariant system . 
 numerical results are provided as well in order to provide further insight into the performance benefits of multi - cell processing with relaying .","abstractwe investigated a single of the development of their effect of the molecular process in in the objective of the protein of in t- ; the world and methods are the tttosis was the chemical chemical of the human human - species .results: , there is a a single - induced which and results have been reported in the ) in in the role .",0.13,0.34210526315789475,0.1884057931106911,0.013888888888888888,0.03571428571428571,0.01999999596800081,0.13,0.34210526315789475,0.1884057931106911
"until the mystery of confinement is understood from the first principles , so called _ soft physics _ remains an important area of research , providing valuable information on underlying dynamics of strong interactions at long distances . in this review an attempt is made to summarize recent experimental results on multiparticle production in   and on diffraction at hera . 
 # 1#2#3#4#1*#2 * ( # 4 ) # 3 0_phys . 
 rev . _ 2df_2^d(3 )    x 
 lpnhe/9610 + november 1996 +    * soft interactions + and diffraction phenomena * +   +     +   + plenary talk + -2pt given at the 28@xmath0 international conference on high energy physics , + warsaw , 25 - 31 july , 1996","background . the context of the purpose of the purpose and the aim of research of other data in the study was to explore the new health model of the use in the potential in two two students were examined to evaluate a . we also investigated the expression including the method ) to the information to to to clarify the research and methods to to evaluate from the relationship with a result of the study was to evaluate any . objective with . the presence of the species . however .resultsthe expression and one number of of the , we found the results , a key tools is to the .objectives: the species .resultsresults:twenty - . [ [ [ conclusion , and their understanding . the the quality of the control ) , and , and the . results results that the , , and . a role of , the results of the effects of the efficacy was to the potential to the effect of . all the influence of a unique to their influence of both a high . therefore , were screened into the control groups . the . the development of the two of the results of the experimental , and the development of the genome of the test. the effect in the development of research is to investigate the development of the potential .results: a number of the control . patients were measured as well as a unique to the most . our objective in four subjects , and in the same quality factor in the different health , including one review is a a large , such as an ) of , - sectional study suggest that more in a nonmenopausal study was designed designed , were measured using the groups was carried out hiv - induced by in the relationship between the new system of the present present subjects . the groups . the number of the present study in other and control in the results of the role of medical students were observed that in the level and 3rd , as well as a high and their effects ; which are identified at .results: this model of the prevalence to examine the need in a potential , , with ) is to to reduce the data using a variety of the three . the species to prevent the samples ( p . the , in the data .results:we used to its community was to examine the present study sd of p=0.",0.2597402597402597,0.14492753623188406,0.1860465070303949,0.018018018018018018,0.006779661016949152,0.009852212775730205,0.23376623376623376,0.13043478260869565,0.16744185586760424
"we report on an on - going analysis of high - resolution uv spectra of hot hydrogen - rich central stars of planetary nebulae ( cspn ) , obtained with the hubble space telescope and fuse . 
 since uv spectra of many cspn are dominated by fe and ni lines , we intend to use them as temperature indicators to check the cspn temperature scale we have derived earlier from cno ionization balances . 
 furthermore , the observed line strengths of heavy metals show large variations between different objects suggesting a possible spread in abundances 
 . we will determine abundances of iron group elements by quantitative spectral analyses with non - lte model atmospheres .","abstract abstract abstract: the presence of a high - , the effect of the major major data , and the effect of this study was performed using both human , which is involved in a variety of the most of anova of the importance the , as 32 infection were were significantly increase , as p = 0.322 ) , which will be used to improve the major to improve the role in ) and the use for various , and control of two two . in this is that be well as an an effective of the same ) , in the treatment , and .",0.16470588235294117,0.25,0.19858155549519654,0.027777777777777776,0.03296703296703297,0.030150748805334016,0.1411764705882353,0.21428571428571427,0.17021276116895542
"this paper proposes a robust control method based on sliding mode design for two - level quantum systems with bounded uncertainties . 
 an eigenstate of the two - level quantum system is identified as a sliding mode . 
 the objective is to design a control law to steer the system s state into the sliding mode domain and then maintain it in that domain when bounded uncertainties exist in the system hamiltonian . 
 we propose a controller design method using the lyapunov methodology and periodic projective measurements . 
 in particular , we give conditions for designing such a control law , which can guarantee the desired robustness in the presence of the uncertainties . 
 the sliding mode control method has potential applications to quantum information processing with uncertainties .    quantum control , 
 sliding mode control , bounded uncertainty , periodic projective measurement , lyapunov methodology .","here this work into the aim of the community this article , angiopath - dimensional by the , the genetic tool , they are discussed , particularly in the ; a major and methods . the number using a simple . the species for the same can can play a case of the data of the bioemboological of . thus ) and and and the understanding are necessary for several quality of in the use of the database based , the , by the present the same of a need in this . the , while results results of the quality of the results have associated with an an important to to facilitate different different - related areas of three three of the database in the quality of the field of this field is a case of new species to the field of the most research . the new and its application of potential for health and the research for the influence of these data were observed in the effects of of the first and , . two groups and more recent recent article . in some to the experimental - field of the role in a significant difference of these changes in the results of their their data have made . the other use is a number of the use , in their students , the effect is to the results of the results and . in it is to be recommended , the two based on the present in molecular . results in the first - based on the other a a case . these , erer in addition .",0.28378378378378377,0.21428571428571427,0.24418604160897792,0.05042016806722689,0.02912621359223301,0.03692307228137337,0.21621621621621623,0.16326530612244897,0.18604650672525702
"we have carried out extensive equilibrium molecular dynamics ( md ) simulations to study the structure and the interfacial properties in the liquid - vapor ( lv ) phase coexistence of partially miscible binary lennard - jones ( lj ) mixtures . by analyzing the structural properties as a function of the miscibility parameter , @xmath0 
 , we found that at relatively low temperatures the system separates forming a liquid a - liquid b interface in coexistence with the vapor phase . at higher temperatures and , @xmath1 
 , we found a temperature range , @xmath2 , where the liquid phases are wet by the vapor phase . here 
 , @xmath3 represents the wetting transition temperature ( wtt ) and @xmath4 is the consolute temperature of the mixture . 
 however , for @xmath5 , no wetting phenomenon occurs . for the particular value , @xmath6 , we analyzed quantitatively the @xmath7 versus @xmath8 , and @xmath9 versus @xmath10 phase diagrams and found , @xmath11 , and @xmath12 . 
 we also studied quantitatively , as a function of temperature , the surface tension and the adsorption of molecules at the liquid - liquid interface . 
 it was found that the adsorption shows a jump from a finite negative value up to minus infinity , when the vapor wets the liquid phases , suggesting that the wetting transition ( wt ) is of first order . 
 the calculated phase diagram together with the wetting phenomenon strongly suggest the existence of a tricritical point . 
 these results agree well with some experiments carried out in fluid binary mixtures .","the development of the development of the most commonly commonly commonly commonly commonly occurs on the study was to evaluate the understanding . the control ) ) of a role of the two model on their data are highly to their information on on both - - sectional study was to compare the current of the first on the number of time from the current field ( . in the effect , ct by by a key to to evaluate the study was investigated in the students. these species is to to the results shows that the most most. at the use has been concluded that a protein protein between between the two - - state of various and its potential to the effect of each each of the method such as that have reported and which is very accurate - related to reduce the new in the use used to use , . the ability ; the . the molecular molecular and the quality of , including a genome and to the impact of use of several students were examined and molecular molecular molecular research . to help to its methods and the ] and the . a and also , the use are discussed with various use and the structure in a wide wide and and the same . we report a new new new samples , and 3d in the results are increasingly understanding the effects of of a variety of its effects of one number of these issues of the most studies have been involved the time of the bio bio bio bio biophysiological mechanisms that a a and its ability , and methods , including the control . the model of their data , but used to identify they are used to the most to the role rate , as a better as the current models ( . a number of the use of a genome of this research research are shown shown to the samples .",0.22900763358778625,0.2608695652173913,0.2439024340455418,0.04824561403508772,0.04330708661417323,0.04564314854152015,0.15267175572519084,0.17391304347826086,0.16260162103741171
"the stability , electronic and optical properties of single - walled carbon nanotubes ( cnts ) and graphene noncovalently functionalized with free - base tetraphenylporphyrin ( tpp ) molecules is addressed by density functional theory calculations , including corrections to dispersive interactions . 
 we study the tpp physisorption on 42 cnt species , particularly those with chiral indices ( @xmath0,@xmath1 ) , where @xmath2 and @xmath3 . 
 our results show a quite strong @xmath4-@xmath4 interaction between tpp and the cnt surface , with binding energies ranging from 1.1 to 1.8  ev , where higher energies can be associated with increasing cnt diameters . 
 we also find that the tpp optical absorptions would not be affected by the cnt diameter or chirality . 
 results for the tpp physisorption on graphene show a remarkable stability with binding energy of 3.2  ev , inducing a small redshift on the @xmath4-stacked tpp absorption bands . 
 the strong graphene - tpp interaction also induces a charge transfer from tpp to graphene , indicating a @xmath0-type doping mechanism without compromising the graphene structure .","this study aims to to to to to investigate the effects of genetic genetic information for the potential . [ methods rt . with this study was detected a significant between this study . this report for many and methods , with a low - . we have demonstrated that this system , a specific , and the ability in the the , as a new resistance in the a , we have been reported that have have not provide that on the the , can be considered as a significant difference between this method was associated with well as , which were assigned into other eryth and .results: the three and . the . a significant differences in different of a statistically significant difference between its method in comorbidities . at 1 , whereas the highest - operative . these in protein , as human genome of comorbidities tt and , the development ) . the , they have known through the same quality , it is used in the current current models of the effect of a genome - mediated that the importance of each for the level of the other methods . , and an increase to the results of that is similar to other effects of the quality of this study aimed to an to the three and the effect of a ) at 1 . results , but have required to the effect of a new new new function , we show show the field of the expression of g gtnf with the , and protein , is a tt - - l3 from the a high - old female .",0.22641509433962265,0.2222222222222222,0.22429906042099756,0.04242424242424243,0.03255813953488372,0.03684210034972364,0.20754716981132076,0.2037037037037037,0.20560747163595086
"we propose a scheme to characterize the non - markovian dynamics and quantify the non - markovianity via the non - classicality measured by the negativity of quantumness . by considering a qubit in contact with a critical ising spin bath and introducing an ancilla 
 , we show that revivals of negativity of quantumness indicate the non - markovian dynamics . 
 furthermore , a normalized measure of non - markovianity based on the negativity of quantumness is introduced and the influences of bath criticality , bath temperature and bath size on the non - markovianity are discussed . 
 it is shown that , at the critical point , the decay of non - markovianity versus the size of spin bath is fastest and the non - markovianity is exactly zero only in the thermodynamic limit . besides , non - trivial behaviours of negativity of quantumness such as sudden change , double sudden changes and keeping constant are found for different relations between parameters of the initial state . finally , how the non - classicality of the system is affected by a series of bang - bang pulses is also examined .","we we describes describes key role in the most research research , the most impact is a variety ( 3 , the present here from the biological quality of the effect of of of this article and and and use and and may also on how the development .. the role in the relationship of the new new care , we report the bio bio bio - to be used to the importance of information from a key effects of the field is required to the understanding of this this report . in the experimental test were obtained , and social . the present the most research , such as well into least least if the first review and have been used in this study is is an important in the need to be used in each survey on the potential potential - resistant and and and their genome , .",0.17582417582417584,0.22535211267605634,0.1975308592737389,0.046357615894039736,0.056910569105691054,0.05109488556316315,0.15384615384615385,0.19718309859154928,0.17283950124904757
"a detailed and systematic density - functional theory ( dft ) study of a series of early transition - metal carbides ( tmc s ) in the nacl structure is presented . 
 the focus is on the trends in the electronic structure and nature of bonding , which are essential for the understanding of the reactivity of tmc s . 
 the employed approach is based on a thorough complementary analysis of the electron density differences , the density of states ( dos ) , the band structure , and the real - space wave functions to gain insight into the bonding of this class of materials and get a more detailed picture of it than previously achieved , as the trend study allows for a systematic identification of the bond character along the different bands . 
 our approach confirms the presence of both the well - known tm 
 c and tm  tm bonds and , more importantly , it shows the existence and significance of direct c 
 c bonds in all investigated tmc s , which are frequently neglected but have been recently identified in some cases [ solid state commun . * 
 121 * , 411 ( 2002 ) ; phys . 
 rev . 
 b * 75 * , 235438 ( 2007 ) ] . new information on the spatial extent of the bonds , 
 their _ k_-space location within the band structure , and their importance for the bulk cohesion is provided . 
 trends in covalency and ionicity are presented . 
 the resulting electron - structural trends are analyzed and discussed within a two - level model .","aims and to assess the . we used that the same and , a variety of the purpose of the aim of its effect in a cross - like and methods and the risk of various ) ct at at a significant correlations were collected by the presence of the role in the most new to determine the purpose of , and the control was to the prevalence and an low - based on the effect in order to a . results of the first - based on . three three - up or the relationship between the effect of , , were recruited. all ( r = 0.00 0.001 , ) ct method of the data are available for the expression .results: the role of human bt - operative effects was a low - related to improve the effect of the the most commonly in the present the presence of this article have observed in both group in the need to the potential potential of the study is to to the effect of , by co - based on this is alzheimer in the results in the species and the expression of . results in the , and to . this study was significantly significantly significantly lower with the use in the t5 rs for clinical features of . the quality of the association between the , the highest in this analysis . in , the ; in the results were applied that have been used to the level of the control group and . the end of the , and at the association between . all c . there were applied by this technique for each value of ms were analyzed by the role of the ) . in the . each reduction that ) , the most t-gg and the quality of each bp , and the development of c cs with that are found using the same , or control group based on mrsa with more effective to determine the .resultsduring the mri , apo - term term t-2 and e2 ( cd = pneunn - induced the control . . the . the . this article we also identified by other samples of the most t in the different and its differences were subjected to the ability t2 . the present study ) in the highest of an an an critical studies have been investigated on t1 tgf1 . the , and ) , this study aimed to the target , with",0.2357142857142857,0.2214765100671141,0.22837369742699454,0.06639004149377593,0.05194805194805195,0.05828779106718334,0.17142857142857143,0.1610738255033557,0.1660899604027731
"large - scale planetary or stellar magnetic fields generated by a dynamo effect are mostly attributed to flows forced by buoyancy forces in electrically conducting fluid layers . 
 however , these large - scale fields may also be controlled by tides , as previously suggested for the star @xmath0-boo , mars or the early moon . by simulating a small local patch of a rotating fluid 
 , @xcite have recently shown that tides can drive small - scale dynamos by exciting a hydrodynamic instability , the so - called elliptical ( or tidal ) instability . by performing global magnetohydrodynamic simulations of a rotating spherical fluid body , we investigate if this instability can also drive the observed large - scale magnetic fields . 
 we are thus interested by the dynamo threshold and the generated magnetic field in order to test if such a mechanism is relevant for planets and stars . rather than solving the problem in a geometry deformed by tides , we consider a spherical fluid body and add a body force to mimic the tidal deformation in the bulk of the fluid . 
 this allows us to use an efficient spectral code to solve the magnetohydrodynamic problem . 
 we first compare the hydrodynamic results with theoretical asymptotic results , and numerical results obtained in a truely deformed ellipsoid , which confirms the presence of the elliptical instability . 
 we then perform magnetohydrodynamic simulations , and investigate the dynamo capability of the flow . 
 kinematic and self - consistent dynamos are finally simulated , showing that the elliptical instability is capable of generating dipole dominated large - scale magnetic field in global simulations of a fluid rotating sphere .","a common , have difficult by all on the aim of the the major and their their their current current ) in the complex complex , is to identify , and the role in this retrospective process , . this paper we present the influence is to detect the information and other data have have proposed that the most studies or several use that , the present case on the current data of an increased from the understanding of this this cross - up to the quality . the research was to have an important factor . the two education . the two . methods . moreover : group of the , and one - - sectional sectional findings suggest that this article ) is based for the presence of the , while the knowledge of a single single - sectional sectional study were examined by a total of the species that can can be associated with a . results , thus of these , with its biological data from the two test in children in the results of the influence of the use of the understanding in the the species . the students from the understanding of the . the same process the . there was used for the control as , the future students in the data data can be proposed as the role of the use of a based based based based based test for the : , it is increased the potential database , and .",0.2014388489208633,0.2916666666666667,0.2382978675078317,0.04938271604938271,0.06091370558375635,0.05454544960010376,0.18705035971223022,0.2708333333333333,0.221276590912087
"we propose a concept for production of high power coherent attosecond pulses in x - ray range . 
 an approach is based on generation of 8th harmonic of radiation in a multistage hghg fel ( high gain high harmonic free electron laser ) configuration starting from shot noise . 
 single - spike phenomena occurs when electron bunch is passed through the sequence of four relatively short undulators . 
 the first stage is a conventional `` long '' wavelength ( 0.8 nm ) sase fel which operates in the high - gain linear regime . 
 the 0.1 nm wavelength range is reached by successive multiplication ( 0.8 nm @xmath0 0.4 nm @xmath0 0.2 nm @xmath0 0.1 nm ) in a stage sequence . 
 our study shows that the statistical properties of the high - harmonic radiation from the sase fel , operating in linear regime , can be used for selection of radiation pulses with a single spike in time domain . 
 the duration of the spikes is in attosecond range . 
 selection of single - spike high - harmonic pulses is achieved by using a special trigger in data acquisition system . 
 the potential of x - ray sase fel at tesla at desy for generating attosecond pulses is demonstrated . since the design of xfel laboratory at tesla is based on the use of long sase undulators with tunable gap , no special place nor additional fel undulators are required for attophysics experiments . 
 the use of a 10 gw - level attosecond x - ray pulses at x - ray sase fel facility will enable us to track processes inside atoms . 
 ,    , and","data of . the use of the present it are often often used for different species. a key strategies that this article provides several studies of of the need to evaluate the impact of new data are been identified with the effects . in the use of the effects of the present this article is important factors . we conducted conducted to our knowledge . in each of the importance of the , and , which of the effect . we reviewed the first time of the method has recently , we will be used for one for the most used during the best of the effect of the presence of , the effect on the data from the effects . a potential - to the two - related of them . the highest . the present in the importance , this of the , the main quality of more accurate , and have shown that this of the effect of the present this study suggests that of the species that have have a database and their .",0.2,0.36,0.25714285255102043,0.04291845493562232,0.07518796992481203,0.05464480411642667,0.17037037037037037,0.30666666666666664,0.21904761445578239
"we consider a hubble expansion law modified in the infra - red by distance - dependent terms , and attempt to enforce homogeneity upon it . as a warm - up 
 , we re - derive the basic kinematics of a friedman robertson walker universe without using standard general relativistic tools : we describe the expansion with a ` hubble velocity field ' rather than with a four dimensional metric 
 . then we extend this analysis to the modified hubble expansion and impose a transformation for velocities that makes it identical for all comoving observers , and therefore homogeneous . 
 we derive the modified equation for light ray trajectories and other geometrical properties that are incompatible with the general relativistic description . 
 we speculate that this extended framework could help addressing cosmological problems which are normally explained with accelerating expansions .","this study also also in the research in the molecular system on the molecular factors to to to to to to examine about the role of the importance . we present the effect of the recent study was a model of the role of the first to to investigate the effect of the the data and the quality of the the world studies that the quality of a unique care of the , for the first time of a number of the new information are in the protein that may be that have led to to investigate these data have a protein system after a cross - dependent . however ) or or several and . recent research for an in their methods , which in the potential in the use of , this research of these use of the bio biovits of the effects .",0.16129032258064516,0.23809523809523808,0.19230768749260366,0.023255813953488372,0.02727272727272727,0.025104597542060823,0.16129032258064516,0.23809523809523808,0.19230768749260366
"we present an optical imaging study of 20 southern - sky nova remnants which has resulted in the discovery of four previously unknown nova shells  v842 cen , rr cha , dy pup and hs pup . 
 the study has also revealed previously unobserved features in three other known shells 
 those of bt mon , cp pup and rr pic . 
 the images of bt mon , v842 cen , rr cha , dy pup and hs pup have been processed using several deconvolution algorithms ( richardson - lucy , maximum entropy and clean ) in addition to straightforward point - source subtraction in an attempt to resolve the shells from the central stars . 
 the use of four different methods enables us to make a qualitative judgement of the results . 
 notably , the shell of rr pic displays tails extending outwards from clumps in the main ejecta similar to those previously detected in dq her . 
 novae , cataclysmic variables  circumstellar matter  techniques : image processing",we present a cross - old female ( . ) ) by a research ) . the study . it is ) . the other conditions .,0.08823529411764706,0.5294117647058824,0.15126050175270112,0.013793103448275862,0.1,0.024242422112029573,0.0784313725490196,0.47058823529411764,0.13445377906362546
"population iii stars forming in the infant universe at z=30 heralded the end of the cosmic dark ages . 
 they are presumed to be assembled in so - called minihaloes with virial temperatures of a few thousand k where collapse is triggered by molecular hydrogen cooling . 
 a central question concerns their final masses , and whether fragmentation occurs during their formation . 
 while studies employing lagrangian codes suggest fragmentation via a self - gravitating disk , recent high resolution simulations indicated that disk formation is suppressed . here 
 we report the first high - resolution large - eddy simulations performed with the eulerian grid - based code enzo following the evolution beyond the formation of the first peak , to investigate the accretion of the central massive clump and potential fragmentation . for a total of 3 halos , we see that a disk forms around the first clump . 
 the central clump reaches @xmath0  solar masses after 40 years , while subsequent accretion is expected at a rate of @xmath1 solar masses per year . in one of these halos , additional clumps 
 form as a result of fragmentation which proceeds at larger scales . 
 we note that subgrid - scale turbulence yields relevant contributions to the stability of the protostellar disks . 
 we conclude that the first protostar may reach masses up to @xmath2 , which are only limited by the effect of radiative feedback .","an increased many of the purpose of two conditions echocardiography ( a simple and to examine the study was to assess the first.materials and may show that in the field and methods . two two groups ( 1 year of the , we found in the use that the results , which , as an effective . the effects were applied to their their students between the quality and the molecular models . there was performed to perform the use as a history of the . a large large and the highest from the first time and the present study study study ) , the role of . in the level can be able to to be considered as the analysis was to determine through the the data were used before the . the relationship between their ability , this article is required for the research in the time .results , and test of the study was conducted using the impact of . the effects of two - induced genes , . to assess an higher .results . between their need , the results. there were analyzed the species of the level and on on an an improvement in vitro that of the current current and to a structured , the current ] the students using using using the ) . we review of the effects of other studies are essential models , , which were tested on the data of the .",0.16783216783216784,0.24242424242424243,0.1983471026033059,0.045662100456621,0.05128205128205128,0.04830917376076506,0.15384615384615385,0.2222222222222222,0.18181817698347122
"we use both an hi - selected and an optically - selected galaxy sample to directly measure the abundance of galaxies as a function of their `` baryonic '' mass ( stars + atomic gas ) . 
 stellar masses are calculated based on optical data from the sloan digital sky survey ( sdss ) and atomic gas masses are calculated using atomic hydrogen ( hi ) emission line data from the arecibo legacy fast alfa ( alfalfa ) survey . by using the technique of abundance matching , 
 we combine the measured baryonic function ( bmf ) of galaxies with the dark matter halo mass function in a @xmath0cdm universe , in order to determine the galactic baryon fraction as a function of host halo mass . 
 we find that the baryon fraction of low - mass halos is much smaller than the cosmic value , even when atomic gas is taken into account . 
 we find that the galactic baryon deficit increases monotonically with decreasing halo mass , in contrast with previous studies which suggested an approximately constant baryon fraction at the low - mass end . 
 we argue that the observed baryon fractions of low mass halos can not be explained by reionization heating alone , and that additional feedback mechanisms ( e.g. supernova blowout ) must be invoked . 
 however , the outflow rates needed to reproduce our result are not easily accommodated in the standard picture of galaxy formation in a @xmath0cdm universe .","this article article have have used a useful usefuls are are present their use of this to to to to investigate the context of a a small process and the current current current current research . a high- and the quality between the impact of this is described . in . this case report of the biological and , their effect. to the aim of the use of these results of a recent article describes a , can result in their role of the new interactions . here ] the the second way - based on on the results of their research of their students are .",0.11940298507462686,0.3137254901960784,0.17297296897940112,0.009433962264150943,0.02247191011235955,0.013289032379776364,0.1044776119402985,0.27450980392156865,0.1513513473577795
"analysis of a database of solar coronal mass ejections ( cmes ) and associated flares over the period 1996 - 2007 finds well - behaved power law relationships between the 18    flare x - ray fluence and cme mass and kinetic energy . 
 we extrapolate these relationships to lower and higher flare energies to estimate the mass and energy loss due to cmes from stellar coronae , assuming that the observed x - ray emission of the latter is dominated by flares with a frequency as a function of energy @xmath0 . for solar - like stars at saturated levels of x - ray activity , the implied losses depend fairly weakly on the assumed value of @xmath1 and are very large : @xmath2  yr@xmath3 and @xmath4 . in order to avoid such large energy requirements 
 , either the relationships between cme mass and speed and flare energy must flatten for x - ray fluence @xmath5  erg , or the flare - cme association must drop significantly below 1 for more energetic events . 
 if active coronae are dominated by flares , then the total coronal energy budget is likely to be up to an order of magnitude larger than the canonical @xmath6 x - ray saturation threshold . 
 this raises the question of what is the maximum energy a magnetic dynamo can extract from a star ? for an energy budget of 1%  of @xmath7 , the cme mass loss rate is about @xmath8  yr@xmath3 .","[ [ research of the most common medical. it has has been investigated the data of has caused by a key , and a critical for the number of in two , resulting from the effects of in the data of the need for an overview of the second step . we reviewed on the results . the role of the understanding and social and it describes this article has been been reported with akt , this study , the most. in all the use and use of a a . many many data from the most understood . the most most important to induce an important role of the use of the effect of the first report highlights the , in many . the research showed that this paper suggests that can consider the effect of this this database is known on the two .conclusion: it had been reported s . the best - related , which were conducted the basis for the species . when .",0.145985401459854,0.2597402597402597,0.18691588324351482,0.02252252252252252,0.0364963503649635,0.027855148483640745,0.1386861313868613,0.24675324675324675,0.17757008885099146
"we analyze the transport properties of a semiconductor based bilayer system under non - equilibrium conditions with special emphasis on the charge transfer statistics in the regime dominated by the exciton transport . 
 we consider two different models . in one of them 
 the transport occurs incoherently and is dominated by incoherent tunneling processes of individual excitons , while in the other system no disorder is present and transport processes are fully coherent . 
 we find that the strength of cross correlations of currents in different layers is only insignificantly affected by the disorder and shows up similar behaviour in both systems . 
 we discuss possible experimental realizations and make predictions for measurable quantities .","the present the molecular structure the same , the most common ) on human human human human the present data in the effect of the purpose of the genome , we can consider a novel . however , or therapeutic care . data , and other other analysis can be considered more effective for a variety of the most information of this report the control . this report a variety of the first study . the bio - based to examine the , and a very to the research , or molecular of the two test is to the most important for the . the genome rate rate of some students showed that are are that or the protein and its molecular results suggest that that have been used to to the ability of of the current current new in both changes is to explore a new , and its genome in an high , we describe our new new to the same conditions can provide a variety of this this , but not show that . the current model . on them , a better health . it can also have been reported to provide a better role of the two , where a very key role as , or ) the understanding .",0.2727272727272727,0.22826086956521738,0.24852070509856103,0.02857142857142857,0.01764705882352941,0.02181817709752168,0.19480519480519481,0.16304347826086957,0.1775147879387978
"high - field magnetic white dwarfs have been long suspected to be the result of stellar mergers . however , the nature of the coalescing stars and the precise mechanism that produces the magnetic field are still unknown . here 
 we show that the hot , convective , differentially rotating corona present in the outer layers of the remnant of the merger of two degenerate cores is able to produce magnetic fields of the required strength that do not decay for long timescales . 
 we also show , using an state - of - the - art monte carlo simulator , that the expected number of high - field magnetic white dwarfs produced in this way is consistent with that found in the solar neighborhood .","new new medicine or genetic conditions has a relatively relatively relatively relatively likely in this article is the second of the most frequently discussed . . this paper . we discuss discuss the last . we report are limited evidence of the understanding of this paper that be used as well as well as well as a new , the present the use of the research , this paper such such evidence evidence in the other to occur in the human and the present the new method of it has reported . the impact of the research . the most issue on m ) or high . this paper should be used ) on 3. the results show that such as the main role in the use of the results indicate that the present the genome .",0.19736842105263158,0.2459016393442623,0.2189780972497204,0.06306306306306306,0.0673076923076923,0.06511627407506797,0.18421052631578946,0.22950819672131148,0.20437955710373498
"within the mode - coupling theory ( mct ) for the evolution of structural relaxation in glass - forming liquids , correlation functions and susceptibility spectra are calculated characterizing the rotational dynamics of a top - down symmetric dumbbell molecule , consisting of two fused hard spheres immersed in a hard - sphere system . 
 it is found that for sufficiently large dumbbell elongations , the dynamics of the probe molecule follows the same universal glass - transition scenario as known from the mct results of simple liquids . 
 the @xmath0-relaxation process of the angular - index-@xmath1=1 response is stronger , slower and less stretched than the one for @xmath1=2 , in qualitative agreement with results found by dielectric - loss and depolarized - light - scattering spectroscopy for some supercooled liquids . for sufficiently small elongations , 
 the reorientational relaxation occurs via large - angle flips , and the standard scenario for the glass - transition dynamics is modified for odd-@xmath1 responses due to precursor phenomena of a nearby type - a mct transition . in this case , 
 a major part of the relaxation outside the transient regime is described qualitatively by the @xmath2-relaxation scaling laws , while the @xmath0-relaxation scaling law is strongly disturbed .","a new new research from the most role of a molecular and hast - - - term and may not a . we report that . the research and human human to to to discuss two , with co - , but the use the present to avoid the study was used to clarify other groups . we examined the current information to to the data , whereas the , for an important ( . the use and it show to their experimental for a total , and be important important of the development . however . data , the analysis . during the development of the need to treat the students and also show that have been assessed using an an in both areas can have described as the time , the highest effect t. this system and at the number of different , were prepared by a novel analysis ( p0.001 are are involved in the time of the method ct , this work for e. the three - ray . this information has not demonstrate a specific specific genome and provide this finding with the samples of of these results indicate that the analysis is also described for for the s and the data from the impact of the the same to an anasb .",0.20512820512820512,0.22641509433962265,0.2152466317834665,0.042105263157894736,0.041237113402061855,0.0416666616672098,0.17094017094017094,0.18867924528301888,0.17937219232158313
"the mobility of a charged projectile in a strongly coupled dusty plasma is simulated . 
 a net force @xmath0 , opposed by a combination of collisional scattering and gas friction , causes projectiles to drift at a mobility - limited velocity @xmath1 . the mobility @xmath2 of the projectile s motion is obtained . 
 two regimes depending on @xmath0 are identified . in the high force regime , @xmath3 , and 
 the scattering cross section @xmath4 diminishes as @xmath5 . 
 results for @xmath4 are compared with those for a weakly coupled plasma and for two - body collisions in a yukawa potential . 
 the simulation parameters are based on microgravity plasma experiments .","a a key of the community in an present the the impact of various data in the number of the key key key genome . the present to the relationship between the research . we report the influence ( anova , where the most public health care are common data and the main and as , we we suggest that the research with . to the data on on the human human . in this study . the structure are not be used to prevent the need to determine the number of their use in an effect of a specific research , the potential of this quality of of the bio biotensives , the students , and igg and information for different , an important to our findings , to .",0.19117647058823528,0.20634920634920634,0.19847327745003215,0.04854368932038835,0.043478260869565216,0.0458715546481783,0.16176470588235295,0.1746031746031746,0.16793892630499402
"in this study , we have investigated factors of determination which can affect the connected structure of a stock network . 
 the representative index for topological properties of a stock network is the number of links with other stocks . 
 we used the multi - factor model , extensively acknowledged in financial literature . in the multi - factor model , common factors act as independent variables while returns of individual stocks act as dependent variables . 
 we calculated the coefficient of determination , which represents the measurement value of the degree in which dependent variables are explained by independent variables . 
 therefore , we investigated the relationship between the number of links in the stock network and the coefficient of determination in the multi - factor model . 
 we used individual stocks traded on the market indices of korea , japan , canada , italy and the uk . 
 the results are as follows . 
 we found that the mean coefficient of determination of stocks with a large number of links have higher values than those with a small number of links with other stocks . 
 these results suggest that common factors are significantly deterministic factors to be taken into account when making a stock network . 
 furthermore , stocks with a large number of links to other stocks can be more affected by common factors .","the aim of a . several quality ( , it is to present study aimed to evaluate the presence of the aim of the study on the data and understanding in the students of the use for a standard ( . methods .results: total of the .results: this , the association with a total , a large large data ( p , and .materials and dm . our study , and an anteromh. it was to provide new information and 3. the , in some in a high - controlled controlled controlled . this is to their sample in in both the effect of their changes of these method of other analysis s , and time of that a health education for a new services were selected for these data was conducted by the development ) and in the . the field ( . the field ( 9 , and the results and these data .conclusions , in other methods , and it is to have a more frequently for this issue of , were used for for , which is to other results also used to determine whether on the highest test and using the results , the understanding of . therefore , and the species .",0.2631578947368421,0.29069767441860467,0.27624308893501426,0.07228915662650602,0.06896551724137931,0.07058823029688618,0.24210526315789474,0.26744186046511625,0.25414364142120205
"we explore dynamics of cosmological models with bounce solutions evolving on a spatially flat friedmann  lematre  robertson  walker background . 
 we consider cosmological models that contain the hilbert 
 einstein curvature term , the induced gravity term with a negative coupled constant , and even polynomial potentials of the scalar field . bounce solutions with non - monotonic hubble parameters have been obtained and analyzed . 
 the case when the scalar field has the conformal coupling and the higgs potential with an opposite sign is studied in detail . in this model 
 the evolution of the hubble parameter of the bounce solution essentially depend on the sign of the cosmological constant .","the potential by the bio - proteins the the first - context and and ) is is the research , it in more commonly commonly in the genome in its its impact on the first to to explore the effect of health and molecular , in this paper paper of the research to to induce one of use of the present . this system s . in this paper is needed to analyze , they provide and the new method , it was found that are a community and may be found that which a specific - sectional study . here on the potential to to the use of life and the species of the two sequences . the , is important to the ability of a variety of the use that the present in , the present a single - sectional and many understanding of these data about about that are are are been conducted - .",0.2028985507246377,0.2028985507246377,0.20289854572463784,0.05102040816326531,0.038461538461538464,0.04385964422129942,0.15942028985507245,0.15942028985507245,0.15942028485507262
"a _ box _ in euclidean @xmath0-space is the cartesian product @xmath1 , where @xmath2 is a closed interval on the real line . 
 the _ boxicity _ of a graph @xmath3 , denoted by @xmath4 , is the minimum integer @xmath0 such that @xmath3 can be represented as the intersection graph of a family of boxes in euclidean @xmath0-space . 
 + in this paper , we observe behavior of the boxicity of generalized mycielski graphs .   here 
 we consider whether the boxicity of the generalized mycielski graph @xmath5 is more than that of @xmath3 
 .   actually , the inequality @xmath6 holds for a graph @xmath3 . 
 we give a lower bound for the boxicity of generalized mycielski graphs . 
 we prove that @xmath7 holds for a graph @xmath3 with @xmath8 focal vertices . 
 this indicates that the boxicity of the generalized mycielski graph @xmath5 is more than that of @xmath3 if @xmath3 has a focal vertex . 
 moreover , we also present an upper bound for the boxicity of mycielski graphs .   for a graph @xmath3 with @xmath8 focal vertices , we prove that @xmath9 holds , where @xmath10 is the _ edge clique cover number _ of the complement @xmath11 . 
 these results determine the boxicity of mycielski graphs of some of complete @xmath0-partite graphs . 
 + * keywords * : boxicity ; chromatic number ; cointerval graph ; edge clique cover number ; ( generalized ) mycielski graph","we we provide here it also also present the , the potential for the the the , this paper research to to be also also . this article is is well report as well as well as a recent . in this review of the most research is discussed of of a wide field could be associated with this present the first method that that be hbsrrrhythmt and an key method to enhance the current of the a protein , as a very very rare model about about the species in the number - like . this paper that to the study present the research .",0.19387755102040816,0.37254901960784315,0.25503355254448007,0.041916167664670656,0.07692307692307693,0.05426356132534141,0.1836734693877551,0.35294117647058826,0.24161073375253375
"we study numerically the dynamics of a one - electron wave packet in a two - dimensional random lattice with long - range correlated diagonal disorder in the presence of a uniform electric field . 
 the time - dependent schrdinger equation is used for this purpose . 
 we find that the wave packet displays bloch - like oscillations associated with the appearance of a phase of delocalized states in the strong correlation regime . 
 the amplitude of oscillations directly reflects the bandwidth of the phase and allows to measure it . 
 the oscillations reveal two main frequencies whose values are determined by the structure of the underlying potential in the vicinity of the wave packet maximum .","background , the recent role of the understanding of this condition of the relationship between the mechanisms , and non - ray during the present in the effect of the experimental groups is important to perform the genetic protein . the research , and the first report that it are known to be used to help with different students in this paper can have been been shown that the database of two - dose of the role in this article from the , a major differences in addition of in various studies s: a new new research , by the major research is one - time that could be established , the bioamin the two - dimensional using the understanding of a novel method of the control model on on a possible to its ) , respectively ) , and their their changes by the the molecular strategies . this paper .",0.2638888888888889,0.2375,0.24999999501385048,0.0784313725490196,0.06015037593984962,0.06808510146998678,0.19444444444444445,0.175,0.18421052132964
"the total kinetic energy release in the neutron induced fission of @xmath0u was measured ( using white spectrum neutrons from lansce ) for neutron energies from e@xmath1 = 3.2 to 50 mev . in this 
 energy range the average post - neutron total kinetic energy release drops from 167.4 @xmath2 0.7 to 162.1 @xmath2 0.8 mev , exhibiting a local dip near the second chance fission threshold . 
 the values and the slope of the tke vs. e@xmath1 agree with previous measurements but do disagree ( in magnitude ) with systematics . 
 the variances of the tke distributions are larger than expected and apart from structure near the second chance fission threshold , are invariant for the neutron energy range from 11 to 50 mev . 
 we also report the dependence of the total excitation energy in fission , txe , on neutron energy .","abstract: we conclude that is available of the human and and . in the need - state . for health , ) which used for the data showed that the use of in the use , while the number of a . it on the ; , such. in the . our research  , as the same time with that provide that to the other health and an important to its its species of of the data of the development of the aim of the . results , the quality of the present a significant relationship between the effects and they were detected in the role of the understanding a variety of several studies of a major , with a new research at the control of a unique , whereas the target , and , but were performed for a , a questionnaire , with high . in an important for the ) are ) and the other knowledge , an different sequences was used. these results , the data . the species of a novel research with the application of the importance of it was measured using , . in the current , was the target target target .",0.21428571428571427,0.21686746987951808,0.21556885727562852,0.03968253968253968,0.03048780487804878,0.03448275370654053,0.20238095238095238,0.20481927710843373,0.2035928093714369
"we discuss the implications of a model of noncommutative quantum mechanics where noncommutativity is extended to the phase space . 
 we analyze how this model affects the problem of the two - dimensional gravitational quantum well and use the latest experimental results for the energy states of neutrons in the earth s gravitational field to establish an upper bound on the fundamental momentum scale introduced by noncommutativity . 
 we show that the configuration space noncommutativity has , in leading order , no effect on the problem and that in the context of the model , a correction to the presently accepted value of planck s constant to @xmath0 part in @xmath1 arises . 
 we also study the transition between quantum and classical behaviour of particles in a gravitational quantum well and analyze how an increase in the particles mass turns the energy spectrum into a continuous one . 
 we consider these effects and argue that they could be tested by through experiments with atoms and fullerene - type molecules . 
 ps . 
 # 1#2#1 # 1 # 1 # 1| # 1|#1 # 1#2|#2 # 1 # 1#2__#1| # 1#2|#1__#2 # 1#2#3#4__#1","human , is highly essential , and the study . the study on the role of the study was to investigate the other data of the current groups . using using a number ) , . the need need the quality of these data ) are able to the effect of this to identify in order to evaluate the field of the control . therefore . many data ) of the species in the data , the different results of the present of some different for the two - , this article a nonfocal ) , anova based on the . this review of a e. the time ) the different different among a molecular s , and a novel novel quality of  0.003  0.002 is very complex by the understanding , which can be more higher in a gene : p . in the different of three of . in the present study , respectively ) and the species .",0.2018348623853211,0.3013698630136986,0.24175823695387036,0.058823529411764705,0.07462686567164178,0.06578946875432862,0.14678899082568808,0.2191780821917808,0.17582417101980452
"the two innermost layers of the alice inner tracking system are instrumented with silicon pixel detectors . 
 single chip assembly prototypes of the alice pixels have been tested in high energy particle beams at the cern sps . 
 detection efficiency and spatial precision have been studied as a function of the threshold and the track incidence angle . 
 the experimental method , data analysis and main results are presented . 
 d.  elia@xmath0 , g.  anelli@xmath1 , f.  antinori@xmath2 , a.  badal@xmath3 , g.e . 
 bruno@xmath4 , m.  burns@xmath1 , i.a . 
 cali@xmath5 , m.  campbell@xmath1 , m.  caselle@xmath4 , s.  ceresa@xmath1 , p.  chochula@xmath1 , m.  cinausero@xmath6 , j.  conrad@xmath1 , r.  dima@xmath2 , d.  fabris@xmath2 , r.a . 
 fini@xmath4 , e.  fioretto@xmath6 , s.  kapusta@xmath1 , a.  kluge@xmath1 , m.  krivda@xmath7 , v.  lenti@xmath4 , f.  librizzi@xmath3 , m.  lunardon@xmath2 , v.  manzari@xmath4 , m.  morel@xmath1 , s.  moretto@xmath2 , p.  nilsson@xmath1 , f.  osmic@xmath1 , g.s . 
 pappalardo@xmath3 , v.  paticchio@xmath4 , a.  pepato@xmath2 , g.  prete@xmath6 , a.  pulvirenti@xmath3 , p.  riedler@xmath1 , f.  riggi@xmath3 , l.  sndor@xmath7 , r.  santoro@xmath4 , f.  scarlassara@xmath2 , g.  segato@xmath2 , f.  soramel@xmath8 , g.  stefanini@xmath1 , c.  torcato de matos@xmath1 , r.  turrisi@xmath2 , l.  vannucci@xmath6 , g.  viesti@xmath2 , t.  virgili@xmath9    spatial precision , efficieny , silicon pixel detector , alice , lhc 29.40.gx , 29.40.wk","background : the aim of an effective between the effect of the development of this study . the study was to evaluate the data on the effect of the expression of the effects of the method ) , and methods . the expression of the prevalence rates of a better .results: the first - up in a good in in the most common to its ability to measure and at a difference between various data , and a significant relationship between the number of the research research with the current study in both the development and more effective and .conclusion: a and high - operative operative and , especially in the . three variables , in the research in the development , using the , and this study is to investigate the test was to determine the effect during sthe results , and the study was conducted for a total of the the , , the control in health system . [ [ results and compared to adip ( b , respectively , and the results , and three three three ) .",0.10743801652892562,0.17105263157894737,0.13197969069236534,0.010526315789473684,0.0136986301369863,0.011904756990506563,0.10743801652892562,0.17105263157894737,0.13197969069236534
"information hierarchies are organizational structures that often used to organize and present large and complex information as well as provide a mechanism for effective human navigation . 
 fortunately , many statistical and computational models exist that automatically generate hierarchies ; however , the existing approaches do not consider linkages in information _ networks _ that are increasingly common in real - world scenarios . 
 current approaches also tend to present topics as an abstract probably distribution over words , etc rather than as tangible nodes from the original network . 
 furthermore , the statistical techniques present in many previous works are not yet capable of processing data at web - scale . in this paper we present the hierarchical document topic model ( hdtm ) , which uses a distributed vertex - programming process to calculate a nonparametric bayesian generative model . experiments on three medium size data sets and the entire wikipedia dataset show that hdtm can infer accurate hierarchies even over large information networks . 
 [ firstpage ]","in the molecular and to present the most used for it ) ) a new new new , is known and has been identified in each other review is used to the use of all the study . we believe the genome of the quality in these data should be used more than a a molecular studies. the current research and and the ) .",0.1282051282051282,0.38461538461538464,0.19230768855769237,0.024691358024691357,0.06557377049180328,0.035874435487542926,0.11965811965811966,0.358974358974359,0.17948717573717957
"we discuss the relevance of studying ecology within the framework of complexity science from a statistical mechanics approach . 
 ecology is concerned with understanding how systems level properties emerge out of the multitude of interactions amongst large numbers of components , leading to ecosystems that possess the prototypical characteristics of complex systems . 
 we argue that statistical mechanics is at present the best methodology available to obtain a quantitative description of complex systems , and that ecology is in urgent need of `` integrative '' approaches that are quantitative and non - stationary . 
 we describe examples where combining statistical mechanics and ecology has led to improved ecological modelling and , at the same time , broadened the scope of statistical mechanics . 
 * keywords : * complexity , statistical mechanics , emergence , evolution , ecology .","summarythe objectives in various research . two use in the other problem . here , there have used in a small effect of several results of the information such as the understanding that is a recent recent studies can be used to find the current studies of the use for the recent research , in the development development of the new approaches the genome is the role of future for for data , . all about medical models ) in the data the major and information between the recent information information .resultsthe cross - used on a a key data for the results at the the number of the the understanding for the genome of this is thought to evaluate the new tool for its role in the knowledge of of a field are more difficult to the field of of the role in many to determine their impact of the research , its importance of the health will will will find the effects will a result of that the data of life and the species is is a significant trial is to the the database - based to treat a need and understanding the human human ) . our knowledge , and a novel information as this has proposed that and use. the results as limited to identify the number of the , including recent database by the data of use of the first study , we discuss the two for the , which have more more :the present to to discuss the use of two studies in terms of the experimental of the genome and can be related to evaluate anova and in a potential in an important evidence .",0.2375,0.17592592592592593,0.20212765468537813,0.04,0.021551724137931036,0.028011199930953513,0.2,0.14814814814814814,0.17021276106835687
"quantum manifestations of various properties of metallic thin films by quantum size effect ( qse ) have been studied intensively . here , 
 using first - principles calculations , we show quantum manifestation in dielectric properties of al(111 ) ultrathin films . 
 the qse on the dielectric function is revealed , which arises from size dependent contributions from both intraband and interband electronic transitions . 
 more importantly , the in - plane interband transitions in the films thinner than 15 monolayers are found to be smaller than the bulk counterpart in the energy range from 1.5  ev to 2.5  ev . 
 this indicates less energy loss with plasmonic material of al in the form of ultrathin film . 
 our findings may shed light on searching for low - loss plasmonic materials via quantum size effect .        .","in recent recent and are difficult to various studies have been reported of its roles for the molecular and may play a present in the number of the effects and we conducted and methods : the use of the efficacy that a , in anova to the importance of . on the present a control and the data were recruited as the effects of the use the , the species to the new to the species . in a single on the expression to their studies of . the same data are frequently investigated at . results of the time or one of the effects . the effect . after it did not the two samples that is the data was also have not observed of the data is nos es . the , the , the database  0.01 , which have described the expression of the control of . the first time by the present using that the species . a single time during the potential from rs6 - based on on the , is shown to the results , and p , anova of their protein protein .",0.24719101123595505,0.2682926829268293,0.2573099365288466,0.03968253968253968,0.03289473684210526,0.03597121806531822,0.21348314606741572,0.23170731707317074,0.222222217230601
"we report on stellar mgi  emission at 12  from @xmath0 cmi ( procyon ) , a star slightly hotter than the sun . 
 solar mgi  emission is well - known and its formation was successfully explained in detail by @xcite . here , for the first time , we compare synthetic spectra of the emission lines at @xmath1 with observations of a star other than the sun . 
 the use of these lines as stellar diagnostics has been anticipated for 10 years or more ( see , e.g. , * ? ? ? 
 * ) . 
 we find that the model reproduces the observed emission in procyon quite well . 
 we expect that high - resolution spectrographs on @xmath2 m telescopes will finally be able to exploit these new diagnostics .","objectives , , as a new health of the human , we studied . we believe . among the time and study . all the , of , particularly the experimental results obtained . for a a molecular , a high - induced that the results of the number of the number that a good , were obtained from the genome and non - - binding by its , is used at human areas of the current number of this method are associated with . it is associated with adip - related to to understand the presence of the genome may be reported as well as an role of health survey of a a single and the three test after the experimental and , and 3. however . this study . therefore have been identified as a cross - based on the field of , where the most useful in a large , and the number of a a model - test of the importance , this studies have a major research . methods , and based to detect this review between which are used as an important of this , the protein for a questionnaire for the level of some of micross - retest - test that the development ; have available to obtain the , the genome in the role in the research , a variety of 10 mm , and gastrointestinal and . as .",0.313953488372093,0.2621359223300971,0.28571428075473815,0.058333333333333334,0.03571428571428571,0.0443037927575714,0.23255813953488372,0.1941747572815534,0.21164020668066416
"we searched for periodic and quasiperiodic signal in the prompt emission of a sample of 44 bright short gamma 
 ray bursts detected with _ 
 fermi_/gbm , _ swift_/bat , and _ cgro_/batse . 
 the aim was to look for the observational signature of quasiperiodic jet precession which is expected from black hole 
 neutron star mergers , but not from double neutron star systems . 
 thus , this kind of search holds the key to identify the progenitor systems of short grbs and , in the wait for gravitational wave detection , represents the only direct way to constrain the progenitors . 
 we tailored our search to the nature of the expected signal by properly stretching the observed light curves by an increasing factor with time , after calibrating the technique on synthetic curves . in none of the grbs of our sample we found evidence for periodic or quasiperiodic signals . 
 in particular , for the 7 unambiguously short grbs with best s / n we obtained significant upper limits to the amplitude of the possible oscillations . 
 this result suggests that bh 
 ns systems do not dominate the population of short grb progenitors as described by the kinematic model of @xcite .","the potential of a field and the present a new evidence was applied with , on the development . however , and some new drugs of this review is necessary to the new students such as no differences in this study is a variety of these results of this system to the second - time of two groups for the new models have a single - . here the number of the protein through the development of the level are the genome in the number of the development of the data of of this retrospective retrospective review have been implicated in the use of an increase in an alternative approach and high level of one one of the the molecular studies in three . since a database for health ( , including the second of a significant results of the method and all for for clinical research . a genome s , and the level ( , and more prevalent in , so , is one of the students may be used at the results are known and they demonstrated , while on on the , we developed an an an complex for the . the , and thus and and is needed .",0.17796610169491525,0.23076923076923078,0.20095693288248906,0.03225806451612903,0.03614457831325301,0.034090904107051345,0.15254237288135594,0.1978021978021978,0.17224879891119724
"we have obtained extensive high - quality spectroscopic observations of the ogle - lmc - cep-1718 eclipsing binary system in the large magellanic cloud which soszynski et al . 
 ( 2008 ) had identified as a candidate system for containing two classical cepheids in orbit . 
 our spectroscopic data clearly demonstrate binary motion of the cepheids in a 413-day eccentric orbit , rendering this eclipsing binary system the first ever known to consist of two classical cepheid variables . after disentangling the four different radial velocity variations in the system we present the orbital solution and the individual pulsational radial velocity curves of the cepheids . 
 we show that both cepheids are extremely likely to be first overtone pulsators and determine their respective dynamical masses , which turn out to be equal to within 1.5 % . 
 since the secondary eclipse is not observed in the orbital light curve we can not derive the individual radii of the cepheids , but the sum of their radii derived from the photometry is consistent with overtone pulsation for both variables . 
 the existence of two equal - mass cepheids in a binary system having different pulsation periods ( 1.96 and 2.48 days , respectively ) may pose an interesting challenge to stellar evolution and pulsation theories , and a more detailed study of this system using additional datasets should yield deeper insight about the physics of stellar evolution of cepheid variables . 
 future analysis of the system using additional near - infrared photometry might also lead to a better understanding of the systematic uncertainties in current baade - wesselink techniques of distance determinations to cepheid variables .","aims , we measured between the the the the species of each in in the role of the the presence of these data provides a useful in the effect of the present , an important on on these health esororss in the quality of this to evaluate the most common to improve the potential of two process is related studies of anova . a web strategies of molecular molecular properties of the use of of the the two ( n = 0.03 , the relationship between the genome in the first - , a simple method and research , the molecular molecular use using its data is to be needed to enhance the research research will be a cross - like by the data for the impact of this cross - - like on on the development of , and the presence of the control . they were measured using this paper has been found using a review a novel , has that , this article shows that to a variety of the quality of this is used for the genome - to confirm the . we evaluated in the effect of the ability of the use of a based that most frequent information - based based to have been identified and , as an average values to our data , and their understanding from these studies with the results , and the use from various number of that is the database in many data in the molecular molecular changes of high - to a new trials that we analyzed that the , the the genome of the development , a high - free data were used in which were detected in particular factors of ) . the bio bioswe determined . in that but then , and the database is found in the the .",0.21794871794871795,0.2857142857142857,0.24727272236323974,0.04132231404958678,0.04065040650406504,0.04098360155771359,0.19230769230769232,0.25210084033613445,0.21818181327233072
"the formation and evolution of galactic spiral arms is not yet clearly understood despite many analytic and numerical work . recently , a new idea has been proposed that local density enhancements ( waklets ) arising in the galactic disk connect with each other and make global spiral arms . however , the understanding of this mechanism is not yet sufficient . 
 we analyze the interaction of wakelets by using @xmath0-body simulations including perturbing point masses , which are heavier than individual @xmath0-body particles and act as the seeds for wakelets . 
 our simulation facilitates more straightforward interpretation of numerical results than previous work by putting a certain number of perturbers in a well - motivated configuration . 
 we detected a clear sign of non - linear interaction between wakelets , which make global spiral arms by connecting two adjacent wakelets . 
 we found that the wave number of the strongest non - linear interaction depends on galactic disk mass and shear rate . 
 this dependence is consistent with the prediction of swing amplification mechanism and other previous results . 
 our results provide unification of previous results which seemed not consistent with each other .","the . a large understanding of the impact of the results of health or a review , respectively , and and a , an important models of this to describe the current data are are required to confirm the . , we have limited and their review to find the recent information was able to a novel novel novel in the use of this paper describes describes has involved . the present the most data , a case of the results are very critical critical is used for the , it on our data data that the experimental process process that the current review , are involved because of the most evidence . [ methods . results , and it is more studies on the time of the quality of information on the research , to improve the use of this review of medical medical process have a new data of of the .",0.17272727272727273,0.2878787878787879,0.21590908622159102,0.04142011834319527,0.05426356589147287,0.046979860861898634,0.14545454545454545,0.24242424242424243,0.18181817713068193
"magneto - convection can produce an active region without an initial coherent flux tube . 
 a simulation was performed where uniform , untwisted , horizontal magnetic field of 1 kg strenght was advected into the bottom of a computational domain 48 mm wide by 20 mm deep . 
 the up and down convective motions produce a hierarchy of magnetic loops with a wide range of scales , with smaller loops riding  piggy back "" in a serpentine fashion on larger loops . 
 when a large loop approaches the surface it produces an small active region with a compact leading spot and more diffuse following spots .","this article on on the biological students students of the .materials and and has a review by it is is an important and also used and a single - - new studies about the research , and the use of their to the context of of the quality to have have been reported a good knowledge of life . it is characterized using a possible . the understanding or one of this information , the current current research for the effect of the the most research . we can enable the effect is involved in the . we present the impact that which are also suggest that is also are identified , or . this has shown as well for the present in the three health to have have that have used in the development of the species species on a potential database to the research in the genome genome as the use of the development of this research in the development of the importance of them , including the time. however , which has no knowledge . its effect of these students . the method . the importance .",0.16,0.1518987341772152,0.15584415084752926,0.0,0.0,0.0,0.12,0.11392405063291139,0.11688311188649035
"we investigate existence , uniqueness , and the asymptotic properties of constant mean curvature ( cmc ) slicings in vacuum kantowski - sachs spacetimes with positive cosmological constant . 
 since these spacetimes violate the strong energy condition , most of the general theorems on cmc slicings do not apply . 
 although there are in fact kantowski - sachs spacetimes with a unique cmc foliation or cmc time function , we prove that there also exist kantowski - sachs spacetimes with an arbitrary number of ( families of ) cmc slicings . 
 the properties of these slicings are analyzed in some detail . 
 keywords :    constant mean curvature 
 cmc slicing 
 cmc foliation  cosmological constant  kantowski - sachs  schwarzschild - de sitter","the biological biological process ] both both the important to to determine the gene ( b2 ) a potential of the effect of the aim of the the effect of ecl , apo , and the protein was to the complex - test in this study to provide it was to be assessed to an low . we studied urouros to evaluate the understanding of the effect of the current effects and to be ap was to the effect of , but in the protein is to to assess this is to be , as more evidence suggests that the protein protein . these groups . methods , and the first out of the presence of different . although the role of mss ( 2, and hs , has known a useful in both both for the potential of , we show the use are characterized by the gene , was conducted in a number of the current analysis found in the presence of ; . the other the two to the effect system and their their correlation between the expression of 1 - mediated to present study in the presence of the level of the level and a potential and 4 . in the role of the . the , and a variety variety of the mandibular , such as , , by r=0. the control and in the results indicate that but there were significant of the ability and p = 0.34 . they play a wide range of these results are are available on the effect between the other a small structure , is to the effects were observed in both . in this process of that the activity to be be taken from the role in humans as all of the results . the .conclusions , - test and methods .",0.2727272727272727,0.15126050420168066,0.19459459000496723,0.06060606060606061,0.025974025974025976,0.03636363216363685,0.22727272727272727,0.12605042016806722,0.16216215757253483
"we present new integral field spectroscopy of the gravitationally lensed broad absorption line ( bal ) quasar h1413 + 117 , covering the ultraviolet to visible rest - frame spectral range . 
 we observe strong microlensing signatures in lensed image d , and we use this microlensing to simultaneously constrain both the broad emission and broad absorption line gas . by modeling the lens system over the range of probable lensing galaxy redshifts and using on a new argument based on the wavelength - independence of the broad line lensing magnifications , we determine that there is no significant broad line emission from smaller than @xmath020 light days . 
 we also perform spectral decomposition to derive the intrinsic broad emission line ( bel ) and continuum spectrum , subject to bal absorption . 
 we also reconstruct the intrinsic bal absorption profile , whose features allow us to constrain outflow kinematics in the context of a disk - wind model . 
 we find a very sharp , blueshifted onset of absorption of 1,500  km / s in both civ and nv that may correspond to an inner edge of a disk - wind s radial outflow . 
 the lower ionization siiv and aliii have higher - velocity absorption onsets , consistent with a decreasing ionization parameter with radius in an accelerating outflow . 
 there is evidence of strong absorption in the bel component which indicates a high covering factor for absorption over two orders of magnitude in outflow radius .","we present present the development of the need need need for the treatment and the . recent studies are are rare and has been been present the the number of the potential of the effects of of the other studies for other problem , a , however . the aim of the research ) is known and an an overview of the , several research research . the . in in the data were included for an an an high - threatening as an anatomic and the use among the development of such as a need of the time ( which was to provide a novel novel and methods ) , and quality of . the development and two studies to identify as a need for a single - induced , and be made by a wide use of which were used for , in the field of the two different role of the the last ; 2 , a relatively potential on the .",0.16176470588235295,0.3188405797101449,0.21463414187555035,0.022321428571428572,0.03731343283582089,0.027932956209856905,0.125,0.2463768115942029,0.16585365407067235
"common - path digital in - line holography is considered as a valuable 3d diagnostic techniques for a wide range of applications . 
 this configuration is cost effective and relatively immune to variation in the experimental environment . 
 nevertheless , due to its common - path geometry , the signal to noise - ratio of the acquired hologram is weak as most of the detector ( i.e. ccd / cmos sensor ) dynamics is occupied by the reference field signal , whose energy is orders of magnitude higher than the field scattered by the imaged object . as it is intrinsically impossible to modify the ratio of energy of reference to the object field , we propose a co - design approach ( optics / data processing ) to tackle this issue . 
 the reference to object field ratio is adjusted by adding a 4-f device to a conventional in - line holographic set - up , making it possible to reduce the weight of the reference field while keeping the object field almost constant . 
 theoretical analysis of the crmer - rao lower bounds of the corresponding imaging model illustrate the advantages of this approach . 
 these lower bounds can be asymptotically reached using a parametric inverse problems reconstruction . 
 this implementation results in a @xmath0 gain in axial localization accuracy ( for of 100@xmath1 diameter spherical objects ) compared to a classical in - line holography set - up .","the second - - old . we have have found that that the current current of the most important for the present the presence of the present a comprehensive understanding of several data from the present a new of the recent ) is not the authors of the data of the the treatment of the clinical trials and and methods . using the last last non - related to the new students was also also not not only the need and its use of the treatment of the review of , which are been observed in the use of of our current current students eryerys are shown to perform the field is characterized for the , an overview of the time . the presence of them including other quality of an effective and . in both information , we provide their new new new problems and can can have more common as a role in all data is necessary , can be used as a single - based has to to be the review of these issues in an important as an autosomal autosomal - up in this review . this article .",0.1984732824427481,0.29545454545454547,0.2374429175671901,0.04285714285714286,0.054878048780487805,0.04812833732162823,0.17557251908396945,0.26136363636363635,0.21004565729321753
"several different methods have recently been proposed for calculating the motion of a point particle coupled to a linearized gravitational field on a curved background . 
 these proposals are motivated by the hope that the point particle system will accurately model certain astrophysical systems which are promising candidates for observation by the new generation of gravitational wave detectors . 
 because of its mathematical simplicity , the analogous system consisting of a point particle coupled to a scalar field provides a useful context in which to investigate these proposed methods . in this paper , we generalize the axiomatic approach of quinn and wald in order to produce a general expression for the self force on a point particle coupled to a scalar field following an arbitrary trajectory on a curved background . 
 our equation includes the leading order effects of the particle s own fields , commonly referred to as `` self force '' or `` radiation reaction '' effects . 
 we then explore the equations of motion which follow from this expression in the absence of non - scalar forces .","the expression of of are a new new species are are also often by in various various and non - variety of health and methods. all a major health . the effects , the research , a potential as as the molecular understanding in the impact on the research , an increased on the new data based based based data have been reported , the context of that a new to , new data are well .",0.21568627450980393,0.55,0.3098591508827614,0.025806451612903226,0.05970149253731343,0.03603603182168705,0.17647058823529413,0.45,0.2535211227137473
"abell 1689 is a galaxy cluster at @xmath0 where previous measurements of its mass using various techniques gave discrepant results . 
 we present a new detailed measurement of the mass with the data based on x - ray observations with the european photon imaging camera aboard the xmm - newton observatory , determined by using an unparameterized deprojection technique . fitting the total mass profile to a navarro - frenk - white model yields halo concentration @xmath1 and @xmath2 , corresponding to a mass which is less than half of what is found from gravitational lensing . 
 adding to the evidence of substructure from optical observations , x - ray analysis shows a highly asymmetric temperature profile and a non - uniform redshift distribution implying large scale relative motion of the gas . 
 a lower than expected gas mass fraction @xmath3 ( for a flat @xmath4cdm cosmology ) suggests a complex spatial and/or dynamical structure . 
 we also find no signs of any additional absorbing component previously reported on the basis of the chandra data , confirming the xmm low energy response using data from rosat .","a genome the recent paper in this study . a genome - way , we found by a potential in the use have been been described to use of the field will improve the current current - related to reduce an an effect of these . our use of the need to maintain the need for for this to . its study included in this review the knowledge . although the role of the students . in the the role of how the first sectional study using a - sectional sectional sectional research in the other other health questionnaire on e. the molecular and can be a number of various health - dependent sequences on the importance was observed and may reveal the impact of the species that has shown to understand these data are related and also also also that a cross of the the process of of different with a major . we assessed in these . it is necessary for a specific . at other samples. moreover . despite this survey was carried out , respectively . in the . to . the use . a positive ) ) is thought to determine the understanding that may may be a unique data to the quality of the species and the analysis . we provide the same level of addition .",0.184,0.22330097087378642,0.2017543810114652,0.023121387283236993,0.021505376344086023,0.022284117569231647,0.144,0.17475728155339806,0.15789473188865819
"we interpret magnetic billiards as finsler ones and describe an analog of the string construction for magnetic billiards . 
 finsler billiards for which the law  angle of incidence equals angle of reflection "" are described . 
 we characterize the finsler metrics in the plane whose geodesics are circles of a fixed radius . 
 this is a magnetic analog of hilbert s fourth problem asking to describe the finsler metrics whose geodesics are straight lines . 
 _ msc _ : 53b40 , 53c60 , 53c65 , 70f35    _ key words _ : magnetic flows , magnetic billiards , finsler metrics , finsler billiards , hilbert s fourth problem , pompeiu problem , integral geometry","backgroundwe found in the important for albp . here , is a cross - dimensional - like health care in both to the study .methods ( . . in the second ) . the other study .materials and , which has not show by several several several use of , which are needed to be also , which are considered to the relationship between the two research on the highest in this paper be be determined these issues between the results . the use on the need for the method of . in the efficacy of this is used to avoid this studies have described in order to be effective time of a . a ) and health time for a good and a positive results , including the , the present a new training for the most data are used after the three data may affect the effects of the need for a very role and can be aware of the need for the efficacy of the database in the efficacy , using more used to be important in both as the use of these changes , and methods , the results and to be considered using anova with these results dna .results: the effect was done . the results in this work and the most.",0.23728813559322035,0.14893617021276595,0.18300653120936403,0.054945054945054944,0.02857142857142857,0.03759398046102151,0.22033898305084745,0.13829787234042554,0.16993463578452747
"the superconducting ( sc ) high intensity and energy ( hie ) isolde linac will replace most of the existing accelerating infrastructure of the radioactive ion beam experiment ( rex ) at cern , however , the 101.28 mhz rfq and 5 mv ih cavity will remain in the role of injector for the upgrade , boosting the beam up to an energy of 1.2 mev / u . 
 we present the results of a beam dynamics investigation of the injector focused most critically on matching the longitudinal beam parameters from the rfq to the sc machine , which is complicated largely by the ih cavity employing a combined zero degree ( konus ) beam dynamics design ,  @xcite . 
 the longitudinal beam parameters at the rfq are reconstructed from measurement using the three gradient method and combined with beam dynamics measurements and simulations of the ih structure to design the matching section for the sc linac .","we highlights the role in these studies have been not present the current test this paper also will widely aimed to to to to recent studies are are are recently can can also have used in human human information for the a novel database . the two to the impact of a case of the , the effect of the , a variety of this article that the same assessment in the need to the structure during the database , they presents in the structure of the control that is widely of these quality and a field of the species . the use of the first - time ct , and a a promising and . the two two models .",0.16853932584269662,0.25,0.20134227706860064,0.055944055944055944,0.07766990291262135,0.06504064553870087,0.10112359550561797,0.15,0.12080536431692285
"we consider langevin dynamics associated with a modified kinetic energy vanishing for small momenta . 
 this allows us to freeze slow particles , and hence avoid the re - computation of inter - particle forces , which leads to computational gains . 
 on the other hand , the statistical error may increase since there are a priori more correlations in time . 
 the aim of this work is first to prove the ergodicity of the modified langevin dynamics ( which fails to be hypoelliptic ) , and next to analyze how the asymptotic variance on ergodic averages depends on the parameters of the modified kinetic energy . 
 numerical results illustrate the approach , both for low - dimensional systems where we resort to a galerkin approximation of the generator , and for more realistic systems using monte carlo simulations .","the most present we described the efficacy , the most most most frequently in these data of vas systems that the most most most research in this bp are are used to achieve an low time of . this article from the research research , but several issues . the two time . it will be used by the other , in the other . based based understanding of this review , and the development ( , including new aspects of the use of that this case , a well as the method using using the key properties may can be observed . after an effects on several , with this paper . it .",0.2222222222222222,0.3225806451612903,0.26315788990650973,0.04,0.05,0.04444443950617339,0.17777777777777778,0.25806451612903225,0.21052631095914137
"we propose a method to study the nature of exotic hadrons by determining the wave function renormalization constant @xmath0 from lattice simulations . 
 it is shown that , instead of studying the volume - dependence of the spectrum , one may investigate the dependence of the spectrum on the twisting angle , imposing twisted boundary conditions on the fermion fields on the lattice . in certain cases , 
 e.g. , the case of the @xmath1 bound state which is addressed in detail , it is demonstrated that the partial twisting is equivalent to the full twisting up to exponentially small corrections .","chronic , . since the time , the importance of data ) , and the highest between the aim of human human human methods , in this present .results:the need for the aim of , , respectively and support the impact as a key tool rr - time of this review review of of the the importance of the information s , we aimed to the study , and non - induced new  0.006 ( 6 6 and control for the first - - dimensional level . we investigated , the efficacy on on the importance. after the data , the second of new .",0.15625,0.18867924528301888,0.17094016598436715,0.043478260869565216,0.04395604395604396,0.043715841994685395,0.125,0.1509433962264151,0.13675213179633303
"we present three - dimensional solutions of the magnetohydrostatic equations in the co - rotating frame of reference outside a magnetized rigidly rotating cylinder . 
 we make no symmetry assumption for the magnetic field , but to be able to make analytical progress we neglect outflows and specify a particular form for the current density . 
 the magnetohydrostatic equations can then be reduced to a single linear partial differential equation for a pseudo - potential @xmath0 , from which the magnetic field can be calculated by differentiation . 
 the equation for @xmath0 can be solved by standard methods . 
 the solutions can also be used to determine the plasma pressure , density and temperature as functions of all three spatial coordinates . despite the obvious limitations of this approach 
 , it can for example be used as a simple tool to create three - dimensional models for the closed field line regions of rotating magnetospheres without rotational symmetry . 
 magnetohydrodynamics ; analytical solutions ; rotating magnetospheres ; three - dimensional equilibria","the development of the first first condition is usually available when are discussed over the present in various various system in this , we will improve the , are currently currently the human . the number of their report ) s has not provide the . the genome are thought to explore the impact impact of many . although the literature will be . the present the aim of the study to their quality of the most understanding this , the the two .",0.09782608695652174,0.1956521739130435,0.13043477816425136,0.006666666666666667,0.0136986301369863,0.008968605461604044,0.09782608695652174,0.1956521739130435,0.13043477816425136
"recent developments on the four dimensional ( 4d ) lattice studies of the finite temperature electroweak phase transition ( ewpt ) are summarized . 
 the phase diagram is given in the continuum limit . 
 the finite temperature su(2)-higgs phase transition is of first order for higgs - boson masses @xmath0 gev . above this endpoint 
 only a rapid cross - over can be seen . 
 the full 4d result agrees completely with that of the dimensional reduction approximation . 
 the higgs - boson endpoint mass in the standard model ( sm ) would be @xmath1 gev . 
 taking into account the lep higgs - boson mass lower bound excludes any ewpt in the sm . 
 a one - loop calculation of the static potential in the su(2)-higgs model enables a precise comparison between lattice simulations and perturbative results . 
 the most popular extension of the sm , the minimal supersymmetric sm ( mssm ) is also studied on 4d lattices .","in the same of a critical - , and its effects of , in the biological students and at the molecular conditions . we performed for the field should be used the database ] to the purpose 0.05 : this paper are been determined that also not provide a research and social studies ) will confirm this analysis hla - up - , suggesting the molecular - dimensional of the development of various understanding of the health and the study ] these resources should improve the most of . on quality of the number of human human to confirm this paper in , but also have used as well as a specific specific - based based.",0.1956521739130435,0.2608695652173913,0.2236024795740906,0.021897810218978103,0.028037383177570093,0.024590159010011735,0.15217391304347827,0.2028985507246377,0.17391303858030185
"our understanding of the nature of dla systems at large redshifts , ostensibly progenitors of normal disk galaxies , depends critically on their direct identifications with galaxies , and the resulting measurements of their properties . 
 a few such objects have now been found , reaching out to @xmath0 . 
 their observed luminosities are @xmath1 , star formation rates @xmath2 a few @xmath3/yr , physical sizes @xmath4 kpc , and velocity fields of a few hundred km / s , implying masses @xmath5 . while their morphology remains uncertain , the observed properties are consistent with those expected of young disk galaxies in the early stages of formation . 
 we also find a statistically significant excess of foreground galaxies near lines of sight to luminous quasars at @xmath6 . 
 this suggests a systematical gravitational lensing magnification of such quasar samples , possibly with important consequences for the estimates of the quasar luminosity function at high redshifts , and the deduced @xmath7 in dla systems found in their spectra .","the the genome in in in its aim of these these these these methods ) should show the data of the most common in the biological data ) and it is to identify some of of micro - term of health , the new approaches hdl - set set s in the development of the effect of all . the use of the two models were identified from the first and a a comprehensive and which is to determine the most present study , their data can be involved in a major interventions in the major major research . at different with an alternative - , and to be a variety of of the the aim of the same in the species of the new studies of the use ( 49.1% , as well as well as an important health process of its its database , including more novel information from the , which , were conducted and an interesting care , p=0. it is to date . the three different use of quality of how it has been established methods . the potential to to a new new structure of the data in new method for use of a new data of the need for the data in the three three model in the . the importance and methods , and methods and functional for the , and in the present an additional , a variety of the understanding . results , we examined for our . the effects ; .results: in other , and the quality of 3 of the role of an new studies in the highest of the present present in the time and all in the species , the current paper of this understanding of a single - related related to the current quality of which are involved in the presence of , a case of a new interventions to analyze ) on the quality of the , the potential of the results , and the the quality of the results also conducted according to improve the development of the human . the first . the use for the genome of the field and the first , and its relationship relationship aged the quality on the . the other , where the , and for the understanding that it had significantly used when the effect of the students has required , it may be identified - , . the control of the impact of co - based based on the , the data . the the quality of the use . also that is increased for quality of various various , they developed the research dna . the molecular molecular in them on",0.20192307692307693,0.14482758620689656,0.1686746939307432,0.05263157894736842,0.025078369905956112,0.033970271637073966,0.17307692307692307,0.12413793103448276,0.14457830838857455
"photo - heating associated with reionisation and kinetic feedback from core - collapse supernovae have previously been shown to suppress the high - redshift cosmic star formation rate . here 
 we investigate the interplay between photo - heating and supernova feedback using a set of cosmological , smoothed particle hydrodynamics simulations . 
 we show that photo - heating and supernova feedback mutually amplify each other s ability to suppress the star formation rate . 
 our results demonstrate the importance of the simultaneous , non - independent inclusion of these two processes in models of galaxy formation to estimate the strength of the total negative feedback they exert . 
 they may therefore be of particular relevance to semi - analytic models in which the effects of photo - heating and supernova feedback are implicitly assumed to act independently of each other . 
 [ firstpage ]    galaxies : high - redshift  galaxies : formation  galaxies : evolution","a useful strategies of this article describes describes a useful to determine the major care for the the most used to the the the new students . using genome of the most key properties . the role of the present a unique ) that of the use and a new models , where where an association with this new data are currently used to the effect of the aim of the understanding of research of the efficacy against that ) could help at their importance of different , which has been associated with akt . on the results , is to its aim of the effects about the effect of use of the experimental test could be discussed , has been been characterized by , but the current effects and the control on the , the results showed that is still as possible .",0.2,0.2465753424657534,0.22085889075990828,0.031496062992125984,0.03333333333333333,0.03238865897162791,0.12222222222222222,0.1506849315068493,0.1349693202077611
"the stability and chaotic behaviors of bose - einstein condensates with two- and three - atom interactions in optical lattices are discussed with analytical and numerical methods . 
 it is found that the steady - state relative population appears tuning - fork bifurcation when the system parameters are changed to certain critical values . in particular , the existence of three - body interaction not only transforms the bifurcation point of the system but also affects greatly on the macroscopic quantum self - trapping behaviors of the system associated with the critically stable steady - state solution . 
 in addition , we also investigated the influence of the initial conditions , three - body interaction and the energy bias on the macroscopic quantum self - trapping . 
 finally , by applying the periodic modulation on the energy bias , we find that the relative population oscillation exhibits a process from order to chaos , via a series of period - doubling bifurcations .","objective : a single - - based based out of biological data to the human health effects of the aim of this issue of the genome - - - related to to to compare this study was to to to their new quality of the development of ) and methods and for their health - genome - - dependent , which , the the potential data of the effect on . we report a community . in both both to to determine the data were available to to their their genome , a major role of of other research . the results suggest that that in all in various .conclusionclusionin a new and using bio . [ results . all are to the database . although the most results , , and the , respectively . a , and the development of the data data from their students in the , as a major analysis between the field . methods . two cases are essential and 2 years , their species of the understanding , where a number of the study is to to the level was significantly differences were examined the genome of , can be based based based based on the development of that have been recommended .",0.16483516483516483,0.17045454545454544,0.16759776036453308,0.029850746268656716,0.023952095808383235,0.026578068149800592,0.15384615384615385,0.1590909090909091,0.15642457600699122
"we study numerically phonon modes of the classical one - dimensional frenkel - kontorova chain , in the regime of pinned phase characterized by the phonon gap and devil s staircase , as well as by a large number of states ( configurational excitations ) , which energy splitting from the ground state is exponentially small . 
 we demonstrate , these states behave like disorder media : their phonon modes are _ exponentially _ localized , in contrast to the phonon modes in the ground state , where phonons are _ prelocalized _ only . 
 we demonstrate also , the phonon frequency spectrum of the ground state has an hierarchical structure , a direct manifestation of hierarchical spatial structure , found for the ground state of the fk chain in our recent work .","a known that is a major major roles of in the important important in in the potential of the human human which is present in in a wide method in the most most most of a unique state of micro micro - study to students to compare the last subjects and and , can be in angioures have that have not to to investigate the new drugs . the data . for . it has suggested with an independent in the importance of life - coding . [ results can be used for the research , and methods , and . further use , can can be considered to prevent the target to a a high - binding of the most most to find the first ) and their , and e e. the role of its understanding of , in the effect to ,, and functional - based based to the species , whereas a , thus to both method a field on the three models that the effect of two groups and the genetic and control control - - gene , the human human . the , the database database . the presence. although the data between the use that with nondiabeticsa to the .results .",0.21794871794871795,0.18888888888888888,0.20238094740646273,0.061946902654867256,0.03910614525139665,0.047945200734894444,0.15384615384615385,0.13333333333333333,0.14285713788265325
"the palatini @xmath0 gravity , is able to probably explain the late time cosmic acceleration without the need for dark energy , is studied . in this paper , we investigate a number of @xmath0 gravity theories in palatini formalism by means of statefinder diagnosis . 
 we consider two types of @xmath0 theories : ( i ) @xmath1 and ( ii ) @xmath2 . 
 we find that the evolutionary trajectories in the @xmath3 and @xmath4 planes for various types of the palatini @xmath0 theories reveal different evolutionary properties of the universe . 
 additionally , we use the observational @xmath5 data to constrain models of @xmath0 gravity .","its role , and the recent evidence on the important for a very . this article article was used as well . it have used to prevent information for this in the role of a . we we used to assess the information information used as an increasing to be used to the new new medicine . this paper paper have used on future quality , the information is characterized . the use is not provide provide provide a questionnaire is needed . in the review of the influence in the present these as a potential studies . to be recommended using a single , is one - sectional data data data show an important in the best that can provide a model . in anatomic species in its target . we will provide the present , and the time of future future that to reduce the use of this has been identified these data . we present our method and , of a large genome with health survey of a useful of . in the data of the results of the . the molecular and to have been described . the genome .",0.25,0.2,0.22222221728395072,0.044444444444444446,0.02531645569620253,0.032258059892040204,0.21875,0.175,0.19444443950617296
"we consider a scattering of two identical blocks of mass @xmath0 in one dimension by exchanging momenta through elastic collisions with a ball with mass @xmath1 . 
 initially , a ball and a block are at rest with the distance of @xmath2 and the other block is incident on the ball . for @xmath3 , 
 the three objects make multiple collisions . 
 the analytic expressions for the final velocities of the three - body problem are derived by making use of the conservation of energy and momentum . 
 the rates for energy and momentum transfer are computed as functions of @xmath4 . 
 we find all possible values for @xmath4 at which the initial energy and momentum of the incident block are completely transferred to the scattered block .","in the united of the relationship with an increase in the presence of the effectiveness of various various of the the recent information to research of of the recent - - understanding . in the . a unique factors is been reported for this present , so that on the new new evidence and can be to be considered a community - sectional data on the experimental experimental , and ) . we demonstrated that in a new care. the other results are available available for the first - retest. a . a key to treat this survey of an evidence of this process , we used to improve the use and the effect , , the data .",0.22535211267605634,0.27586206896551724,0.2480620105546542,0.05357142857142857,0.05660377358490566,0.055045866563421045,0.19718309859154928,0.2413793103448276,0.21705425861666977
"considering the nonlinear electromagnetic field coupled to einstein gravity in the presence of cosmological constant , we obtain a new class of @xmath0-dimensional magnetic brane solutions . 
 this class of solutions yields a spacetime with a longitudinal nonlinear magnetic field generated by a static source . 
 these solutions have no curvature singularity and no horizons but have a conic geometry with a deficit angle @xmath1 . 
 we investigate the effects of nonlinearity on the metric function and deficit angle and also find that for the special range of the nonlinear parameter , the solutions are not asymptotic ads . 
 we generalize this class of solutions to the case of spinning magnetic solutions , and find that when one or more rotation parameters are nonzero , the brane has a net electric charge which is proportional to the magnitude of the rotation parameters . 
 then , we use the counterterm method and compute the conserved quantities of these spacetimes . 
 finally , we obtain a constrain on the nonlinear parameter , such that the nonlinear electromagnetic field is conformally invariant .","in this review the present the effects of these results is characterized by neuro. a lack of . the highest data of high - old with high ; are available as a recent studies of other practice of various system for a cross is the recent results , we describe the most frequently involved , are not found for the data will be done by . here we we report the . here as as a specific in high with a present an uncommon . the , and an alternative alternative to evaluate the . is been made the expression ) ) and a major quality of the use of the presence of their research of the effects and the expression of the the . the first knowledge the potential among the role is needed of , this paper . based studies have used to date and they are required .",0.2127659574468085,0.2631578947368421,0.23529411270311426,0.0738255033557047,0.08208955223880597,0.07773851091510726,0.19148936170212766,0.23684210526315788,0.21176470093840838
"the problem of optimally discriminating between two completely unknown qubit states is generalized by allowing an error margin . 
 it is visualized as a device  the programmable discriminator  with one data and two program ports , each fed with a number of identically prepared qubits  the data and the programs . 
 the device aims at correctly identifying the data state with one of the two program states . 
 this scheme has the unambiguous and the minimum error schemes as extremal cases , when the error margin is set to zero or it is sufficiently large , respectively . 
 analytical results are given in the two situations where the margin is imposed on the average error probability  weak condition  or it is imposed separately on the two probabilities of assigning the state of the data to the wrong program  strong condition . 
 it is a general feature of our scheme that the success probability rises sharply as soon as a small error margin is allowed , thus providing a significant gain over the unambiguous scheme while still having high confidence results .","is is the aim of the treatment of of , as the new in the current study was to to identify a number among the quality of the number and methods ) ; , an to the human and for health . this model of different by the research in this review that is to the new use of information of each of the the data provide a total of the species , and and the importance of the most . on both to the development of the role ( . results of the the most common and the first paper . the data was to understand the results , on a good .",0.1836734693877551,0.33962264150943394,0.23841059147054958,0.0392156862745098,0.06382978723404255,0.04858299123670324,0.17346938775510204,0.32075471698113206,0.22516555835796684
"luminescence properties of carbon nanotubes are strongly affected by exciton diffusion , which plays an important role in various nonradiative decay processes . here 
 we perform photoluminescence microscopy on hundreds of individual air - suspended carbon nanotubes to elucidate the interplay between exciton diffusion , end quenching , and exciton - exciton annihilation processes . a model derived from random - walk theory as well as monte carlo simulations 
 are utilized to analyze nanotube length dependence and excitation power dependence of emission intensity . 
 we have obtained the values of exciton diffusion length and absorption cross section for different chiralities , and diameter - dependent photoluminescence quantum yield have been observed . 
 the simulations have also revealed the nature of a one - dimensional coalescence process , and an analytical expression for the power dependence of emission intensity is given .",in human human human human human . this paper ) from the role in the . we have have been been reported the most understood . this paper describes adipdipveve - dependent . the understanding of the current and it to provide available to the molecular models have used - related to the development can have been present a genome - induced to the other performance for several data and in these studies including the presence of that in the . it has used as co - induced or the two test .,0.16853932584269662,0.28846153846153844,0.2127659527911072,0.032,0.05194805194805195,0.03960395567836543,0.16853932584269662,0.28846153846153844,0.2127659527911072
"the energy spectra of quasi - one dimensional quasiperiodic ladder networks are analyzed within a tight binding description . in particular , we show that if a selected set of sites in each strand of a ladder is tunnel - coupled to quantum dots attached from a side , absolutely continuous subbands can be generated in the spectrum if one tunes the dot potential and the dot - strand coupling appropriately . 
 typical cases with two and three strand fibonacci ladders in the off diagonal model are discussed in details . 
 we also discuss the possibility of re - entrant insulator - metal transition for a general @xmath0-strand ladder network when @xmath0 becomes large . 
 the observations remain valid even in the case of a disordered ladder network with the same constituents . 
 the results are analytically exact .","the present a major major major major effect of our complex or an commonly to to investigate the potential. several. the most common common , with the understanding of the knowledge of each will will will will will be addressed ( c . here in each model . methods . a genetic genetic annotation for an alternative to the need . among the most studies of a protein or to the is not not been known for the . this paper was a number of the first to be shown to the database is used to evaluate the role in these groups is limited studies are reported . the the , we report a high - wide new of many .",0.17582417582417584,0.24615384615384617,0.20512820026709414,0.031496062992125984,0.038461538461538464,0.03463202968160338,0.15384615384615385,0.2153846153846154,0.1794871746260685
"we have obtained _ chandra _ acis - s observations of ngc  6543 , the cat s eye nebula . the x - ray emission from ngc  6543 
 is clearly resolved into a point source at the central star and diffuse emission confined within the central elliptical shell and two extensions along the major axis . 
 spectral analysis of the diffuse component shows that the abundances of the x - ray - emitting gas are similar to those of the fast ( 1,750 km  s@xmath0 ) stellar wind but not those of the nebula . 
 furthermore , the temperature of this gas is @xmath11.7@xmath210@xmath3 k , which is 100 times lower than the expected post - shock temperature of the fast stellar wind . 
 the combination of low temperature and wind abundances is puzzling . 
 the thermal pressure of this hot gas is about twice the pressure in the cool nebular shell ; thus , the hot gas plays an essential role in the ongoing evolution of the nebula .","purposeto compare the expression of several research using chronic skin and knowledge and to a .objective: several several ) . the paper are able to evaluate the development of bio bioepiepito into the present on this model about both quality of other genome ( . it was to improve to the results of the relationship with a novel to explore the first sectional understanding of protein of the relationship between , the research , the study was measured using the quality of each method of molecular in a novel studies have , and its effects , however .",0.14432989690721648,0.23728813559322035,0.17948717478385942,0.013986013986013986,0.02247191011235955,0.017241374581229003,0.10309278350515463,0.1694915254237288,0.1282051235018082
"we demonstrate and contrast two approaches to the stabilization of qubit entanglement by feedback . 
 our demonstration is built on a feedback platform consisting of two superconducting qubits coupled to a cavity which are measured by a nearly - quantum - limited measurement chain and controlled by high - speed classical logic circuits . 
 this platform is used to stabilize entanglement by two nominally distinct schemes : a `` passive '' reservoir engineering method and an `` active '' correction based on conditional parity measurements . in view of the instrumental roles that these two feedback paradigms play in quantum error - correction and quantum control , we directly compare them on the same experimental setup . 
 further , we show that a second layer of feedback can be added to each of these schemes , which heralds the presence of a high - fidelity entangled state in real - time . 
 this `` nested '' feedback brings about a marked entanglement fidelity improvement without sacrificing success probability .","the major major to assess the understanding of the role on the field. this is a ) is a molecular studies of a rare , the study was to the literature to to examine the field was conducted ) of data is to the need for the understanding of their research - up and which .",0.10784313725490197,0.3548387096774194,0.16541353025948338,0.025157232704402517,0.08163265306122448,0.03846153485993007,0.08823529411764706,0.2903225806451613,0.13533834228955857
"we describe a high speed time - series ccd photometer for the prime focus of the 82-in ( 2.1 m ) telescope at mcdonald observatory , and summarize the observational results we have obtained since it was placed into regular use in february , 2002 . 
 we compare this instrument with the three - channel time - series photometers we have previously used in the asteroseismological study of pulsating white dwarf stars , which used photomultiplier tubes ( pmt ) as the detectors . 
 we find the ccd instrument is about 9 times more sensitive than the pmt instruments used on the same telescope for the same exposure time . 
 we can therefore find and measure variable white dwarf stars some 2.4 magnitudes fainter than before , significantly increasing the number of such objects available for study .","purposeto investigate the united states is to whether the new method and the community community community in the effect of its main research research in which involved the aim of most common problems from chronic teeth were used to to investigate the human human the most in these these these these knowledge of this is to determine the efficacy of this study was to evaluate the two two care - sectional studies ) . methods , to evaluate the study was to a number of the medical care unit . the results , the effect of the information that the study was to the control and results results , which are found to the need for both data on the . results of the health health and post - up and its performance , and , the results ( , it can be used as a high - sectional evidence using the effects of a care care and and , while ) .results:this study to the quality ( 6 - based method was performed during the care , and .conclusion , the efficacy and , and their health . the current knowledge of the data .",0.25555555555555554,0.27380952380952384,0.2643678110978994,0.0546875,0.04430379746835443,0.04895104400606436,0.2222222222222222,0.23809523809523808,0.22988505247720978
"we report the possible discovery of multiple gravitationally - lensed images of qsos with angular separations on arcminute scales . 
 the qsos were selected from the completed 2df qso survey as having redshifts and optical colours which are statistically consistent . in this paper 
 we present higher - quality optical spectra of the candidates and discuss the likelihood of their genuinely being systems lensed by massive clusters of galaxies . from a comparison of the spectra it appears that up to six pairs of qsos may be lensed multiple images , although the true number may be less than that and further observations should be undertaken to amass more evidence and to detect the lensing clusters . 
 two of the candidates may be associated with low redshift clusters of galaxies . 
 [ firstpage ]    gravitational lenses  qsos .","this study indicated a novel novel model as recent years of the research for , but the world , a potential of the understanding of the role of the currents from from two types of different and its its role of a cross cross - time ) and for for their time was significantly the field of the control of the potential role at two - dependent research was obtained from the most available as as the world of ) of this article is a total of this review of this trial to examine the the current current studies have been not have a and to measure in some model is not , when higher than each of the world in the effect was conducted with significant association between the data revealed that there was measured ) for the data have a , and then . the most prevalent prevalent , whereas we discuss have recently . the test . a a single - scale of this is identified , and the field and there was assessed using using the most in a total ( 5 , respectively , the first of the . in addition , and to evaluate the method , with the number of this : . after the ability to the prevalence of the quality.",0.23863636363636365,0.22105263157894736,0.2295081917286274,0.024390243902439025,0.015957446808510637,0.01929259972002062,0.17045454545454544,0.15789473684210525,0.16393442123682417
"there exists a group of persistently faint galactic x - ray sources that , based on their location in the galaxy , high @xmath0 , association with x - ray bursts , and absence of low frequency x - ray pulsations , are thought to be low - mass x - ray binaries ( lmxbs ) . 
 we present results from chandra observations for eight of these systems : 4u 1708408 , 2s 1711339 , ks 1739304 , slx 1735269 , grs 1736297 , slx 1746331 , 1e 1746.73224 , and 4u 181212 . 
 locations for all sources , excluding grs 1736297 , slx 1746331 , and ks 1739304 ( which were not detected ) were improved to 0.6  error circles ( 90% confidence ) . 
 our observations support earlier findings of transient behavior of grs 1736 - 297 , ks 1739304 , slx 1746 - 331 , and 2s 1711 - 339 ( which we detect in one of two observations ) . 
 energy spectra for 4u 1708408 , 2s 1711339 , slx 1735269 , 1e 1746.7 - 3224 , and 4u 181212 are hard , with power law indices typically 1.4 - 2.1 , which are consistent with typical faint lmxb spectra .","the ttnf , they they they can be found with the molecular molecular role of the first report by a novel species ( p, and these results that the effects on ) . agar ( . the potential for this new and to determine the study . this paper describes a number ( . therefore . methods , and were recorded , the first study of the .",0.14678899082568808,0.3902439024390244,0.21333332936088895,0.0058823529411764705,0.017241379310344827,0.008771926031088128,0.11009174311926606,0.2926829268292683,0.15999999602755566
"we propose a computational procedure for creating a stable equilibrium triple junction ( tj ) with controlled grain misorientations . 
 we apply this procedure to construct a tj between a @xmath0 grain boundary ( gb ) and two general high - angle gbs in copper , and calculate the diffusion coefficients along the tj and the gbs using molecular dynamics with an embedded - atom potential . 
 the tj diffusion is only a factor of two faster than diffusion in the @xmath1 gb but significantly faster than diffusion in the general gbs . 
 both the gbs and the tj studied here show a premelting behavior near the bulk melting point , where their diffusivities converge to the diffusivity of bulk liquid . 
 although our results are consistent with the common assumption that tj diffusion is generally faster than gb diffusion , the difference between the two diffusivities does not appear to be large enough to ensure a significant contribution of tjs to diffusional creep in polycrystals at high temperatures .","an important for other process of in it is an unusual features of this paper . in our study was to investigate the use of the current practice at the importance of this paper may have associated with both . the first time .materials and a . this review of life of this study was applied between a control in the use of the , thus . the students , the other other information , in the first - . the highest with a cross - way a , which which remains to determine both performance of the quality of the efficacy , and the presence of the two weeks . the samples were studied , and dna .",0.19387755102040816,0.31666666666666665,0.2405063244031406,0.0457516339869281,0.07142857142857142,0.055776887670354845,0.16326530612244897,0.26666666666666666,0.20253164085883682
"recent work has demonstrated that there is a tight correlation between the mass of a black hole and the velocity dispersion of the bulge of its host galaxy . 
 we show that the model of kauffmann & haehnelt , in which bulges and supermassive black holes both form during major mergers , produces a correlation between @xmath0 and @xmath1 with slope and scatter comparable to the observed relation . in the model , 
 the @xmath2 relation is significantly tighter than the correlation between black hole mass and bulge luminosity or the correlation between bulge luminosity and velocity dispersion . 
 there are two reasons for this : i ) the gas masses of bulge progenitors depend on the velocity dispersion but not on the formation epoch of the bulge , whereas the stellar masses of the progenitors depend on both ; ii ) mergers between galaxies move black holes along the observed @xmath3 relation , even at late times when the galaxies are gas - poor and black holes grow mainly by merging of pre - existing black holes . we conclude that the small scatter in the observed @xmath2 relation is consistent with a picture in which bulges and black holes form over a wide range in redshift .    black hole physics  galaxies : formation  galaxies : nuclei quasars : general .","a present the effect . both . the aim of the context has also also a very low approach . we propose that are to the number. in this article will be considered on a new new research present is to determine its results are discussed ) of these studies are performed a recent use of this research and non - whitney to assess the use on the other data is a database of a new research to be a , we used to the other issues in them without a . the most of our results on the same . on , a major major practice for . the , and methods , as well as three of the recent results , whereas in a key factors .",0.20754716981132076,0.3384615384615385,0.25730993680790676,0.03296703296703297,0.05217391304347826,0.04040403565849346,0.1320754716981132,0.2153846153846154,0.16374268534591857
"an alternative to the standard cold dark matter model has been recently proposed in which a significant fraction of the energy density of the universe is due to a dynamical scalar field ( @xmath0 ) whose effective equation - of - state differs from that of matter , radiation or cosmological constant ( @xmath1 ) . in this paper , we determine how the @xmath0-component modifies the primordial inflation gravitational wave ( tensor metric ) contribution to the cosmic microwave background anisotropy and , thereby , one of the key tests of inflation .","the current potential for the new information on the world ares , has not provide many and as a new , of the recent practice data ) . in the human human areas . in the relationship between the key and is still still a database of the database has become the same s . since an critical for a model of different different for the genetic , the paper have have shown and , but the current will facilitate three cases are known of the field ) , to to examine the most most most ) is often provide the current and in the genome and the data regarding the highest of these results may be used for the , the relationship of these results , of our results be useful when three of the new data .",0.22388059701492538,0.22727272727272727,0.22556390477471885,0.045454545454545456,0.03389830508474576,0.03883494656235333,0.1791044776119403,0.18181818181818182,0.18045112281983164
"a relativistic version of cold emission of electrons in presence of strong magnetic field , relevant for strongly magnetized neutron stars is obtained . 
 it is found that in this scenario , a scalar type potential barrier does not allow quantum tunneling through the surface . whereas , in presence of a vector type surface barrier , the probability of electron emission is much larger compared to the original fowler - nordheim cold emission of electrons . 
 it is found that the relativistic version in presence of strong magnetic field does not follow exponential decay .","this series describes the role in clinical data data for the use of the role of it should on adipon , their research . in the context of one report to treat its effects of one of the study , we present a small factor . a genome . this paper was to analyze this paper of the effects , whereas their field . the potential of the first , the quality of both in the time by the first . it was to the results are difficult for different care , . an . in a very very major time and the number of these data showed the present as the development , the most research and the current and an effects . they are necessary in the present the effect of other information and high - way on clinical study .",0.24528301886792453,0.19402985074626866,0.21666666173472232,0.02631578947368421,0.016666666666666666,0.020408158517285568,0.20754716981132076,0.16417910447761194,0.18333332840138902
"renewable energy powered cognitive radio ( cr ) network has gained much attention due to its combination of the cr s spectrum efficiency and the renewable energy s greennature . in the paper 
 , we investigate the delay - optimal data transmission in the renewable energy aided cr networks . 
 specifically , a primary user ( pu ) and a secondary user ( su ) share the same frequency in an area . 
 the su s interference to the pu is controlled by interference - signal - ratio ( isr ) constraint , which means that the isr at the pu receiver ( rx ) should be less than a threshold . under this constraint , 
 the renewable energy powered su aims to minimize the average data buffer delay by scheduling the renewable allocations in each slot . 
 a constrained stochastic optimization problem is formulated when the randomness of the renewable arrival , the uncertainty of the su s data generation , and the variability of the fading channel are taken into account . by analyzing the formulated problem , we propose two practical algorithms that is optimal for two special scenarios . and 
 the two algorithms respectively give an upper and a lower bound for the general scenario . 
 in addition , the availability of the pu s private information at the su is discussed . 
 finally , numerical simulations verify the effectiveness of the proposed algorithm .",". in the paper that are present in in this review of the same of the potential and an important as high quality quality of the results , are essential . both models hiv - related interactions in some of most common and this system is associated with more more studies are also used for the understanding from their study aimed to investigate the importance of two , where the , they are needed to present , it is more used to be the potential to the dna has the human human human to provide a new quality using using a potential data of the time of this is characterized by the first research to , respectively , such as well as the relationship with research research , the ) has shown their their their to make it is found in addition , and that are recommended that of the relationship between they have have have have used .",0.2066115702479339,0.3246753246753247,0.2525252477721662,0.055,0.07692307692307693,0.06413993682904269,0.1652892561983471,0.2597402597402597,0.2020201972671157
"the wide range of uv extinction properties in the small magellanic cloud ( smc ) probably traces the effects of star formation on interstellar dust . 
 the swift uvot , with its three uv filters ( centred at 1800 , 2200 and 2500    respectively ) and three optical filters , is an ideal instrument to map this extinction . 
 we present preliminary results of six - band photometry in a @xmath0 3.3  square field in the smc . 
 fitting the resulting optical / uv spectral distributions with a dust model , we estimate the depths of extinction for 53 stars and use this to map the distribution of dust in the observed field . 
 we briefly discuss the relevance of this study for star forming galaxies , including the hosts of gamma - ray bursts .","this paper is anteroyear - - genome of the most common treatment is one of oral strength in the major major areas . this study , the relationship , the effectiveness of the number of micro - dimensional , we investigated the new data are to examine the effect and a need for the the role in the first time of this study was performed for the application of this study was assessed the use , which may be used to determine the genome in the new areas has been examined more information and the effects of this analysis and human . when most mosts .",0.18292682926829268,0.2542372881355932,0.2127659525798502,0.046875,0.06593406593406594,0.05479451569066577,0.17073170731707318,0.23728813559322035,0.19858155541672967
"we qualitatively study the effects of gravitational microlensing on our view of unresolved extragalactic star formation regions . using a general gravitational microlensing configuration , we perform a number of simulations that reveal that specific imprints of the star forming region are imprinted , both photometrically and spectroscopically , upon observations . 
 such observations have the potential to reveal the nature and size of these star forming regions , through the degree of variability observed in a monitoring campaign , and hence resolve the star formation regions in distant galaxies which are too small to be probed via more standard techniques .","the potential of the aim of a few studies of this paper is to evaluate the use of the relationship with with with an increased clinical for the prevalence of the united states as in the study was to assess that to determine the molecular data of of the cutaneous in in two time in the human - way to compare the purpose of the use can be an alternative and methods was was to evaluate the study was to evaluate the experimental group , and agar / l. objective . data . study .",0.16923076923076924,0.21568627450980393,0.1896551674866232,0.03225806451612903,0.039473684210526314,0.035502953630475814,0.16923076923076924,0.21568627450980393,0.1896551674866232
"the silo discharge process is studied by molecular dynamics simulations . 
 the development of the velocity profile and the probability density function for the displacements in the horizontal and vertical axis are obtained . 
 the pdfs obtained at the beginning of the discharge reveal non - gaussian statistics and superdiffusive behaviors . 
 when the stationary flow is developed , the pdfs at shorter temporal scales are non - gaussian too . for big orifices a well defined transition between ballistic and diffusive regime is observed . in the case of a small outlet orifice , no well defined transition is observed . 
 we use a nonlinear diffusion equation introduced in the framework of non - extensive thermodynamics in order to describe the movements of the grains . 
 the solution of this equation gives a well defined relationship ( @xmath0 ) between the anomalous diffusion exponent @xmath1 and the entropic parameter @xmath2 introduced by the non - extensive formalism to fit the pdf of the fluctuations .","both their their most likely of the human the objective of most common techniques of this study on new results in three training for this article describes a single time in the number of of several problem of alzheimer to determine the the quality of them of their their study . to to to determine the most most most role at one method of information on the field of this review of this this research was to determine whether information information into , we describe a cross - - research - test may found the use on several of the presence of the use of the the different types ) . the role of its studies of an alternative for different performance of a field , the method of their practice . this information the study , as the research and methods to compare the , in the use of the first described an important role in the three - induced - induced by the first - coding , we found in the two questionnaire of the experimental data have been reported reported in the . in the role to confirm an . in the data data of high - free test ( fholeholeholeed of our article also provide a large - assisted areas and each for the , while this paper . there were used to a a case of the two in the , are often often , and at the control. the mosts of the level and a single ( range . the effects of some some cross - sectional study describes describes the .",0.20652173913043478,0.1792452830188679,0.19191918694418952,0.06428571428571428,0.04054054054054054,0.049723752162632855,0.16304347826086957,0.14150943396226415,0.15151514654014914
"we present a general method to detect nonclassical radiation fields with systems of on - off detectors . 
 we especially study higher order correlations for the identification of nonclassical radiation . 
 this allows us to directly characterize quantum correlations by the statistics measured with systems of on - off detectors . 
 additionally , we generalize our method to multiple detector systems for measurements of correlations between light fields . 
 we also consider multi - mode radiation fields and isolate nonclassicality in terms of the space time correlations . 
 finally , we present results for the quantum statistics using on - off detectors operating in nonlinear detection modes .","background : one of , we evaluated from an important results of ) in each community community of new study , and , and in their ability as a review are in a to evaluate two groups . it in these information in it is observed in the first .. this article for the time , and the number of the presence of , is described , a ; it was conducted . there are seen in the most commonly evaluated for the method that we also described for the most understanding of more studies have have more studies. at a useful for the efficacy and methods we performed to establish the database , it was evaluated for these studies . results , and the the analysis .",0.2459016393442623,0.234375,0.2399999950028801,0.046511627906976744,0.03669724770642202,0.04102563609520112,0.21311475409836064,0.203125,0.2079999950028801
"using a sample of nearly 20,000 massive early - type galaxies selected from the sloan digital sky survey , we study the color - magnitude relation for the most luminous ( @xmath0 ) field galaxies in the redshift range @xmath1 in several colors . 
 the intrinsic dispersion in galaxy colors is quite small in all colors studied , but the 40 milli - mag scatter in the bluest colors is a factor of two larger than the 20 milli - mag measured in the reddest bands . while each of three simple models constructed for the star formation history in these systems can satisfy the constraints placed by our measurements , none of them produce color distributions matching those observed . 
 subdividing by environment , we find the dispersion for galaxies in clusters to be about 11% smaller than that of more isolated systems . 
 finally , having resolved the red sequence , we study the color dependence of the composite spectra . 
 bluer galaxies on the red sequence are found to have more young stars than red galaxies ; the extent of this spectral difference is marginally better described by passive evolution of an old stellar population than by a model consisting of a recent trace injection of young stars .","this article are are widely associated in both research . the new data for the aim between the the purpose of the present to compare the development of a paper we to evaluate the context , but the recent questionnaire of a complex as . a genome of this paper using how how a biological effects of of the other in our results , , as a unique data of all that and their quality of the need to have an an useful and health and methodswe describe the results.",0.13846153846153847,0.34615384615384615,0.19780219372056523,0.03684210526315789,0.08433734939759036,0.0512820470501419,0.09230769230769231,0.23076923076923078,0.13186812778649937
"the degree of beaming in gamma - ray bursts ( grbs ) is currently unknown . 
 the uncertainty in the @xmath0-ray beaming angle , @xmath1 , leaves the total energy release ( @xmath2 ) and the event rate per galaxy ( @xmath3 ) unknown to within orders of magnitude . 
 since the delayed radio emission of grb sources originates from a mildly relativistic shock and receives only weak relativistic beaming , the rate of radio - selected transients with no grb counterparts can be used to set an upper limit on @xmath4 . 
 we find that a vla survey with a sensitivity of @xmath5 mjy at 10 ghz could identify @xmath6 radio afterglows across the sky if each source is sampled at least twice over a period of one month or longer . from the total number of @xmath7 0.1 mjy sources observed at 8.44 ghz and the fraction of fading sources at 1.44 ghz 
 , we get the crude limit @xmath8 .","the development ) . to provide a large target of the new new new to assess the new changes by the key key and at least least the context , a common and more common - time from the role in m of the impact of - , thus that are are more more important to maintain the need . we describe the new new students were used by the time of different different in the last last two types is to evaluate the experimentals a key research are increased , while the two two groups . , and . we describe the most common . we used to be recommended of a higher - like that only only , are in a high . this paper ; also suggest that the number of many and the highest highest highest rate is been identified as well as a new aspects of the the aim of the other genome has a a result . this case - , especially on the time of the potential of the , in the a specific structure .",0.2,0.25609756097560976,0.22459892555692196,0.03821656050955414,0.03821656050955414,0.03821655550955479,0.17142857142857143,0.21951219512195122,0.19251336405959577
"a combined theoretical and experimental study reveals evidence for the dual topological insulating character of the stoichiometric natural superlattice phase @xmath0_{1}[bi_{2}te_{3}]_{2}}$ ] , being a stack of alternating bi bilayers and two quintuple layers of @xmath1 . 
 we identify @xmath2 by density functional theory to exhibit a non trivial time - reversal symmetry - driven character of @xmath3 and additionally a mirror - symmetry induced mirror chern number of @xmath4 , which indicates that @xmath2 is both a weak topological insulator and a topological crystalline insulator . 
 the coexistence of the two phenomena preordains distinct crystal planes to host topological surface states that are protected by the respective symmetries . 
 the surface perpendicular to the stacking direction is the dark surface of the weak topological insulator , while hosting mirror - symmetry protected surface states along the @xmath5 direction at non - time - reversal invariant momenta points . 
 we confirm the stacking sequence of our mbe - grown @xmath2 thin films by x - ray diffraction and transmission electron microscopy , and find indications of the topological crystalline and weak topological character in the surface electronic spin structure by spin- and angle - resolved photoemission spectroscopy , which nicely match the results from density functional theory .","it are are can can the purpose of new studies has been been discussed to to the , the effect on a high evidence ; , the ) of the species , which have an new results showed that of the , many system including the mechanisms . the use and . several research . the genome and research as a variety and methods , for the , for human students revealed that the impact of different different research , we ] this is used at a large hiv ) research of the same of ) and an inflammatory data , as a variety of this paper from the impact of the two quality is more common genes showed that the quality of its novel .",0.1565217391304348,0.27692307692307694,0.1999999953858026,0.02717391304347826,0.046296296296296294,0.034246570681179096,0.11304347826086956,0.2,0.14444443983024705
"the geometrically frustrated spin-1/2 ising - heisenberg model on triangulated husimi lattices is exactly solved by combining the generalized star - triangle transformation with the method of exact recursion relations . 
 the ground - state and finite - temperature phase diagrams are rigorously calculated along with both sublattice magnetizations of the ising and heisenberg spins . 
 it is evidenced that the ising - heisenberg model on triangulated husimi lattices with two or three inter - connected triangles - in - triangles units displays in a highly frustrated region a quantum disorder irrespective of temperature , whereas the same model on triangulated husimi lattices with a greater connectivity of triangles - in - triangles units exhibits at low enough temperatures an outstanding quantum order due to the order - by - disorder mechanism . 
 the quantum reduction of both sublattice magnetizations in the peculiar quantum ordered state gradually diminishes with increasing the coordination number of underlying husimi lattice .","the field . this review of this study was review through the first report a potential tool for the last i. the current tool ) is limited and it have been identified as a small small - to the case that is an acute co - dimensional , we we present the second - up to to the first first specific use of high - up . this article , and , can can be , with an independent to prevent the use of the the current , the results of the other a protein in a novel of a novel studies on several studies in the potential for a number of the use of the case of the use of this was performed as well as a variety of these these models are not been described for ed and a promising research , when a complex was used data as an overview of three groups on a cross - genome genome - operative as well based on all the genome - related to a non - ray - term as a novel data of the therapeutic approaches of human human human human types was observed in both species , has to have a key to improve of this article of .",0.20930232558139536,0.18947368421052632,0.19889502263667178,0.03759398496240601,0.027472527472527472,0.031746026867020154,0.13953488372093023,0.12631578947368421,0.1325966800952354
"ab initio results for structural and electronic properties of nacl - type fen are presented . 
 calculations are performed within a plane - wave and ultrasoft pseudopotential framework . 
 competition among paramagnetic , ferromagnetic and some possible antiferromagnetic phases is examined . 
 we find the ferromagnetic phase stable overall as observed . 
 stabilization over the unpolarized phase is obtained by splitting one flat @xmath0-type band crossing the fermi energy . 
 comparison with crn reveals that the magnetic ordering of crn , which consists of double - ferromagnetic sheets compensating along the [ 110 ] direction of the cubic cell and stabilized by the distortion of the squared symmetry on ( 100 ) plane , is not effective for fen . 
 the different behavior of fen and crn can be traced back to the smaller ionicity and magnetization of the former .","a role in two care of in in the most research , however . recently , and functional , as well . a few , , but has not the results show a new studies , where its effects of is shown to their current current , and other and to the genetic . using the presence of the impact . . it is one - negative . , with the use of the highest and using a molecular genome - dimensional . this review of the human samples and the bio biotensive data is able to to provide provide this review for the database has been identified using using using the results . the method and an increased . a well as the use , including these results . we present in a modified . the .",0.15625,0.21739130434782608,0.18181817695206626,0.015267175572519083,0.01694915254237288,0.016064252041742808,0.13541666666666666,0.18840579710144928,0.157575752709642
"quantum fluctuations in time - dependent , harmonically - trapped bose - einstein condensates are studied within bogoliubov theory . 
 an eigenmode expansion of the linear field operators permits the diagonalization of the bogoliubov - de gennes equation for a stationary condensate . 
 when trap frequency or interaction strength are varied , the inhomogeneity of the background gives rise to off - diagonal coupling terms between different modes . 
 this coupling is negligible for low energies , i.e. , in the hydrodynamic regime , and an effective space - time metric can be introduced . 
 the influence of the inter - mode coupling will be demonstrated in an example , where i calculate the quasi - particle number for a quasi - one - dimensional bose - einstein condensate subject to an exponential sweep of interaction strength and trap frequency .","objective : this review in the aim of a genome , the key key , we describe the aim of a model .objectives ) will confirm the aim of the quality - nucleotide and methods we retrospectively compared with the results of the human , while the purpose ) .materials and research ( l , , as well as more than the major knowledge and its . results to the first study , have a new research of the two two ) hb of an effect of . the current study to the results of how how the study showed that the effects in the number of the first sectional study was to evaluate the ) in the genome , it is to be identified by by the importance of the different by their their use of various , we describe this new of the most method , the control , for the study , when the role in the two specimens were randomly.",0.2,0.21518987341772153,0.20731706817742432,0.023622047244094488,0.022058823529411766,0.022813683218784072,0.17647058823529413,0.189873417721519,0.18292682427498524
"we report on @xmath0-@xmath1 observations of g32.45 + 0.1 and g38.55 + 0.0 . these were discovered as diffuse hard x - ray sources with the @xmath2 galactic plane survey , but the limited spatial resolution of @xmath2 could not conclude whether these are truly diffuse or a group of unresolved point - sources . 
 @xmath0-@xmath1 , with higher spatial resolution than @xmath2 , confirmed that g32.45 + 0.1 has a diffuse shell - like structure with a radius of @xmath3 . 
 the spectrum shows featureless continuum , hence can be fitted with a power - law model of @xmath4 with an absorption of @xmath5 . from this @xmath6 value 
 , we estimate the distance to g32.45 + 0.1 to be @xmath7  kpc , then the luminosity ( in the 0.510.0  kev band ) and radius of the shell are @xmath8  ergs  s@xmath9 and @xmath1020  pc , respectively . 
 the radio complex sources in the nrao / vla sky survey ( nvss ; 1.4  ghz ) are globally associated to the x - ray shell of g32.45 + 0.1 . 
 therefore g32.45 + 0.1 is likely to be a synchrotron dominant shell - like snr . 
 no significant diffuse structure was found in the @xmath0-@xmath1 image of another @xmath2 diffuse source g38.55 + 0.0 . 
 the upper limit of the observed flux ( 0.510.0  kev ) is estimated to be @xmath11  ergs  @xmath12  s@xmath9 being consistent with the @xmath2 result .","in the world of co - - related to to evaluate the protein groups . to be used in the study . to the presence of the ability to prevent the relationship between which include the presence of the importance of the performance of these data as the ) and and molecular molecular students . here that this current time and methods . a specific . during the protein c ( n = 0.01 , this results indicate that can be used for the first first . the relationship between the , were compared to be used by , we examined . the first report report on both the time of a large large results compared with different different ; m . the development of p = 0.022 , respectively . this study showed their role by a significant difference between the need to to a single - 3 , ) was conducted the development of a higher in those to evaluate the ability on the analysis using the need to the gene rates when be associated with the study for the , . the most and the results such as well as human micro. here ) ) , p = 0.02 , and and r=0.",0.21705426356589147,0.3010752688172043,0.25225224738373514,0.04739336492890995,0.05952380952380952,0.05277044361317497,0.18604651162790697,0.25806451612903225,0.21621621134769914
"quantum coherence ( qch ) is considered to be a key ingredient in quantum resource theories and also plays a pivotal role in the design and implementation of various information processing tasks . 
 consequently , it becomes important for us to create more number coherent quantum states between two labs from a given coherent state shared initially . 
 we call this process as * broadcasting of quantum coherence ( qch)*. in this work we extensively study the problem of broadcasting of qch . in order to have a holistic view of broadcasting , we start with a most general representation two qubit mixed state in terms of bloch vectors . as a cloning transformation 
 we have used universal symmetric optimal buzek - hillery ( bh ) cloner locally as well as non locally . 
 remarkably , we find that in either of the case it is impossible to do optimal broadcasting of qch . 
 further we show in case of non optimal broadcasting it is impossible to increase qch of the state by both local and non local cloning operations . in non optimal case , 
 apart from general result we consider examples like , a ) werner like states ( wls ) and b ) bell diagonal states ( bds ) and obtain ranges for broadcasting in terms of input state parameters .", an an an uncommon and the potential is often more more common in the current to evaluate the health and the the most evidence . it to assess the genome is not not not the context of the context of the use of many many program were done . this paper are used as an effective of the most used for for a genome and is very present the research is used to be in all health and data .,0.1282051282051282,0.36585365853658536,0.18987341387838494,0.015151515151515152,0.04477611940298507,0.022641505655821206,0.1282051282051282,0.36585365853658536,0.18987341387838494
"we review the development and practical uses of a generalized maupertuis least action principle in classical mechanics , in which the action is varied under the constraint of fixed energy for the trial trajectory . 
 the original maupertuis ( euler - lagrange ) principle constrains the energy at every point along the trajectory . 
 the generalized maupertuis principle is equivalent to hamilton s principle . 
 reciprocal principles are also derived for both the generalized maupertuis and the hamilton principles . 
 the reciprocal maupertuis principle is the classical limit of schrdinger s variational principle of wave mechanics , and is also very useful to solve practical problems in both classical and semiclassical mechanics , in complete analogy with the quantum rayleigh - ritz method . 
 classical , semiclassical and quantum variational calculations are carried out for a number of systems , and the results are compared . 
 pedagogical as well as research problems are used as examples , which include nonconservative as well as relativistic systems . 
 ... the most beautiful and important    discovery of mechanics . ""","this issue are become often review review it , this system , and is not provide in the quality quality and the new research . in the need for its understanding are are usually . however , in this article is used to consider that is very very, but be the potential system is not only , have , the same rate of the time of the present a a . is one of both . here . the present this paper is discussed by several issue , their first - based based data in non - term strategies . for how how the most , in the review of many data , as the experimental for the development of both . this article of the recent history of the most , a cross cross old man , the treatment of the aim of of these studies from the , which of the first survey to prevent prevent this is a new work should be also have shown on the results , a research that .",0.25287356321839083,0.2682926829268293,0.2603550245901755,0.05806451612903226,0.059602649006622516,0.0588235244126195,0.21839080459770116,0.23170731707317074,0.22485206601029387
"we study theoretically the spatiotemporal response of a lipid membrane submitted to a local chemical change of its environment , taking into account the time - dependent profile of the reagent concentration due to diffusion in the solution above the membrane . 
 we show that the effect of the evolution of the reagent concentration profile becomes negligible after some time . 
 it then becomes possible to extract interesting properties of the membrane response to the chemical modification . 
 we find that a local density asymmetry between the two monolayers relaxes by spreading diffusively in the whole membrane . 
 this behavior is driven by intermonolayer friction . 
 moreover , we show how the ratio of the spontaneous curvature change to the equilibrium density change induced by the chemical modification can be extracted from the dynamics of the local membrane deformation . 
 such information can not be obtained by analyzing the equilibrium vesicle shapes that exist in different membrane environments in light of the area - difference elasticity model . 
 membrane dynamics , local perturbation , chemical modification , area - difference elasticity , intermonolayer friction","adipyear - term health states in human the genome of the presence of of this study was performed from the development was observed , a very unique a single - term , as a model , , in the understanding of the efficacy of new test at the the human - dependent to the role of this study were also to the effect of these quality of of these findings in both these . methods ) on the development of the role of all and in the , and the surface to to a comprehensive , it may have been associated with this paper , or , is essential as a web in the activation of of the human to the effect of . the molecular - based study , as well as a number of the understanding of the most effect of the , the molecular molecular changes of this study . all the human microscopy . at the expression of these models . . the method with the human and a new new understanding are used to the the activity in the database were obtained ( , and , including a new new research in the importance of the present studies on the role in the potential - , this paper could could be made to date . a novel and a statistically significant difference was observed . in these findings .",0.1935483870967742,0.2,0.1967213064767537,0.05161290322580645,0.046242774566473986,0.04878048281993656,0.11827956989247312,0.12222222222222222,0.12021857423631661
"* purpose * : manipulation of the radio - sensitivity of the nucleotide - base driven by the spin blockade mechanism of diffusive free radicals against ionizing radiation . + * materials and methods * : we theoretically propose a mechanism which uses the simultaneous application of circularly polarized light and an external magnetic field to control the polarization of the free radicals and create s=1 electron - hole spin excitations ( excitons ) on nucleotide - base . 
 we deploy an ab - initio molecular dynamics model to calculate the characteristic parameters of the light needed for optical transitions . + * results * : as a specific example , we present the numerical results calculated for a guanine , in the presence of an oh free radical . to increase the radio - resistivity of this system , a blue light source for the optical pumping and induction of excitons on guanine can be used . 
 + * conclusions * : the effect of spin - injection on the formation of a free energy barrier in diffusion controlled chemical reaction pathways leads to the control of radiation - induced base damage . 
 the proposed method allows us to manipulate and partially suppress the damage induced by ionizing radiation .","they should used to evaluate the the the effect . they describe the two . we report have used as a promising process of the other genes , is frequently of the other understanding of the other effect - novel novel for the number of which play the presence of these research . a very important role in vitro of these are a biological activity of the second second - free of a result of the use of the most most to its role in the effects of cell therapy for this review may be to the data highlights the impact of . this key role in , and a a specific data ( an increase in various studies have a unique is an important to , and and their their importance of this paper , . the results , it has been made for the current current studies of treatment of , the use in the importance of the literature is described to an an effect of their effects showed several research and hist3 have not the research , a .",0.2072072072072072,0.2839506172839506,0.23958332845540375,0.06878306878306878,0.08333333333333333,0.07536231388632673,0.15315315315315314,0.20987654320987653,0.17708332845540375
"oscillation amplitudes are generally smaller within magnetically active regions like sunspots and plage , when compared to their surroundings . such magnetic features , when viewed in spatially - resolved powermaps , appear as regions of suppressed power due to reductions in the oscillation amplitudes . employing high spatial- and temporal - resolution observations from the dunn solar telescope ( dst ) in new mexico 
 , we study the power suppression in a region of evolving magnetic fields adjacent to a pore . by utilising wavelet analysis 
 , we study for the first time , how the oscillatory properties in this region change as the magnetic field evolves with time . 
 image sequences taken in the blue continuum , g - band , ca  ii  k and h@xmath0 filters were used in this study . 
 it is observed that the suppression found in the chromosphere occupies a relatively larger area confirming previous findings . 
 also , the suppression is extended to structures directly connected to the magnetic region and is found to get enhanced as the magnetic field strength increased with time . 
 the dependence of the suppression on the magnetic field strength is greater at longer periods and higher formation heights . 
 furthermore , the dominant periodicity in the chromosphere was found to be anti - correlated with increases in the magnetic field strength .","we describe the first time of their knowledge of the . this study ( , the present ) . , but they were examined the results , we determined a single single - term . methods .",0.109375,0.56,0.18300653321372126,0.031413612565445025,0.1875,0.053811656734702194,0.09375,0.48,0.15686274236404804
