abstract,generated,rouge1-r,rouge1-p,rouge1-f,rouge2-r,rouge2-p,rouge2-f,rougel-r,rougel-p,rougel-f
"vera , the vienna environmental research accelerator , is especially equipped for the measurement of actinides , and performs a growing number of measurements on environmental samples . 
 while ams is not the optimum method for each particular plutonium isotope , the possibility to measure 239pu , 240pu , 241pu , 242pu and 244pu on the same ams sputter target is a great simplification . 
 we have obtained a first result on the global fallout value of 244pu/239pu  =  ( 5.7 
 1.0 )    105 based on soil samples from salzburg prefecture , austria . 
 furthermore , we suggest using the 242pu/240pu ratio as an estimate of the initial 241pu/239pu ratio , which allows dating of the time of irradiation based solely on pu isotopes . we have checked the validity of this estimate using literature data , simulations , and environmental samples from soil from the salzburg prefecture ( austria ) , from the shut down garigliano nuclear power plant ( sessa aurunca , italy ) and from the irish sea near the sellafield nuclear facility . 
 the maximum deviation of the estimated dates from the expected ages is 6  years , while relative dating of material from the same source seems to be possible with a precision of less than 2  years . 
 additional information carried by the minor plutonium isotopes may allow further improvements of the precision of the method .","a complex such as well - model is the methods , the use ( , and with the role the world is is the objective , 3.",0.06015037593984962,0.42105263157894735,0.10526315570723688,0.009569377990430622,0.08,0.01709401518555066,0.05263157894736842,0.3684210526315789,0.09210526097039479
"background : we recently indicated that patient age on its own is not a determinant of quality of allied health care received after an acute stroke . 
 it has not been tested whether other non - age variables influence care decisions made by allied health professionals . 
 this paper explores demographic and stroke - related variables that are putatively associated with the quality of care provided to acute stroke patients by allied health professionals.methods:data were retrospectively audited from 300 acute stroke patient records regarding allied health care . 
 compliance with each of 20 indicators of allied health care quality was established . 
 the influence of various demographic and stroke - related variables on each performance indicator was examined . 
 we undertook a series of analyses using univariate logistic regression models to establish the influence of these variables on care quality.results:patient age had a significant correlation with only one process indicator ( early mobilization ) . 
 seven variables , including stroke severity and level of dependence , were associated with patient age . the majority of these age proxies had significant associations with process indicator compliance . 
 correlations between non - age variables , in particular stroke severity and comorbidity , suggest the potential for complex confounding relationships between non - age variables and quality of allied health care.conclusion:compliance with individual indicators of allied health care was significantly associated with variables other than patient age , and included stroke severity , previous independence , comorbidities , day of admission , stroke unit admission , and length of stay . 
 the inter - relationships between these non - age variables suggest that their influence on quality of care is complex .","objective : methods to evaluate evaluate the purpose of health health care care care care outcomes and data data reported the health to investigate the life gastrointestinal health students . the aim of students that with medical care health status were observed and methods . however , and research , patients with an effective care . methods .results: the quality ck . mean mean age , and and control population had reported , . the study , in the the prevalence of life . the most common students are available using using age , women with medical , the most effective . the health health system has shown using the knowledge and methods , and the ) and one population . therefore , and 5 years of the . in two patients ( a .conclusionfor years . the patients , as a review review is very a questionnaire.",0.1968503937007874,0.3787878787878788,0.25906735301242995,0.02304147465437788,0.04,0.02923976144369281,0.16535433070866143,0.3181818181818182,0.21761657581035743
"chromosomal heteromorphisms are described as interindividual variation of chromosomes without phenotypic consequence . 
 chromosomal polymorphisms detected include most regions of heterochromatin of chromosomes 1 , 9 , 16 and y and the short arms of all acrocentric chromosomes . here 
 , we report a girl with down - syndrome such as facies and tremendously enlarged short arm of a chromosome 22 . 
 fluorescence in situ hybridization ( fish ) with a probe specific for all acrocentric short arms revealed that the enlargement p arms of the chromosome 22 in question contained exclusively heterochromatic material derived from an acrocentric short arm . 
 parental studies identified a maternal origin of this heteromorphism . 
 cryptic trisomy 21 of the down - syndrome critical region was excluded by a corresponding fish - probe . here 
 , we report , to the best of our knowledge , largest ever seen chromosome 22 short arm , being ~1.5 larger than the normal long arm .","the main main . the treatment and in , which are still a potential by cutaneous . our use of these findings and methods , alzheimeraa in adipon , which were determined , , we describe the major use in aaa . the present a significant in our knowledge is no significant with mrna .conclusions . this technique for an independent predictors of e.",0.15463917525773196,0.35714285714285715,0.21582733391232348,0.014598540145985401,0.034482758620689655,0.020512816333465675,0.14432989690721648,0.3333333333333333,0.20143884470369036
"abstractrna interference ( rnai ) by oral delivery of dsrna in insects has great potential as a tool for integrated pest management ( ipm ) , especially with respect to addressing the need to reduce off - target effect and slow down resistance development to chemical insecticides . employing the natural association existing between insect and yeast 
 , we developed a novel method to enable the knock down of vital genes in the pest insect drosophila suzukii through oral delivery of species - specific dsrna using genetically modified saccharomyces cerevisae . 
 d. suzukii that were fed with our  yeast biopesticide  showed a significant decrease in fitness . in this perspective article 
 , we postulate that this approach could be adapted to a large number of species , given the great diversity of symbiotic interactions involving microorganisms and host species . 
 furthermore , we speculate that beyond its application as biopesticide , dsrna delivery by genetically modified microbes can also serve to facilitate reverse genetic applications , specifically in non - model organisms .","this study and the role of , this study was to identify as the , only and can be useful for the most studies have available a significant differences in molecular molecular and to determine the first first - cell diseases for the mechanism of the expression of the research , the function after the effect of both the effect with the gene has not described into a . this research. in the new processes after their results suggests a novel in the expression using the results , the . the bio bios , and cell lines. the role of the results of the first model of this this paper , are also . this to the expression of of two models . these groups was used s. on the cells and its research and they also also demonstrated that the .",0.20535714285714285,0.3333333333333333,0.25414364169103515,0.018633540372670808,0.024793388429752067,0.02127659084528054,0.16071428571428573,0.2608695652173913,0.1988950229065048
"cryoglobulinaemic mononeuritis multiplex ( mnm ) is an extrahepatic manifestation of chronic hepatitis c virus ( hcv ) infection for which interferon - based antiviral therapy is currently the treatment of choice . 
 rarely mnm can be associated with hcv treatment though generally in the setting of pre - existing cryoglobulinaemia and detectable hcv viraemia . 
 we report an unusual case of de novo mnm occurring late during the course of pegylated interferon and ribavirin therapy for chronic hcv infection , following a prolonged period of viral suppression . 
 the patient had no evidence of cryoglobulinaemia prior to hcv treatment and undetectable hcv rna levels at the time of presentation with mnm . 
 the case raises the possibility that mnm could develop as an adverse immunomodulatory effect of pegylated interferon therapy .",gastrointestinal disorder characterized by this study demonstrated two treatment : primary hypertensivesivesive therapy and the purpose of patients were performed in veveoma is to evaluate the case of the incidence of left side effects of .,0.10843373493975904,0.3,0.15929203149815968,0.016260162601626018,0.058823529411764705,0.025477703613128774,0.0963855421686747,0.26666666666666666,0.14159291645391192
"objective . to review the extant literature on the prevalence of overweight and obesity in adolescents ( 1019 years old ) of both sexes 
 . 
 design . 
 the search was carried out using medline and scopus considering articles published from the establishment of the databanks until june 7 , 2012 . 
 data on the prevalence of children being overweight and obese from the international obesity task force ( iotf ) website was also reviewed . only original articles and 
 one national health report were considered . 
 forty studies met the inclusion criteria . 
 results . 
 twenty - five of these studies were nationally representative , and ten countries were represented only by regional data . conclusions . 
 the prevalence of overweight and obesity among adolescents worldwide is high , and obesity is higher among boys . 
 the iotf criterion is the most frequently used method to classify adolescents as overweighed or obese in public health research .","objectives : this study was to investigate the prevalence of life - related to evaluate the health factors ) about a lower lower at the objective on the most effect of of age of women ( .materials and methods ) . the association between the s:the results in the study was used after quality of patients were assessed using the participants ( 4 cm ) . in the overall duration of patients with the study were enrolled , the intervention among life. in the patients were more aggressive hospital and mean mean age .results: with the test.results:the questionnaire ) and data have used at the subjects who had a lower and women and 4 , patients are associated with a : the mean age . the prevalence of the prevalence of ) . results were evaluated ) and 45.2% , respectively , respectively , 4 weeks .conclusions ( p ) ) ( ( : we selected to identify health care care care of the quality rate of children. the subjects at more than than age ( p , which developed .",0.24468085106382978,0.27380952380952384,0.25842696130791576,0.045454545454545456,0.038461538461538464,0.04166666170138949,0.20212765957446807,0.2261904761904762,0.2134831410831967
"intramuscular teicoplanin ( 400  mg every 12  h for three doses , then 400  mg daily , intramuscularly ) was prescribed for a 37-year - old woman with presumptive diagnosis of cellulitis . on the 14th day of treatment , she developed generalized maculopapular rash , accompanied by fever , wheezing , shortening of breath , and lymphadenopathy . 
 lab tests revealed abnormal liver enzymes , leukocytosis , and eosinophilia . 
 the treatment was interrupted with suspicion of drug reaction . 
 fever subsided after 48  h. skin eruption and respiratory symptoms began to resolve within 2  weeks . 
 the follow - up lab tests performed 1  month later indicated resolution of liver dysfunction . 
 with respect to delayed onset of symptoms including fever , generalized rash , lymphadenopathy , and organ involvement , drug reaction with eosinophilia and systemic symptoms ( dress ) was highly suspected . 
 the causality was evaluated by conventional scoring systems . 
 the reaction was rated as probable ( score  =  5 ) according to regiscar and possible ( score  =  5 ) based on kardaun et al.s scoring system . 
 however , dress was not confirmed by the japanese group s criteria for diagnosis of dress / drug - induced hypersensitivity syndrome ( dihs ) .","an uncommon to the development of . the patient had important role of the case identified that the anterior liver treatment of a rare of renal and treatment of a case of the purpose of a present this this case of the patients with . to investigate the need for an important for a diagnosis of the importance for chronic , a high - related to both histopathological , the brain ) , we report of cell - old man . the patient ] a patient into human , particularly particularly an uncommon . the treatment is increased in normal clinical findings on the first year and the best of the presence of a wide , and in the patient in a very rare follow - old man showed , the patient 'sin , c. after the right upper patient was performed by a case of the clinical center of the patient was confirmed by a rare or a patient ) . the best .conclusionsle , the management of the potential risk of the most important to their treatment , the patients .",0.17355371900826447,0.2625,0.20895521908863654,0.047872340425531915,0.0625,0.05421686255770113,0.1652892561983471,0.25,0.19900497033241762
"background : storage of serum and other blood products is often necessary in laboratories because of technical issues or to preserve samples for subsequent research purposes . 
 the aim of this study was to determine whether the stability of biochemical analytes is affected by storage conditions.materials and methods : a total of 17 biochemical analytes in the sera of ten patients were examined following storage . 
 subsequent to determining the baseline measurements , the serum of each patient was aliquoted and stored at 20c for 7 , 15 , and 30 days and then analyzed for stability . 
 the results were compared with the initial analysis measurements obtained from fresh samples . 
 mean changes compared to baseline ( t0 ) concentrations were evaluated both statistically and clinically.results:our results show that sodium , potassium , urea , creatinine , uric acid , total calcium , phosphorus , direct bilirubin , total bilirubin , aspartate aminotransferase , alanine aminotransferase , alkaline phosphatase , total protein , albumin , cholesterol , and triglyceride levels were stable under all conditions . 
 serum amylase was the only analyte demonstrating instability following prolonged storage ; amylase levels changed significantly ( both statistically and clinically ) at 7 , 15 , and 30 days ( p < 0.05).conclusion : most common biochemical analytes , except for amylase , showed adequate stability in serum following 30 days of storage at 20c . 
 serum amylase analysis should be conducted on the same day that the sample is received in the laboratory .","abstractthe purpose of the prevalence of the clinical practice  30 of the aim of their treatment for the effects of .methodswe present study was to investigate the development of of the use of the level.materials of the first first effects on the most ] .materials and methods. results hiv - mediated on h. study was to to examine the efficacy of this study was to examine the two groups , three cases with h2 ( 1. data were evaluated as a novel and to evaluate the relationship between the most frequent in both the c5 .results: for both groups of the same level , the effects were found in vitro ) , or the ) . results , were assessed in the present study was to the second - c , and . study was significantly higher in the effects of p = 0.025 - c - time of an difference with a significant difference in the data have used to assess the , and other the same .",0.21897810218978103,0.36585365853658536,0.27397259805508645,0.06550218340611354,0.1056338028169014,0.08086252896767705,0.20437956204379562,0.34146341463414637,0.2557077578724381
"this study aimed to compare the apical sealing of root - end fillings performed with lysanda ( zinc oxide - eugenol paste ) with radiopacifiers ( iodoform or zinc oxide ) and calcium hydroxide . 
 root - end cavities were prepared and filled with different materials , as follows : group i  lysanda paste with iodoform ; group ii 
 lysanda paste with iodoform and calcium hydroxide ; group iii 
 lysanda paste with iodoform and zinc oxide ; group iv  lysanda paste with zinc oxide ; group v 
 mineral trioxide aggregate ( mta ) . after filling , 
 the teeth were immersed in 2% methylene blue for analysis of marginal leakage . 
 it was observed that marginal leakage occurred in all groups . 
 lysanda paste with iodoform showed the lowest leakage , with no statistically significant difference compared to the other groups . 
 all materials can be considered as good options for root - end filling .","background : purpose and methods , were found to the effect of this study and methodsthe effect .methodss on the present group group . the presence of the study study , and the control groups were studied the prevalence was a a decrease the prevalence rate of the data , respectively in ) and results of the . we tested ( imm1 , b2t2 ] the .results: the prevalence of . we have the results of different scores ) ) were subjected with the first group hb1 , the group , which was used at anova was significantly in group for the . the group from e. the groups , ; e and . these findings have been implicated in comparison of group in 4 - way the same for this trial. the results in the effect of an than 10 ( ci , we found in the same levels including 1 dl of type were group had a greater in the control group was used to the two groups . , and group , and the , 3 . the group 1 .",0.24691358024691357,0.25316455696202533,0.24999999500078132,0.032520325203252036,0.025974025974025976,0.028880861488616624,0.2345679012345679,0.24050632911392406,0.23749999500078134
"backgroundglobally , head injury is a substantial cause of mortality and morbidity . 
 a disproportionately greater burden is borne by low- and middle - income countries . 
 the incidence and characteristics of fatal and hospitalised head injuries in fiji are unknown.methodsusing prospective data from the fiji injury surveillance in hospital system , the epidemiology of fatal and hospitalised head injuries was investigated ( 20042005).resultsin total , 226 hospital admissions and 50 fatalities ( 66% died prior to admission ) with a principal diagnosis of head injury were identified ( crude annual rates of 34.7 and 7.7/100,000 , respectively ) . 
 males were more likely to die and be hospitalised as a result of head injury than females . 
 the highest fatality rate was among those in the 3044-year age group . 
 road traffic crashes were the leading causes of injuries resulting in death ( 70% ) , followed by  hit by person or object and falls ( 14% each ) . among people admitted to hospital , road traffic crashes ( 34.5% ) and falls ( 33.2% ) were the leading causes of injury . 
 the leading cause of head injuries in children was falls , in 1529-year - olds road traffic crashes , and in adults aged 3044 years or 45 years and older  hit by person or object. among the two major ethnic groups , fijians had higher rates of falls and  hit by person or object and indians higher rates for road traffic crashes . 
 there were no statistically significant differences between the overall rates of head injuries or the fatal and non - fatal rates among fijians or indians by gender following age standardisation to the total fijian national population.conclusiondespite underestimating the overall burden , this study identified head injury to be a major cause of death and hospitalisation in fiji . 
 the predominance of males and road traffic - related injuries is consistent with studies on head injuries conducted in other low- and middle - income countries . 
 the high fatality rate among those aged 3044 years in this study has not been noted previously . 
 the high case fatality rate prior to admission to the hospital requires urgent attention .","introductionthe purpose of of the treatment ( hsc , who had a new studies , and methods mandibular . participants with this study . patients with a safe and clinical history of the literature ; ) had a single age , which were recruited . in their study was conducted in patients were used for the association between the study , and follow - time , there was no patient at the treatment is in the need of the ) , there was obtained about the patient with the time at baseline of a single single - term results .results: a significant value ( , 3 year of this study . the association.results: twenty male underwent p 0.05 . there was investigated the two period in three percent of all subjects . the clinical and the groups , 4 weeks and the first year . this series of the results ) . results or , and 3 days were determined by , a total of the patients after a period. patients were performed on the results ) , and 20.",0.19375,0.36046511627906974,0.2520325157776456,0.03355704697986577,0.06535947712418301,0.044345893521271246,0.1625,0.3023255813953488,0.21138210927358064
"acinetobacter infections have increased and gained attention because of the organism s prolonged environmental survival and propensity to develop antimicrobial drug resistance . the effect of multidrug - resistant ( mdr ) acinetobacter infection on clinical outcomes has not been reported . a retrospective , 
 matched cohort investigation was performed at 2 baltimore hospitals to examine outcomes of patients with mdr acinetobacter infection compared with patients with susceptible acinetobacter infections and patients without acinetobacter infections . 
 multivariable analysis controlling for severity of illness and underlying disease identified an independent association between patients with mdr acinetobacter infection ( n = 96 ) and increased hospital and intensive care unit length of stay compared with 91 patients with susceptible acinetobacter infection ( odds ratio [ or ] 2.5 , 95% confidence interval [ ci ] 1.25.2 and or 2.1 , 95% ci 1.04.3 ] respectively ) and 89 uninfected patients ( or 2.5 , 95% ci 1.25.4 and or 4.2 , 95% ci 1.511.6 ] respectively ) . increased hospitalization associated with mdr acinetobacter infection 
 emphasizes the need for infection control strategies to prevent cross - transmission in healthcare settings .","background and aim .materials and study: this study: it is to determine the mean age compared with the patient patient had a treatment in patients , they of patients with the follow - year of patients from patients with a diagnosis was to determine the first follow - old male with surgical treatment of blood group after the patient 's in .methods:the aim of an in two children and methods . patients were presented with the .results:the aim of each patient was a amiian patients received the patient patient had the follow - related to the patients with an higher s for treatment . patients and . however , 3 , there were recruited by patient between the patients with any treatment of the other patients with a patient patient with this procedure for this study included , were measured by the patient with chronic choleholecystectomy among all patients with the procedure ( hr and a total in patients in , followed by the 3 weeks of patients with an an effective in a clinical management of this study of patients . the anterior anterior anterior anterior anterior respiratory failure was carried out in the patient who were assessed more prevalent during the patient with one",0.1743119266055046,0.2159090909090909,0.19289339607204528,0.024539877300613498,0.024539877300613498,0.024539872300614517,0.1559633027522936,0.19318181818181818,0.17258882754412652
"decreased activity of the mitochondrial 2-oxoglutarate dehydrogenase complex ( ogdhc ) in brain accompanies neurodegenerative diseases . to reveal molecular mechanisms of this association , we treated rats with a specific inhibitor of ogdhc , succinyl phosphonate , or exposed them to hypoxic stress . in males treated with succinyl phosphonate and in pregnancy - sensitized females experiencing acute hypobaric hypoxia 
 , we revealed upregulation of brain ogdhc ( within 24 hours ) , with the activity increase presumably representing the compensatory response of brain to the ogdhc inhibition . 
 this up - regulation of brain ogdhc was accompanied by an increase in exploratory activity and a decrease in anxiety of the experimental animals . remarkably , the hypoxia - induced elevation of brain ogdhc and most of the associated behavioral changes were abrogated by succinyl phosphonate . 
 the antagonistic action of hypoxia and succinyl phosphonate demonstrates potential therapeutic significance of the ogdhc regulation by the phosphonate analogs of 2-oxoglutarate .","objective : recent advances in 2 as well as adenm1 and to identify the aim of this study .materials and it is to evaluate the experimental and methods . study was to identify their ) the role of the the effects and to assess the c. results of the effect on the presence of its development of these results used for , 3d s of this to their evidence. in addition ) in the presence of . a non - - up up , a1 . the presence of the other health and , the study was to examine the e. the the role in both levels , and the mean b . the second , and 2 - operative function of this condition : the ability to the effects of the control of the er - based based on the two groups . , and the risk of the treatment , in the ability of the . the most studies .",0.16470588235294117,0.19718309859154928,0.17948717452744917,0.0425531914893617,0.046875,0.04460966043918741,0.15294117647058825,0.18309859154929578,0.1666666617069364
"purposethe purpose of this article is to report establishment of the 1st web - based database ( db ) system to collect renal cell carcinoma ( rcc ) data in korea.materials and methodsthe new web - based db system was established to collect basic demographic and clinicopahtological characteristics of a large cohort of patients with rcc in korea . 
 data from a total of 6,849 patients were collected from 8 tertiary care hospitals that agreed to participate in organizing the korean renal cell carcinoma ( korcc ) study group as of 1 july 2015 . 
 basic demographic and clinicopathological characteristics were collected . 
 the data of patients who underwent surgical treatments were analyzed to characterize korean rcc.resultswe established the 1st web - based db of korean rcc , a database comprising renal mass management cases from multiple centers in korea . 
 the data of 5,281 patients who underwent surgical management ( mean follow - up , 32 months ) were analyzed . 
 the most common symptom was incidentally detected renal mass ( 76.9% ) . 
 clinical t1a was the most common ( 54.3% ) stage and mean tumor size was 4.84.2 cm . 
 radical nephrectomy accounted for 62.7% of cases and an open approach was used in 50.7% and 52.2% of radical and partial nephrectomies , respectively . 
 the 5-year overall , cancer - specific and recurrence - free survival rates were 88.1% , 92.2% , and 88.0% , respectively.conclusionswe report the 1st establishment of a web - based db system to collect rcc data in korea . this db system will provide a solid basis for the characterization of korean rcc .","background : a known diagnosis of this study is a significant ( i iop , although in the patients ( , 6 6 6 , in , and cancer. methods ) was the patient underwent age of a result of the data in a case time ) and in the incidence sthis study has not used according to the mean treatment . the literature , which had no significant difference in the diagnosis , patients ( p . the mean weight in the diagnosis of . twenty - up - term management , the incidence of patients with cancer patients with hyper - line were compared to the patients ) ) . no significant differences in the age of the disease ( 1 male , p , the purpose of a prospective patients .conclusion:the aim of patients were seen results , especially no and the non - ) , in 2 months after follow - operative and p 0.01 .",0.21323529411764705,0.3815789473684211,0.2735849010608758,0.055793991416309016,0.0962962962962963,0.07065216926763382,0.18382352941176472,0.32894736842105265,0.2358490520042721
"background and aims : c - mac video laryngoscope ( vl ) with macintosh blade has been found to improve cormack - lehane ( c - l ) laryngoscopic view as well as intubating conditions for orotracheal intubation . 
 however , studies done on the performance of c - mac vl for nasotracheal intubation ( nti ) are very few in number . hence , we compared laryngoscopy and intubating conditions between macintosh direct laryngoscope and c - mac vl for nti.methods:sixty american society of anesthesiologists physical status i , ii patients , aged 818 years , posted for tonsillectomy surgeries under general anaesthesia with nti were randomised , into two groups . 
 patients in group 1 were intubated using macintosh direct laryngoscope and group 2 with c - mac vl . 
 c - l grading , time required for intubation , need for additional manoeuvres and haemodynamic changes during and after intubation were compared between the groups.results:c-l grade 1 views were obtained in 26 and 29 patients in group 1 and group 2 , respectively ( 86.7% vs. 96.7% ) . 
 remaining patients were having c - l grade 2 ( 13.3% vs. 3.3% ) . 
 duration of intubation was less than a minute in group 2 ( 93.3% ) . 
 need for additional manoeuvres ( m1m5 ) were more in group 1 ( 97% vs. 77% ) . 
 m1 ( external manipulation ) was needed more in group 2 compared to group 1 ( 53.3% vs. 30% ) . 
 magill 's forceps alone ( m4 ) and m4 with additional external manipulation ( m5 ) were needed more in group 1 compared to group 2 ( 60% vs. 16%).conclusion : the overall performance of c - mac vl was better when compared to conventional direct macintosh laryngoscope during nti in terms of glottis visualisation , intubation time and need for additional manoeuvres .","background : this study : the aim of the aim of a control group , including which was to assess the csa , we report the blood of .patients and methods in the current study was to determine the level between the first - , both the effect of the mean age bpa a cross - cs the development of the level of the three - sectional population was to the control group in m . data was to to the study was to find multiple in the total and methods should be tpa was to 3 3 3 years , a total of the . the incidence of ) of the c. data were analyzed with a total of .resultsthe results of the mri .conclusion: ap rt - d5 ( p = p = 7. we examined among the efficacy and ) . mean ratio of , p = 0.00dl ( dm patients patients , a pre - bmi levels of the . the groups in the serum loss of chronic , a ) .conclusiona ) and an significant differences in the frequency of patients and 2 ( 12 weeks and methods ) , the , respectively , f > g > > 3 ( p = 0.02 0.02 0.022 ( p = 0.02 , respectively were found by 7 patients . [ results of i and , with a total ) patients. the frequency . of , and i .resultsthere was , the control ( 2 ) . a large test was found the b - c ( 7 , the presence of a single - ray , in the , but no significant differences between .results:results::the main study ( lplp patients received the total and 1 , p , a median . alzheimer with normal values . results with .conconclusionsa group .con===s:the results of the two groups ( p = 0.02 . all the mean mean age . conclusion , as lower lower in the group was significant association with 10 patients were similar for age , a high and 3 ) , c , n = 0.004 , 3 .results: the , or p ) was detected on the .conclusions: 0.9 0.99 , were found to the study for msa . conclusion using a significant differences in",0.24285714285714285,0.24113475177304963,0.241992877562341,0.0546875,0.046822742474916385,0.05045044548046474,0.2357142857142857,0.23404255319148937,0.23487543983992107
"[ purpose ] the aim of this study was to clarify the effects of the rom exercise on joint 
 components according to histopathological analysis . [ subjects and methods ] in total , 
 twenty - six 9-week - old adult male wistar rats were used in this study . 
 the rats were 
 randomly divided into three groups , the immobilization group ( n=10 ) , exercise group 
 ( n=10 ) , and control group ( n=6 ) . 
 the immobilization group and exercise group were 
 anaesthetized and operated on under sterile conditions . 
 the right knee joints in the 
 immobilization group and exercise group were immobilized with external fixation at 120 
 degrees of flexion . 
 range of motion exercise was started from the day after 
 immobilization . 
 rom exercise was performed in the exercise group once a day for 3 minutes , 
 6 days a week , for 2 weeks . 
 [ result ] the joint capsule in the immobilization group and 
 exercise group showed narrowing of the collagen bundles in interstitial spaces but was 
 less dense in the control group . in the immobilized group , a hyperplastic reaction was 
 associated with infiltration into the articular cavity and adhesion to the surface of the 
 articular cartilage . 
 conversely , in the exercise group , hyperplasia of tissue was 
 localized to the synovial membrane . 
 [ conclusion ] this finding may suggest that rom 
 exercise induces some changes within the joint components and tissue metabolism .","background : the most common in the effect of an aim of this study was to determine the study ) , were selected in addition in groups . data on the current study was to investigate the effect of treatment hdl ( .materials and oral health to the results of their impact of the results the most common and methods ) group and a mean age of blood . the ) .results: were used the groups in the control group after the two groups . the clinicals group . participants were evaluated before before ve in the incidence were not . the group did not with multiple role during the time. the control group and 2 and d . the ct analysis were performed to the most common complications of alb - , and 2 . [ conclusion . the groups were used to the p=0.01 . , csf at the same time time in the effect between the mean and the , a significant improvement , was associated with a high - , 88.9% in the the t > i were were measured . the control group were measured with a significantly associated in ; 8 weeks , and two groups .",0.2627118644067797,0.34831460674157305,0.2995169033106958,0.10362694300518134,0.12195121951219512,0.11204481296016468,0.2457627118644068,0.3258426966292135,0.28019323181311123
"objective : to describe the features of adult patients with benign , unilateral cerebral cortical encephalitis positive for the myelin oligodendrocyte glycoprotein ( mog ) antibody.methods:in this retrospective , cross - sectional study , after we encountered an index case of mog antibody  positive unilateral cortical encephalitis with epileptic seizure , we tested for mog antibody using our in - house , cell - based assay in a cohort of 24 consecutive adult patients with steroid - responsive encephalitis of unknown etiology seen at tohoku university hospital ( 20082014 ) . 
 we then analyzed the findings in mog antibody 
 positive cases.results:three more patients , as well as the index case , were mog antibody  positive , and all were adult men ( median age 37 years , range 2339 years ) . 
 the main symptom was generalized epileptic seizure with or without abnormal behavior or consciousness disturbance . 
 two patients also developed unilateral benign optic neuritis ( before or after seizure ) . in all patients , 
 brain mri demonstrated unilateral cerebral cortical fluid - attenuated inversion recovery hyperintense lesions , which were swollen and corresponded to hyperperfusion on spect . 
 csf studies showed moderate mononuclear pleocytosis with some polymorphonuclear cells and mildly elevated total protein levels , but myelin basic protein was not elevated . 
 a screening of encephalitis - associated autoantibodies , including aquaporin-4 , glutamate receptor , and voltage - gated potassium channel antibodies , was negative . 
 all patients received antiepilepsy drugs and fully recovered after high - dose methylprednisolone , and the unilateral cortical mri lesions subsequently disappeared . 
 no patient experienced relapse.conclusions:these mog antibody  positive cases represent unique benign unilateral cortical encephalitis with epileptic seizure . 
 the pathology may be autoimmune , although the findings differ from mog antibody  associated demyelination and rasmussen and other known immune - mediated encephalitides .","in patients patients with oral surgical tumors from . herethis present this report of a rare , tumor ) with chronic heart heart heart ( . since the present this presentation . here we report we propose that its tumor , csthis studies ) intubtubtubtubation and histb . here are necessary for the need to be diagnosed by h h. the differential diagnosis of . they underwent , he with a left left t2 , in the second patient was confirmed by p . in patients with a very rare study aims with no association with one year old female patient received a useful for a history of s to the first patients . although the patient were compared to the present a rare examination s group , the second old male , and hypermymymymymyomas and right a case of a retrospective reported intra - day .conclusion .conclusions , and non - old patient rsmms and the left .",0.1569767441860465,0.313953488372093,0.209302321136951,0.022058823529411766,0.04316546762589928,0.029197075815559442,0.14534883720930233,0.29069767441860467,0.19379844516795877
"the 
 observed water oxidation activity of the compound class co4o4(oac)4(py 
 x)4 emanates 
 from a co(ii ) impurity . 
 this impurity is oxidized to produce the well - known 
 co - oec heterogeneous cobaltate catalyst , which is an active water 
 oxidation catalyst . 
 we present results from electron paramagnetic 
 resonance spectroscopy , nuclear magnetic resonance line broadening 
 analysis , and electrochemical titrations to establish the existence 
 of the co(ii ) impurity as the major source of water oxidation activity 
 that has been reported for co4o4 molecular cubanes . 
 differential electrochemical mass spectrometry is used to characterize 
 the fate of glassy carbon at water oxidizing potentials and demonstrate 
 that such electrode materials should be used with caution for the 
 study of water oxidation catalysis .","two areas on the development of this review of the genome the development . we identified that , with one of the current article the aim of the new ed that a present the key role of a number of the impact suggest that the molecular factor of anova of the present to lead to the use of the current current use of the gene ct . among the effect of the most commonly proposed by the use of that is known and one of the number of genome of the number of the development of the need , including the role of these these role of the present a variety of it was to the present clinical and the results are frequently that the mechanisms that the use . methods . the potential evidence of the the major students , both samples in the first . the first of some of the molecular process are found to a nonmol.",0.1951219512195122,0.23529411764705882,0.213333328376889,0.018018018018018018,0.01680672268907563,0.01739129935387667,0.15853658536585366,0.19117647058823528,0.17333332837688903
"objectivewe carried out a secondary analysis in high - risk patients with a previous myocardial infarction ( mi ) and diabetes in the alpha omega trial . 
 we tested the hypothesis that in these patients an increased intake of the n-3 fatty acids eicosapentaenoic acid ( epa ) , docosahexaenoic acid ( dha ) , and -linolenic acid ( ala ) will reduce the incidence of ventricular arrhythmias and fatal mi.research design and methodsa subgroup of 1,014 post - mi patients with diabetes aged 6080 years was randomly allocated to receive one of four trial margarines , three with an additional amount of n-3 fatty acids and one placebo for 40 months . 
 the end points were ventricular arrhythmia  related events and fatal mi . 
 the data were analyzed according to the intention - to - treat principle , using multivariable cox proportional hazards models.resultsthe patients consumed on average 18.6 g of margarine per day , which resulted in an additional intake of 223 mg epa plus 149 mg dha and/or 1.9 g ala in the active treatment groups . during follow - up , 29 patients developed a ventricular arrhythmia  related events and 27 had a fatal mi . compared with placebo patients , the epa - dha plus ala group experienced less ventricular arrhythmia  related events ( hazard ratio 0.16 ; 95% ci 0.040.69 ) . 
 these n-3 fatty acids also reduced the combined end - point ventricular arrhythmia  related events and fatal mi ( 0.28 ; 0.110.71).conclusionsour results suggest that low - dose supplementation of n-3 fatty acids exerts a protective effect against ventricular arrhythmia  related events in post - mi patients with diabetes .","background : the clinical outcomes of a purpose of diabetes and methods: the clinical examination that the most common hypertensivesive examination of medical practice . a . the majority of h . patients was performed in patients were associated with diabetes who revealed a total of their patient patient who underwent the first time ( 12 years . the efficacy of the first or a diagnosis of those those patients. methods , including mean age was performed with diabetes : the second second second stage of the first of . the first ) of patients with diabetes vs. however , and high risk factors. after pain were observed in the first period ( ) had an low ) . patients were analyzed at the most common in type , and 8. mean age among the incidence ) at the patient with . these findings indicated that . in the two patients with , with a mean index .",0.152317880794702,0.3150684931506849,0.2053571384634089,0.037037037037037035,0.0703125,0.04851751569605029,0.13245033112582782,0.273972602739726,0.17857142417769464
"the current technique for surgical treatment of the longitudinal spinal cord injury has proven to be successful for restoration of some motor function and alleviation of pain . 
 this has been the first step in finding a cure for spinal cord injuries , but so far there are many obstacles still to be overcome . in this particular injury return of function from spinal cord surgery 
 is only partial . 
 some of the main remaining problems are related to injury - induced neuronal death , direction and specificity of regeneration and muscle , and receptor disintegration from long time denervation . 
 currently this is a surgical procedure without any adjuvant treatments . in order to gain 
 further functional improvement combinational therapies developed in basic science experiments are essential .","this paper should should should should not not identified by human human a rare study was to examine from this report about the incidence of a a case of the patient , which can be associated in these findings is characterized by both both a patient developed a large and safety and treatment in the most experience of the disease and the incidence of the most common case was conducted among . the importance of a large - threatening to analyze the study of the same ) . the role of any and clinical findings of the number of the best of an to to compare surgical disorders have also also to the efficacy of oral pain :the current study are are been used in severe mass was demonstrated a majorly demonstrated whether the current outcome to evaluate the . in in the use . these outcome in clinical cases without the potential for the , and both treatment with the literature , the number of the disease by an positive history of the best of primary treatment . in . although the most clinical studies were collected from the effect of the presence of the disease is not confirmed the use of the literature was a total , and , and after its clinical features , in our knowledge . the absence of multiple evidence to be considered as ion . a small case - old female patient was significantly increased with a single - assisted at the present in . however , . thus . the treatment . in several center , a new new studies in their .",0.2619047619047619,0.18487394957983194,0.2167487636215391,0.03389830508474576,0.017699115044247787,0.02325580944632321,0.2261904761904762,0.15966386554621848,0.1871921133752337
"large - scale chromosome structure and spatial nuclear arrangement have been linked to control of gene expression and dna replication and repair . 
 genomic techniques based on chromosome conformation capture assess contacts for millions of loci simultaneously , but do so by averaging chromosome conformations from millions of nuclei . 
 here we introduce single cell hi - c , combined with genome - wide statistical analysis and structural modeling of single copy x chromosomes , to show that individual chromosomes maintain domain organisation at the megabase scale , but show variable cell - to - cell chromosome territory structures at larger scales . despite this structural stochasticity , localisation of active gene domains to boundaries of territories 
 is a hallmark of chromosomal conformation . 
 single cell hi - c data bridge current gaps between genomics and microscopy studies of chromosomes , demonstrating how modular organisation underlies dynamic chromosome structure , and how this structure is probabilistically linked with genome activity patterns .","alzheimer 's syndrome in the genetic genetic of the , such as a complex , we report its human the small small , the cd4a . these protein and molecular . we demonstrate a a a molecular , we we show that s , is not not in the expression of the , we found that a potential than in the number in the the results show that it is considered , the human - up and , the protein protein . hev . using a variety of the expression . the , the molecular molecular factors as as the role . in this work . the present a . this may be defined as the understanding of the role in rt - .",0.1188118811881188,0.23529411764705882,0.15789473238313723,0.006802721088435374,0.010526315789473684,0.008264458040778655,0.1188118811881188,0.23529411764705882,0.15789473238313723
highlightsthe paper reports the effect of steroids on upper limb function in non ambulant dmd boys.boys continuing steroids after loss of ambulation perform better than those who stopped at the time of loss of ambulation.the performance of upper limb test can reliably capture change over time and the effect of intervention .,"background : a variety of treatment of the present the purpose of surgery in the efficacy of all a high dm , respectively .objectives was to be used for the presence of the aim of this study was to evaluate the effect of the importance in patients. methods have been reported in patients with different by the purpose of the management in women were collected for the effect of a total of the most common with the aim of the most effective for the most frequent and the treatment was to compare the last last participants who were obtained in 1 to the effect of which also ) , 1 days ( the aim of patients with clinical clinical hospital and 4 years . the first - related and 2 , and 3 years ) patients who were obtained with this cross - based and 5.results: ( ) of patients ) , 2 minutes ) , and a lower risk and other complications of the prevalence of 12 12 ( 1 year , and the outcome and 2 years : these findings of , and .",0.16216216216216217,0.07228915662650602,0.0999999957347224,0.06382978723404255,0.02,0.030456849158700734,0.16216216216216217,0.07228915662650602,0.0999999957347224
"the definition of lutembacher 's syndrome has undergone many changes . 
 it refers to combination of congenital atrial septal defect with acquired mitral stenosis . 
 lutembacher 's syndrome is a very rare disease and in the past , it has been either overdiagnosed or misdiagnosed . here 
 , we will discuss a case of a pregnant lady who developed breathlessness during her third trimester of pregnancy and on detailed examination and investigation , she was found to be having lutembacher 's syndrome .","acute ventriculare ( ) or or intra - old woman woman in this report describes describes a diagnosis and its case of the left , although although this case of dna by an 18-year - old woman with a small - old male presented with chronic chronic artery surgery is a rarely and the case of tumor rate of the presence of the present with chronic cts , with a large stage the anterior to . the tumor with ) and abdominal diagnosis of the patients who underwent histological ( 1 % ( ; however ) with acute . all all all the case - induced , and he. ap ).",0.2,0.20689655172413793,0.20338982550991105,0.02702702702702703,0.020833333333333332,0.023529406848443936,0.16666666666666666,0.1724137931034483,0.16949152042516535
"assam and arunachal pradesh have very rich tradition of herbal medicines used in the treatment of various ailments . 
 tribal communities practice different types of traditional healing practices . 
 enough documentation is available on the healing practices in other tribal communities except mishing community of assam and foot hill of east siang district of arunachal pradesh hence the attempt was made for the same . 
 a survey on folk medicinal plants and folk healers of mishing tribe was conducted in few places of lakhimpur and dhemaji district of assam and east siang district of arunachal pradesh , where this ethnic group is living since time immemorial . 
 all information was collected based on interview and field studies with local healers within the community . 
 the identification of medicinal plants collected with help of indigenous healers was done . 
 such medicines have been shown to have significant healing power , either in their natural state or as the source of new products processed by them . 
 this study is mainly concentrated with plants used to cure diseases and to enquire about different healing systems . 
 detail note on the method of preparation of precise dose , the part / parts of plants used and method of application is given .","new research , the last last last the new health of health - - based based based in in the quality of the number of they are available for the purpose of the health .methods . the development of this article of these information .methods of the role in in a new for the effect for the results were assigned to be used ( n or methods , a simple can be useful useful for high was made . we present the control in the information .resultsthere was a care with alzheimer from the understanding in the prevalence of the control in this cohort is available in the current paper from the two different health care ( 10 and other quality were recorded of this data are used to our cross - whit . the quality , and the other . [ conclusion . the presence of quality of this process .",0.1794871794871795,0.30434782608695654,0.22580644694588978,0.03278688524590164,0.047244094488188976,0.03870967258251881,0.1282051282051282,0.21739130434782608,0.16129031791363177
"objective : to evaluate the use of ex vivo lung perfusion ( evlp ) clinically to prepare donor lungs for transplantation . 
 methods : a prospective study involving evlp for the reconditioning of extended - criteria donor lungs , the criteria for which include aspects such as a pao2/fio2 ratio < 300 mmhg . between february of 2013 and february of 2014 , the lungs of five donors were submitted to evlp for up to 4 h each . during evlp , respiratory mechanics were continuously evaluated . once every hour during the procedure , 
 samples of the perfusate were collected and the function of the lungs was evaluated . 
 results : the mean pao2 of the recovered lungs was 262.9  119.7 mmhg at baseline , compared with 357.0  108.5 mmhg after 3 h of evlp . 
 the mean oxygenation capacity of the lungs improved slightly over the first 3 h of evlp-246.1  35.1 , 257.9  48.9 , and 288.8  120.5 mmhg after 1 , 2 , and 3 h , respectively - without significant differences among the time points ( p = 0.508 ) . 
 the mean static compliance was 63.0  18.7 mmhg , 75.6  25.4 mmhg , and 70.4  28.0 mmhg after 1 , 2 , and 3 h , respectively , with a significant improvement from hour 1 to hour 2 ( p = 0.029 ) but not from hour 2 to hour 3 ( p = 0.059 ) . 
 pulmonary vascular resistance remained stable during evlp , with no differences among time points ( p = 0.284 ) . 
 conclusions : although the lungs evaluated remained under physiological conditions , the evlp protocol did not effectively improve lung function , thus precluding transplantation .","background.method shows shows the aim of the role in human the present study was the effect on the context on the two and treatment , as well as a , and is apo - induced a single - complex . the purpose of the aim of these patients are a new - specific to evaluate the same prevalence of the relationship between the impact of bone with .objectives: the most common in particular this study was to prevent anatomic system for three minutes ( r .methods in our study , this study .objectives the most of new quality of the human , we present study was to establish our analysis that this study .objectives ec 0.05 .results:the present a significant impact of alzheimer and methods , is to the treatment , but been described in the most common and . the e.results: the role on the , the end of the treatment for anova by high - dependent .results:this study describes the mean levels - dimensional activity was significantly different different .results: a very very very important in the development of the samples. in the ability of the ) . group . methods in group of .resultstheli ) t.materials and the two groups of l7 , respectively , the relationship between the incidence and bgs .materials and a new hdl - ray , p0.000.001 - - specific effect of the results should be available . the , anova and 30 .results: a very higher in the results ( n = 5 ml , a very role between all an increased by a higher higher in these results of the clinical studies suggest that may provide important in all all from the expression after the , and the study , we present study . mean , the results , we found in other groups are also analyzed , and the , and .conclusions of . moreover , especially in two groups were evaluated by histotototos were performed by more than the field of ag in addition of co co - - based results on a good , as well as well as both groups , the potential as an alternative to the . apo , , . the present , which of lps . aa group of the . the expression : , the first .",0.23776223776223776,0.21794871794871795,0.22742474417333153,0.04897959183673469,0.039735099337748346,0.04387568061188055,0.20279720279720279,0.1858974358974359,0.1939799281198198
"despite the fact that the superficial peroneal nerve is the only nerve in the human body that can be made visible ; iatrogenic damage to this nerve is the most frequently reported complication in anterior ankle arthroscopy . 
 one of the methods to visualize the nerve is combined ankle plantar flexion and inversion . in the majority of cases , 
 the superficial peroneal nerve can be made visible . 
 the portals for anterior ankle arthroscopy are however created with the ankle in the neutral or slightly dorsiflexed position and not in combined plantar flexion and inversion . 
 the purpose of this study was to undertake an anatomical study to the course of the superficial peroneal nerve in different positions of the foot and ankle . 
 we hypothesize that the anatomical localization of the superficial peroneal nerve changes with different foot and ankle positions . in ten fresh frozen ankle specimens , a window , only affecting the skin , was made at the level of the anterolateral portal for anterior ankle arthroscopy in order to directly visualize the superficial peroneal nerve , or if divided , its terminal branches . 
 nerve movement was assessed from combined 10 plantar flexion and inversion to 5 dorsiflexion , standardized by the telos stress device . also for the 4th toe flexion , flexion of all the toes and for skin tensioning possible nerve movement 
 was determined . 
 the mean superficial peroneal nerve movement was 2.4  mm to the lateral side when the ankle was moved from 10 plantar flexion and inversion to the neutral ankle position and 3.6  mm to the lateral side from 10 plantar flexion and inversion to 5 dorsiflexion . 
 both displacements were significant ( p  <  0.01 ) . 
 the nerve consistently moves lateral when the ankle is manoeuvred from combined plantar flexion and inversion to the neutral or dorsiflexed position . 
 if visible , it is therefore advised to create the anterolateral portal medial from the preoperative marking , in order to prevent iatrogenic damage to the superficial peroneal nerve .","a few-year old man was commonly as a mass , left to to the aim of the present this case of of the most cases of systemic pain . case in the first follow - old woman with two patient was to the best after a complete surgery . here here , and it was to the occurrence and the two months ) . in a patient with adiponon with the right a left surgical treatment .",0.1037037037037037,0.32558139534883723,0.15730336712220688,0.024896265560165973,0.08823529411764706,0.03883494802358615,0.0962962962962963,0.3023255813953488,0.1460674120660271
"warthin 's tumor is the second most common type of salivary gland tumor . 
 microscopically , warthin 's tumor displays a proliferative epithelial component and lymphoid stroma . 
 carcinomas arising from the epithelial component are well known , but malignant transformations of the lymphoid stroma are rare . when they do occur , they are most commonly b - cell type non - hodgkin lymphomas . a 60-year - old male patient 
 underwent surgical resection of a parotid mass . 
 after superficial parotidectomy , microscopic examination indicated that the tumor was of epithelial components with basaloid and oncocytic columns of cells neighboring lymphoid components . 
 in addition to the lymphoid follicles with distinct germinal centers , there were large , bizarre and extremely atypical neoplastic cells seen in the lymphoid component . 
 large neoplastic cells were diffusely cd20 and cd30 positive . the patient was diagnosed with "" warthin 's tumor and diffuse large b - cell lymphoma with expression of cd30 . "" 
 the histopathologic and clinical features are discussed along with a review of the literature .",a rare odontyear - old woman reported on a rare ] renal renal renal disease . in the case of a surgical and she had the patient complained of the case of lymphadenectomy with a diagnosis in the left . after a case of hypernatectomy . we review in chronic ventricular ventricular ventricular a case,0.1326530612244898,0.41935483870967744,0.20155038394567643,0.038461538461538464,0.13953488372093023,0.0603015041498954,0.12244897959183673,0.3870967741935484,0.18604650797668412
"purposethe prognosis of children with low - grade cerebellar astrocytoma who have partial resection of tumor is largely unpredictable . 
 the purpose of this study was to review the long - term outcome of such patients.methodsthe medical charts , imaging findings , operative notes , histopathological reports , and survival times of 12 patients with cerebellar astrocytoma were reviewed.resultsfive patients had total resection and seven had partial resection . 
 nine patients had grade i histology and three patients had grade ii . 
 follow - up duration ranged from 3 to 25  years . among the seven patients with residual tumor , five had tumor progression , one had arrested tumor growth , and one had spontaneous tumor regression . 
 five patients with partial resection received radiotherapy and three had malignant transformation of tumor during follow - up . 
 six patients , including five who had partial resection , underwent a second operation . 
 one patient with partial resection died of pneumonia 23  years after surgery.conclusionspatients with complete tumor resection had a better prognosis than patients with partial resection . for patients with partial resection 
 , we recommend a  wait and see  policy with surveillance using mri . 
 the phenomenon of arrested tumor growth and spontaneous tumor regression in patients with cerebellar astrocytoma who have subtotal resection warrants further study .","objectivetheli was to the first and the primary , and a lower after the study was to the treatment the disease can not not not not in .methods:the aim of oral complications of the treatment of . however .results: there there was to december people had an aggressive pain. to treat the veography. methods .materials and 17.5% of the patients had the presence of the first month month and surgery hiv and the second hospital ) , in the diagnosis of which are seen in the patients , patients with a a case of the most reported , surgical management of gastrointestinal tract and one old patients , 4 years of the prevalence of the tumor . patients with the diagnosis vas . patients had a total of patients had the treatment . the same . patients ( , respectively . postoperative patients with anasasas and patient with a rare mortality of the patients and 2 years ) ) . patients with the study of the management ct , were noted , patients with a primary . the patients with no clinical trial by a result of other and other other diagnosis of the results for all patients .",0.205607476635514,0.2558139534883721,0.22797926967059529,0.05056179775280899,0.05921052631578947,0.05454544957649265,0.16822429906542055,0.20930232558139536,0.1865284924685228
"background . 
 endothelial function is viewed as a barometer of cardiovascular health and plays a central role in vascular reactivity . 
 several studies showed digital thermal monitoring ( dtm ) as a simple noninvasive method to measure vascular reactivity that is correlated with atherosclerosis risk factors and coronary artery disease . 
 objectives . to further evaluate the relations between patient characteristics and dtm indices in a large patient registry . methods . 
 dtm measures were correlated with age , sex , heart rate , and systolic and diastolic blood pressure in 6084 patients from 18 clinics . results . 
 dtm vascular reactivity index ( vri ) was normally distributed and inversely correlated with age ( r = 0.21 , p < 0.0001 ) . 
 thirteen percent of vri tests were categorized as poor vascular reactivity ( vri < 1.0 ) , 70 percent as intermediate ( 1.0  vri < 2.0 ) , and 17 percent as good ( vri  2.0 ) . 
 poor vri ( < 1.0 ) was noted in 6% of < 50  y , 10% of 5070  y , and 18% of 70  y. in multiple linear regression analyses , age , sex , and diastolic blood pressure were significant but weak predictors of vri . 
 conclusions . as the largest database of finger - based vascular reactivity measurement , this report adds to prior findings that vri is a meaningful physiological marker and reflects a high level of residual risk found in patients currently under care .","background : the risk of of high - way is to be used ( crt , which is the important for , and the treatment t ) ; and the antihyperhyperrt - care t ( bt , and methods t1 , with with risk of of the control subjects with . of the treatment of pain rt :the purpose of the association between the effects for chronic chronic risk factors in the relationship between the effect of the risk factors in the aim of . the management of , ) , and mean age , it is a significant improvement that these results and the most most common for significant differences in the ) , it is not improve the second and ) . there was conducted ( , a novel prognosis ) , and methods , and fibrofibrofibrob ; 95% ci tt ) . conclusions , ] ) and , the control study was significant outcomes between the role in the relationship of . the association between patients with 1 months ) . the diagnosis of the risk factors of the . the mean age ) .conclusion:thirty- mandibular - , as well and lower risk for the overall studies were collected. at the presence of , and patients with the age , and clinical and the main risk was performed ] for the results of the control study was used for those risk factors. conclusion . however , p =0.001 , including a control characteristics and the overall risk , and high sensitivity to the other study ckd , the mean survival .",0.25,0.3173076923076923,0.2796610120195347,0.03773584905660377,0.039603960396039604,0.03864733799808695,0.23484848484848486,0.2980769230769231,0.2627118594771618
"background : perinatal depression is a major public health problem , affecting up to a quarter of all pregnant women in rural asean countries and often leads to psychologic symptoms , lower quality of life , and higher health care costs . the purpose of this study was to assess the impact of supervised physical exercise on depression level of perinatal subjects.subjects/intervention:60 subjects who fulfill the selection criteria were randomly assigned to exercise ( group-1 , n=30 ) and control group ( group-2 , n=30 ) . 
 participants completed general screening form and physical health questionnaire-9 ( phq-9 ) before their intervention and again 4 weeks and 8 weeks later . 
 group-1 underwent aerobic training with 60 - 65% maximum heart rate and group-2 was prescribed with handouts for 4 weeks.statistics:repeated-measures analysis of variance ( anova ) was use to analyze group differences over time while controlling for baseline differences.results:demographic and the baseline values show homogenous population ( p>0.05 ) . 
 patients in both groups experienced significant reduction in depression level . 
 group a showed reduction of 91.70% ( p=0.00 ) as compared to group b 69.01% ( p=0.00).conclusion : these results suggest that supervised physical exercise provides better improvement in depression status in perinatal subjects than providing handouts alone .","objectives , respectively we included ) patients with medical medical of the quality of the health - treatment of , who were randomly into each group , especially with the treatment , and methods . a large in the patients had any method was also also developed different in the prevalence of the study was conducted in the age age ( group of life . the results ) , and their differences between between the aim of clinical trials was ) for for the study to their medical medical history of the two groups  0.05 ) in addition , age , but the clinical history of this patient was performed ; p=0.001 ( 10 . the risk and more increase the first to identify individuals of subjects  0.05 of the study and the . the age . however . there was performed the overall survival of the effect on high dose of the , , and results . the ) in in the subjects ( i cisciscis , and non - 3 and the use of the use and compared with the groups was to investigate the patient was higher with the study .results: the subjects were studied a total and treatment ) and after . conclusions , and the outcome rate ( p of the risk of the most of this cross - sectional study ) and the use of the age .",0.2536231884057971,0.36082474226804123,0.2978723355777275,0.05392156862745098,0.058823529411764705,0.0562659796641837,0.2391304347826087,0.3402061855670103,0.28085105898198287
"backgroundfew studies have investigated functional capacity selfassessment tools in either prediction of future major adverse cardiac outcomes beyond allcause mortality or direct comparisons with clinically available biomarkers.methods and resultswe estimated functional capacity using the duke activity status index ( dasi ) questionnaire in 8987 sequential stable patients without acute coronary syndrome who were undergoing elective diagnostic coronary angiography with 3year followup of major adverse cardiac events ( death , nonfatal myocardial infarction , or stroke ) . a low dasi score provided independent prediction of a 4.8fold increase in future risk of incident major adverse cardiac events at 3 years ( quartiles 1 versus 4 hazard ratio [ 95% ci ] 4.76 [ 4.03 to 5.61 ] , p<0.001 ) , and a 3.8fold increased risk after adjusting for traditional risk factors ( 3.77 [ 3.15 to 4.51 ] , p<0.001 ) . 
 the prognostic value of the dasi score was evident in both primary and secondary prevention cohorts , with and without heart failure , as well as high and low creactive protein and btype natriuretic peptide levels . 
 the dasi score reclassified 15% of patients ( p<0.001 ) beyond traditional risk factors in predicting future mace.conclusiona simple selfassessment tool of functional capacity in stable patients undergoing elective diagnostic cardiac evaluation provides independent and incremental prognostic value for prediction of both significant coronary angiographic disease and longterm adverse clinical events .","purposeto compare the study was to evaluate a tertiary care of an ) and methods . the present as as the most common use of . there were recruited using the first study : the effect of the present for the patients from ) ) , including p tnf - .results:we reported ) and . however .results:a total of different patients with ) . there was associated with . results results , 6 cm with a week were reported in the patient was observed in our prospective . results . a higher ( 2 ( , such cases . there were diagnosed with a mean , and , as a new literature from the same time , there was performed performed at two studies are treated with a retrospective study investigated the second outcome . the development of the association and 3. there was observed in the same care than 2 months , respectively , which were included included in the age was to an important role . methods ) . patients ( . the two months and the need need to perform the patients , which were divided into a total was used in vitro . a case of the risk of a number of the patient who received no significant difference. however 0.001 + , and , the disease ck , and 30 weeks of the first follow - , no statistically significant relationship of , , 95% ci ) followed by be found in the results as three weeks ( , or or the , and 3 patients , non=, and the , mean was performed as well as a total of the patients who who underwent a period of the results , patients , p=0.0=0.04 . the total ( 1 ( mean incidence of the presence of of the .",0.22627737226277372,0.24603174603174602,0.23574143987566698,0.05555555555555555,0.048582995951417005,0.05183584815416456,0.2116788321167883,0.23015873015873015,0.22053231440038176
"hemimandibular hypertrophy and its variants result from unilateral excessive growth of the mandible and involve both the body and ramus of mandible . 
 this causes facial asymmetry and in turn accompanying psychological problems . in this report 
 we discuss use of imaging in diagnosis of these lesions and investigate the different variants .","case case old man with bilateral ventricularyearyear - old female was developed to the tumor ( . a rare case of the patient was not on the case and acute coronary artery artery ( vmi , we present a patient underwent laparoscopic surgery after surgical surgical approach . a clinical clinical features of a leftyear - old girl ( . we old male with a case of the left intra - operative , the left left computed tomography ( 7 months and case of the clinical clinical treatment is a rare report the the importance of our patient was no diagnosis was performed by anas and he had an an intra - up . we describe the the diagnosis of . . we report a history of the patient with an an high - way of a retrospective study , with a case of the right coronary artery . he was done by the liver lesions were not not not found to prevent surgery . the patient underwent diagnosis . after patient , a differential diagnosis - old male patient was evaluated to our results suggest any anterior tissue and an open to the second second case of the , the right in the two-year-year old male who who presented with a case of the surgery , the patient underwent cardiac mass in our data , and surgical surgical symptoms . the patient patient had severe . hemi .",0.2222222222222222,0.08602150537634409,0.12403100372814145,0.04081632653061224,0.010752688172043012,0.017021273295066284,0.16666666666666666,0.06451612903225806,0.09302325179015701
"objective . 
 this study evaluated the prevalence of various indicators of psychiatric disorders in brazilian outpatients with cancer and assessed possible associations with sociodemographic indicators . 
 materials and methods . 
 a total of 1,385 patients were evaluated using the following instruments : patient health questionnaire-4 ( phq-4 ) , generalized anxiety disorder ( gad-7 ) , fagerstrm test for nicotine dependence ( ftnd ) , and fast alcohol screening test ( fast ) . 
 results . 
 the sample was composed of both genders with a slight predominance of women ( 55.8% ) , subjects with incomplete / completed elementary school ( 59% ) , married ( 67.4% ) , with children ( 94% ) , not active from a labor viewpoint ( 61.6% ) , and following some type of religion ( 79.5% ) . 
 the prevalence of anxiety for the total sample varied between 21.5 and 27.4% . 
 the prevalence of depression was 21.1% , tobacco abuse / dependence was 40.2% , and alcohol was 20.3% . 
 women had significantly higher levels of anxiety and depression than men . 
 men had higher levels of substance abuse / dependence indicators than women . conclusion . 
 these results are consistent with the literature , which attests to the high prevalence of psychiatric disorder indicators in cancer patients , especially compared to the general population .","introductionthe aim of it is objectives and study was to investigated their aim of of cancer cancer. the patients as patients who presented the intervention from the need for breast cancer and therapy of management . although patients .methods.results: this study of patients had increased increased )  present study was to investigate the findings of any questionnaire .methods: this .materials and methods . . results to the results , the prevalence of age and patients from baseline and the effect of this review when the follow - related ( f. this population . in a total total of the control ; p = 0.01 . at the management of the first time at the mean age of this study to compare the clinical studies on both patients presented to , 0.01 , but the aim of a high of cancer , the incidence of , the other complications . furthermore hiv - term symptoms . data from both groups ( p . a questionnaire are no significant . the other patients , all children , all cases . the highest survival . in the diagnosis is to determine the patients with 6 days using other findings were included during the management of patients have been developed , but not observed in ) . the study and the current clinical data data or the data is significant difference in the results showed a new care may not that the age of the present in the prevalence of the risk and there is to identify cancer . to the , especially in non - way to the risk of the prevalence and the diagnosis and , were similar for two two cases have required in group .",0.26666666666666666,0.2601626016260163,0.26337448059746993,0.06030150753768844,0.05042016806722689,0.054919903506642886,0.25833333333333336,0.25203252032520324,0.25514402792257285
"adult - onset erythromelalgia ( em ) is a rare disease characterized by episodic bouts of burning pain and erythema for which the optimal therapy is unclear . in this report 
 , we describe a 68-year - old japanese woman with adult - onset em . 
 intravenous administration of methylprednisolone sodium succinate 1,000 mg / day dramatically improved her pain as evaluated by the visual analog scale . 
 although the patient 's pain gradually developed again , it could be controlled with pregabalin . 
 our present case might suggest a possible , optimal therapy for adult - onset em .","a case of this case or the clinical case reported . we present the most common , the upper upper abdominal complications was performed using the case . one of the primary primary . a case and this case of the left eye . the a case of 1 . they were present a rare case of our reports about the patient was diagnosed by the incidence of the lesion of the left eye . this report the second - old old girl was noted for our report we report a a rare , including . although the tumor , the a case suggests that as as a left , there was considered angiangiangiangiangiangiemia in this review of any evidence of an appropriate clinical diagnosis . we report a case of a very performed for non - old man presented with a history of the left side of the patient were performed a case of this report a significant with both patients with . such patients .",0.29577464788732394,0.3,0.29787233542578345,0.07954545454545454,0.05511811023622047,0.06511627423428916,0.2676056338028169,0.2714285714285714,0.2695035410995423
"nontuberculous mycobacteria ( ntm ) have been increasingly recognized as an important cause of chronic pulmonary infections . 
 the mycobacterium avium complex ( mac ) , which is composed of two species , mycobacterium avium and mycobacterium intracelluare , is the most commonly encountered pathogen associated with ntm lung disease . mac pulmonary infection typically presents in a fibrocavitary form or a nodular bronchiectatic form . 
 however , there have been atypical presentations of mac pulmonary infections , including solitary pulmonary nodules ( spn ) . 
 there have been several previous reports of spn due to mac infection in the united states , japan , and korea . in 2009 , 
 sekine and colleagues reported a case of mac pulmonary infection presenting with multiple nodules . to date , however , there have been no cases of ntm lung infection with multiple cavitary pulmonary nodules , and neither a fibrotic change nor nodular bronchiectasis . 
 the present case showed a multiple cavitating nodular lung infection due to mac , which is very rare and different from the typical presentation of mac pulmonary infections . 
 we also showed that percutaneous transthoracic needle aspiration can be a useful diagnostic tool to evaluate a case of multiple cavitary nodules .","objectivethe patients with serum ) and methods , and tb is considered patients and intra intraperitoneal disease of the abdominal abdominal a patient had a case of , and 2 diabetes . the histo. he hemomomomomomomomomomomomodynamic disease .results:the . although the follow - c - tologic trial for the patient was removed after a , which be used after surgery ( . the best dna or anti - negative . therefore ) and the presence of the disease , the patient . although the treatment , which were significantly than ) t cell carcinoma ( 15 days of the diagnosis of blood loss in patients who had undergone tnf - based on the follow - old female patient , which were the first cases in the first first-m and the patients were observed in the diagnosis for the presence of tumor and patient to be effective treatment of a non - old woman had had a left left , there showed increased increased h - mri are reported with s was a . in treatment of the diagnosis with the patient of 6 months after the patient . he. patient ( cmg. a rare .conclusion:a in the incidence of type of the literature .",0.20388349514563106,0.22105263157894736,0.21212120712937466,0.03550295857988166,0.03571428571428571,0.03560830360538598,0.1650485436893204,0.17894736842105263,0.1717171667253343
"biting midges ( culicoides : ceratopogonidae ) were collected by mosquito magnet traps at the neutral nations supervisory commission ( nnsc ) camp and daeseongdong village inside the demilitarized zone ( dmz ) and near the military demarcation line ( mdl ) separating north and south korea and at warrior base ( us army training site ) and tongilchon 3 km south of the dmz in northern gyeonggi province , republic of korea ( rok ) , from may - october 2010 - 2012 , to determine their seasonal distributions . 
 a total of 18,647 culicoides females ( 18,399 ; 98.7% ) and males ( 248 ; 1.3% ) comprising 16 species were collected . 
 overall , the most commonly collected species was culicoides nipponensis ( 42.9% ) , followed by c. erairai ( 29.2% ) , c. punctatus ( 20.3% ) , c. arakawae ( 3.3% ) , c. pallidulus ( 1.8% ) , and c. circumscriptus ( 1.4% ) , while the remaining 10 species accounted for only 1.1% of all culicoides spp . 
 collected . 
 the seasonal distribution of c. nipponensis was bimodal , with high numbers collected during may - june and again during september . 
 c. erairai was more frequently collected during june - july , followed by sharply decreased populations from august - october . c. punctatus was collected in low numbers from may - september with high numbers collected during october . c. erairai was predominantly collected from the nnsc camp ( 85.1% of all c. erairai collected ) located adjacent to the mdl at panmunjeom in the northernmost part of gyeonggi - do ( province ) , while other sites yielded low numbers of specimens .","purposethis study design in an efficient , which show the number of the aim of co - choleholecystitis on this review is to detect . methods - dimensional , which .results . , in both the level of the current , including p , and the study was to the , the samples . in the field of a single and their research of a unique in particular . , and the use of the effect of the use was to compare which will be considered an inflammatory activity that based . results in the data suggest that a total of life ) , which had been described the other other data were found for the development of , and to analyze the . to find from the time of medical students and 9 . the second method to analyze the data ) ) and a decrease the first and 10 mm , and 1 ) and quality of the time to a cross - - generation , the ability to develop with both by two groups , the . the same at , as well of .",0.15328467153284672,0.23333333333333334,0.18502202164606354,0.040160642570281124,0.06369426751592357,0.04926107900058285,0.145985401459854,0.2222222222222222,0.17621144895883883
"the extremely poor outcome from pancreas cancer is well known . however , its aetiology less well appreciated , and the molecular mechanisms underlying this are poorly understood . 
 tobacco usage is one of the strongest risk factors for this disease , and this is a completely avoidable hazard . 
 in addition , there are well described hereditary diseases which predispose , and familial pancreas cancer . 
 we have sought here to summarise the role of tobacco - derived carcinogens and the mode of their tumorigenic action on the pancreas . 
 there is compelling evidence from animal and human studies ( laboratory including cell line studies and epidemiologic ) that tobacco derived carcinogens cause pancreas cancer . 
 however , the manner in which they do so is not entirely apparent . 
 there is also compelling evidence that synergism with genetic and other life - style factors  like diet obesity 
 results in a multifactorial causation of the disease . ascertaining the role of tobacco carcinogens in the development of this cancer and their interaction with other risk factors will enable novel therapeutic and preventative strategies to improve outcome from this appalling malignancy .","a key of this report of cancer for cancer to investigate the effect of cancer , as patients with acute carcinoma is a small and clinical practice in the treatment can can be likely to examine the purpose of the risk factors. patients to investigate .materials and methods , most common cancer a wide complication of this study have been observed by multiple , and may the use of a comprehensive in patients were identified in our cases in women were used for two factors , the data data was found at the treatment , and a total of both the effect of the factors .results: the effects between the current study may may be used for the results or nonfocal symptoms based on a standard , it is a high factor are diagnosed in the treatment , the use for an important of .",0.16822429906542055,0.23376623376623376,0.19565216904595947,0.041916167664670656,0.0546875,0.04745762220603326,0.1588785046728972,0.22077922077922077,0.18478260382856818
"introduction : carpal instability is broad category consisting of various patterns of injury , with dissociative type more common.case report : a 13 -year -old boy presented at 6 months following a fall with restriction of wrist movements . patient had sustained a closed distal one -third both bones fracture forearm fixed with k -wire , and volar lunate instability was found during sequential follow -up.conclusion : posttraumatic carpal instability should be identified at the earliest to avoid poor hand function and morbidity associated with it .","the anterior anterior anterior anterior anterior ) is a total of the patient who with , we describe a case revealed acute computed tomography to have been been reported in the first patient developed an low time , . such as chronic and treatment of the literature in the patient is a case of the most cases involving the case of the treatment and the initial findings , respectively as well as the patient was used by a case of the patient revealed a case of an important studies have been used to the differential diagnosis for . the patient was associated with with with the right kidney tumor of the case suggests this case report in a small old man underwent a clinical and the patients with .",0.18055555555555555,0.20967741935483872,0.19402984577411464,0.023529411764705882,0.02,0.02162161665449347,0.16666666666666666,0.1935483870967742,0.17910447263978627
"the international society for extracellular vesicles ( isev ) has organised its first educational online course for students and beginners in the field of extracellular vesicles ( evs ) . 
 this course ,  basics of extracellular vesicles ,  uses recorded lectures from experts in the field and will be open for an unlimited number of participants . 
 the course is divided into 5 modules and can be accessed at www.coursera.org/learn/extracellular-vesicles . 
 the first module is an introduction to the field covering the nomenclature and history of evs . 
 module 2 focuses on the biogenesis and uptake mechanisms of evs , as well as their rna , protein and lipid cargo . 
 module 3 covers the collection and processing of cell culture media and body fluids such as blood , breast milk , cerebrospinal fluid and urine prior to isolation of evs . 
 modules 4 and 5 present different isolation methods and characterisation techniques utilised in the ev field . 
 here , differential ultracentrifugation , size - exclusion chromatography , density gradient centrifugation , kit - based precipitation , electron microscopy , cryo - electron microscopy , flow cytometry , atomic - force microscopy and nanoparticle - tracking analysis are covered . 
 this first massive open online course ( mooc ) on evs was launched on 15 august 2016 at the platform 
 coursera  and is free of charge .","two system in its its novel care were investigate the effect of of the aim of the study. here , research , is to assess the data is to the the effect is to compare the data are known to determine the effects of the effects of the genome - up on the use of the field . a cross - way to compare the human diseases to to the results , a web of how the molecular , has been been recommended a unique for their studies . the quality of the development of several quality are to improve the aim on the data , the . among the development of of this data are been been known to the molecular data . the same of this review for the two cases , also by the quality of the role of a high period of human human teeth , and the use of information - related to their their review .",0.13178294573643412,0.26153846153846155,0.17525772750292284,0.01932367149758454,0.032,0.02409638084718483,0.11627906976744186,0.23076923076923078,0.15463917080189196
"background and aimmultiparametric - magnetic resonance imaging ( mp - mri ) is the main imaging modality used for prostate cancer detection . 
 the aim of this study is to evaluate the diagnostic performance of mp - mri at 1.5-tesla ( 1.5-t ) for the detection of clinically significant prostate cancer.methodsin this ethical board approved prospective study , 39 patients with suspected prostate cancer were included . 
 patients with a history of positive prostate biopsy and patients treated for prostate cancer were excluded . 
 all patients were examined at 1.5-t mri , before standard transrectal ultrasonography 
 guided biopsy.resultsthe overall sensitivity , specificity , positive predictive value and negative predictive value for mp - mri were 100% , 73.68% , 80% and 100% , respectively.conclusionour results showed that 1.5 t mp - mri has a high sensitivity for detection of clinically significant prostate cancer and high negative predictive value in order to rule out significant disease .","background s , patients in the aim and cancer in the treatment . the effects of the patient underwent non - day after .objective: the study conducted to assess its present study as the mean age of the present study in patients were significantly higher with the . the association ( 3 cm  0.05 peritoneal biopsy after lung cancer in , there ( .materials and cancer . we observed in the control .results:the study was conducted conducted with treatment.materials and cancer patients and normal kg , was no significant differences between the clinical clinical clinical study was to determine . the study.materials and histggs:of the age of . this time .methodclusion:the study. the risk of cancer patients , respectively , a significant difference in addition ) , snp , and 6 patients were more common surgery with cancer patients were measured .the mean age and , and the risk. the risk period , , and cancer were divided into the age t2 ( lms of all s and non - term incidence of pcv . we showed that but not improved improved improved the mostly with .. this study showed a low range of lung cancer ] , and methods , a higher in the two h3 ( p , after patients with .results, 3d tmms is significantly higher than after . the mean ) , and hcc that p =",0.2976190476190476,0.24752475247524752,0.27027026531249093,0.058823529411764705,0.042105263157894736,0.04907974973841743,0.27380952380952384,0.22772277227722773,0.24864864369086936
"protein kinase c ( pkc ) signals through rhoa to modulate cell invasion and motility . in this study , 
 the multifaceted interaction between pkc and rhoa was defined . 
 phosphopeptide mapping revealed that pkc phosphorylates rhoa at t127 and s188 . 
 recombinant pkc bound to recombinant rhoa in the absence of atp indicating that the association between pkc and rhoa does not require an active atp - docked pkc conformation . 
 activation of pkc resulted in a dramatic coordinated translocation of pkc and rhoa from the cytoplasm to the cell membrane using time - lapse fluorescence microscopy . 
 stoichiometric fret analysis revealed that the molecular interaction between pkc and rhoa is a biphasic event , an initial peak at the cytoplasm and a gradual prolonged increase at the cell membrane for the entire time - course ( 12.5 minutes ) . 
 these results suggest that the pkc-rhoa complex is assembled in the cytoplasm and subsequently recruited to the cell membrane . 
 kinase inactive ( k437r ) pkc is able to recruit rhoa to the cell membrane indicating that the association between pkc and rhoa is proximal to the active catalytic site and perhaps independent of a pkc-rhoa phosphorylation event . 
 this work demonstrates , for the first time , that pkc phosphorylates and modulates the cell membrane translocation of rhoa .","the aim of the mechanisms of a very common kidney tumors have been investigated for cancer cells of the cell carcinoma ( e. we observed , the cells by a major tumor cells was to been reported that that we of inflammation fibroogenic diseases should be associated with this study was to evaluate the use of breast cancer cancer , the the cell carcinoma who was to the effects of human , including , p ) , and it is a novel , including e - cell cell cancer . the , 2 months  0.001 . the cell carcinoma . we assessed by il-6 cells ( 3 months , which that , we hypothesized that including an effective , arr . the cell metastasis ) is useful factor ( 2 weeks , and the development or . we collected data in tumor - cell disease - e - induced tumor in all cells . of btm , and r = 0.37 . ap were collected from the disease , we reviewed after tologically not an association between the cell cell carcinoma ( pcc , and methods .",0.21568627450980393,0.24175824175824176,0.22797926962764112,0.047058823529411764,0.050314465408805034,0.048632213850574695,0.20588235294117646,0.23076923076923078,0.21761657532712297
"purposeto evaluate prospectively the role of prostate - specific antigen ( psa ) density in predicting gleason score upgrading in prostate cancer patients eligible for active surveillance ( t1/t2 , biopsy gleason score6 , psa10 ng / ml , and 2 positive biopsy cores).materials and methodsbetween january 2010 and november 2013 , among patients who underwent greater than 10-core transrectal ultrasound - guided biopsy , 60 patients eligible for active surveillance underwent radical prostatectomy . by use of the modified gleason criteria , 
 the tumor grade of the surgical specimens was examined and compared with the biopsy results.resultstumor upgrading occurred in 24 patients ( 40.0% ) . 
 extracapsular disease and positive surgical margins were found in 6 patients ( 10.0% ) and 8 patients ( 17.30% ) , respectively . a statistically significant correlation between psa density and postoperative upgrading 
 was found ( p=0.030 ) ; this was in contrast with the other studied parameters , which failed to reach significance , including psa , prostate volume , number of biopsy cores , and number of positive cores . 
 tumor upgrading was also highly associated with extracapsular cancer extension ( p=0.000 ) . 
 the estimated optimal cutoff value of psa density was 0.13 ng / ml2 , obtained by receiver operating characteristic analysis ( area under the curve=0.66 ; p=0.020 ; 95% confidence interval , 0.53 - 0.78).conclusionspsa density is a strong predictor of gleason score upgrading after radical prostatectomy in patients eligible for active surveillance . because tumor upgrading increases the potential for postoperative pathological adverse findings and prognosis , 
 psa density should be considered when treating and consulting patients eligible for active surveillance .","background : an common cancer of patients associated with patients with a patient patient with a clinical association ( , and to assess the use of cancer surgery ) and treatment was measured in the literature ) ) patients with lung cancer mandibular rate ) . the risk factors increased risk ( n = ; p 0.001 ) ) were identified in patients who who underwent tumor ( p = 0.2 ) of the non - dose of both patients who who had both with the serum , the same mortality and an effective for men with risk factors ( . in all patients was assessed in cancer years , and 8 months , but there was used in all patients ( the prevalence of all all all patients with .results: a patient was calculated as a total of the aim of . this study were evaluated by ) in . the treatment in this study was assessed by serum levels were treated with serum . our association of pres and treatment ) after the patients ( r=ct / r = = conclusion during h / g / kg : p- ) were selected and , we present in the patients with the patients in this retrospective retrospective study was to the median follow - d - time in this study was measured by the other population of age - associated with a positive correlation . in the association between this study was no statistically significant correlation between the patients with the effect of msthe mean in patients ( , but not be considered the incidence of both cases after the first - stage stage after follow - type 2 days after the same same risk of cancer patients . the risk of the number of this article , b3 ; 95% ci ci , p , p .conclusion:we report can affect treatment ( pneuth weeks dna.conclusions in patients , and one of hcc group .",0.2565789473684211,0.2932330827067669,0.27368420554853806,0.08300395256916997,0.07954545454545454,0.08123790602740885,0.25,0.2857142857142857,0.266666661688889
"mucosa - associated lymphoid tissue ( malt)-type lymphoma is a relatively rare disease ; nevertheless , it is the third most common lymphoma type , accounting for 57% of all non - hodgkin lymphomas . 
 case series and retrospective analysis published in the literature have suggested that extra gastrointestinal ( gi ) malt - type lymphoma can occur simultaneously with malt - type lymphoma involving the gi tract . 
 we report the case of a healthy , 64-year - old caucasian male who presented with progressive fatigue , non - productive cough , and worsening exertional shortness of breath for 3 months who was subsequently diagnosed with gastric extra - nodal marginal zone b - cell lymphoma or maltoma with simultaneous metastasis to the lung ( bronchi ) based on biopsy reports.case presentationa 64-year - old caucasian male presented to the emergency room complaining of progressive fatigue for 3 months which had progressed to the point of hindering his usual activities of daily living ( adl ) . 
 he had recently visited his primary care provider for evaluation of a non - productive cough and exertional shortness of breath . 
 a chest radiography obtained at the time showed bilateral infiltrates . 
 he was then treated for atypical pneumonia but his symptoms unfortunately did not improve . 
 initial investigations in the emergency room revealed severe anemia and a positive stool guaiac test . 
 imaging showed bilateral pulmonary infiltrates and an irregular gastric mass . 
 gastric and transbronchial biopsies were suggestive of extra - nodal marginal zone b - cell lymphoma with simultaneous metastasis to the bronchi . 
 he was treated symptomatically with transfusion of packed red blood cells ( prbc ) and intravenous iron followed by radiotherapy . 
 helicobacter pylori infection was ruled out eliminating the possibility of treating him with eradication therapy.conclusionalthough the stomach is the most common and most extensively studied site of involvement of malt lymphomas , they can also emerge in many other locations . 
 malt lymphomas have a high tendency to disseminate to other sites ; therefore , extensive staging may be necessary to look for suspicious lesions .","the possibility of the treatment of , as a small - old woman , it underwent a few patient , a unique has been reported for . we report the patient with a case of tumor of renal .",0.06598984771573604,0.5,0.1165919261911561,0.023178807947019868,0.19444444444444445,0.04142011643990065,0.06598984771573604,0.5,0.1165919261911561
"objectivesto examine the benefits , limitations and ethical issues associated with conducting participatory research on tobacco use using youth to research other youth.study designcommunity - based participatory research.methodsresearch on tobacco use was conducted with students in the klem dene school and kaw tay whee school in the northwest territories , canada , using photovoice . 
 the grade 912 students acted as researchers . 
 researcher reflections and observations were assessed using 
 member checking ,  whereby students , teachers and community partners could agree or disagree with the researcher 's interpretation . 
 the students and teachers were further asked informally to share their own reflections and observations on this process.results and conclusionsusing youth to research other youth within a participatory research framework had many benefits for the quality of the research , the youth researchers and the community . 
 the research was perceived by the researchers and participants to be more valid and credible . 
 the approach was more appropriate for the students , and the youth researchers gained valuable research experience and a sense of ownership of both the research process and results . viewing smoking through their children 's eyes 
 was seen by the community to be a powerful and effective means of creating awareness of the community environment . 
 limitations of the approach were residual response bias of participants , the short period of time to conduct the research and failure to fully explore student motivations to smoke or not to smoke . 
 ethical considerations included conducting research with minors , difficulties in obtaining written parental consent , decisions on cameras ( disposable versus digital ) and representation of all participants in the final research product .","[ purpose : is is a rare care students of community , which be used for the first literature , has essential.results:this review for the intervention , were selected in the aim of this study was to the purpose of how how it was to examine the first - related to assess assess the relationship between each in terms of data used by a large data as a structured center in children with the current research research health population . to investigate the results , as a self and questionnaire questionnaire among the problem .methods - sectional data on how the health health survey was to compare and methods . the survey between the first first case is to be used at the results . we found to be used to achieve the knowledge for the importance of health practice .",0.17142857142857143,0.3287671232876712,0.22535210817077744,0.020833333333333332,0.03968253968253968,0.0273223998566701,0.15,0.2876712328767123,0.19718309408627047
"purposewe describe an unusual clinical finding of a free - floating iris cyst in a patient with recurrent iritis.methodthe clinical finding of a free - floating iris cyst was recorded using slit - lamp photography.resultsa 39-year - old male with a 5-year history of recurrent right iritis was found to have a small mobile iris cyst within his right anterior chamber , first identified 3 years ago . 
 the patient did not experience any discomfort or visual symptoms resulting from the cyst.conclusionsurgical removal is not indicated for asymptomatic non - progressive free - floating iris cysts . 
 the significance of a free - floating iris cyst in the setting of recurrent iritis remains unknown .","an uncommon management of the lesion . the literature . a rare in the distal , with a rare and clinical history of these characteristics . in . this management of the clinical studies . in which was demonstrated that was treated with recurrent . with a case report , the patient had had had one stage . we report our hospital of the initial initial lesion was no no patient with laparoscopic surgery . the patient with anly are are the case of the need for the primary primary clinical signs of the patient had any treatment , patients and no case with the patients underwent underwent a few cases of the right right disease in all the case , and severe , including an high follow - up , as well",0.22535211267605634,0.25806451612903225,0.24060149878229417,0.06451612903225806,0.05454545454545454,0.05911329552767641,0.22535211267605634,0.25806451612903225,0.24060149878229417
"aimthe aim of this study was to determine the prevalence of celiac disease in iranian patients suffering from chronic depression or schizophrenia.backgroundpsychiatric disorders are common in untreated celiac disease.patients and methodstwo hundred iranian inpatient men with in chronic phase of depressive disorders or schizophrenia , and 200 age - matched healthy male subjects were screened for celiac disease by anti - tissue transglutaminase iga antibodies . 
 the mean age of the study patients was 37 years.resultsone ( 1% ) schizophrenic and two ( 2% ) depressive patients were positive for anti - tissue transglutaminase iga antibodies ; duodenal biopsy was not possible in these subjects . in the control group one ( 0.5% ) 
 individual was positive for anti - tissue transglutaminase iga antibodies , but had normal duodenal histology . 
 the difference between patients and controls was not statistically significant.conclusionthe frequency of celiac disease serology in schizophrenic and depressive inpatients was not significantly higher than that in the general population 
 . we would therefore not advocate systematic serologic screening in these patients , but alertness to celiac disease should be kept in mind .","background background and : a common blood - old woman with an increase of ) ]] the world , respectively ( icc , and methods td cutaneous blood blood - titis was no effect in the association between the patients with , and compared with higher in papillary tumors of patients were enrolled in group p3 patients. the presence of the presence of .materials and patients with a better in the study was significantly increased ( 0.72 , 3 months of all patients with the effect on the control group group , the patients . we conclude the present study . [ patients with , and serum bgf / kg / hsthe study ) t. results . the patients .",0.2,0.328125,0.2485207053534541,0.05660377358490566,0.08653846153846154,0.06844105985745091,0.18095238095238095,0.296875,0.22485206630019966
"neisseria meningitidis is a gram - negative pathogen that actively invades its human host and leads to the development of life - threatening pathologies . 
 one of the leading causes of death in the world , n. meningitidis can be responsible for nearly 1,000 new infections per 100,000 subjects during an epidemic period . 
 the bacterial species are classified into 12 serogroups , five of which ( a , b , c , w , and y ) cause the majority of meningitides . 
 the three purified protein conjugate vaccines currently available target serogroups a , c , w , and y. serogroup b has long been a challenge but the discovery of the complete genome sequence of an menb strain has allowed the development of a specific four - component vaccine ( 4cmenb ) . 
 this review describes the pathogenetic role of n. meningitidis and the recent literature concerning the new meningococcal vaccine .",", and research , it is a safe to determine the major efficacy of ps is is a novel , are well report of the impact of , and the role of the aim of the development of our institution , and , and pss , which for the effect on . a novel genes of human - old to be the .results: a major majorly show it also been present present a strong role of cd - like ) : a cross - resistant by the present objective of its effects . the other different in children were analyzed that in children , an an essential for the expression of our study , the potential of the most frequent mechanisms , and control group of the results . they are .results:this review was carried out of , an to improve the level of the mechanisms between the effect on the . the effect of the same , and methods , we have been diagnosed with . the effect of c.conclusion: a single and , can be needed to be established from 6 and the second , but not be associated with s by these data for a key for control control , , of these findings. p = 0.001 ) , and 6 weeks after after the prevalence of both the use of the expression , and it is a very uncommon as a higher than a very . there was measured with a significant value , with . although non - choleholeholeholecyst in some some problem , as to 6 months such as as a single - induced the frequency of , is to the , these data from 1 year of the effects of a significant differences ) , , and , a variety of , and a large - : in addition . there were morely in the effect in the effects for the number in this this retrospective review of the presence of the most in the factors to be established . there were used for the present and a total of those with an important aspects in order to 1 . data and p =0.05 , are detected in the presence of them 0.001 and , as a ) s was also that that the prevalence of their role in vivo ; this is to analyze the use of the disease ( p , for . the risk for the , with any relationship between the effect of children , and the incidence and",0.2727272727272727,0.16875,0.20849420377155986,0.07971014492753623,0.03353658536585366,0.04721029626038461,0.24242424242424243,0.15,0.18532818060553669
"systemic lupus erythematosus ( sle ) is a multisystem autoimmune disease with different variety of clinical manifestations . 
 natural killer t ( nkt ) cells are innate lymphocytes that play a regulatory role during broad range of immune responses . 
 a number of studies demonstrated that the quantity and quality of invariant nkt ( inkt ) cells showed marked defects in sle patients in comparison to healthy controls . 
 this finding suggests that inkt cells may play a regulatory role in the occurrence and development of this disease . in this review 
 , we mainly summarized the most recent findings about the behavior of nkt cells in sle patients and mouse models , as well as how nkt cells affect the proportion of t helper cells and the production of autoreactive antibodies in the progress of sle . 
 this will help people better understand the role of nkt cells in the development of sle and improve the therapy strategy .","a cell - old effects of a rare and cell , cells was assessed using . in the cell or the mechanism and cell diseases are associated with a major . many that this report of human , it was present a rare . since the cells of s ] in the expression were used as mrnarna . a novel diseases ) , but ) . however tcc gene cells in the effect in the expression of this review on cell .",0.1590909090909091,0.30434782608695654,0.20895521937179784,0.02877697841726619,0.057971014492753624,0.03846153402782966,0.13636363636363635,0.2608695652173913,0.17910447310314112
"the success of a combined periodontal and endodontic lesion depends on the elimination of both of these disease processes . in the case of a combined endo - perio lesion , the endodontic therapy results in healing of the endodontic component of involvement while the prognosis of tooth would finally depend on the healing of the periodontal structures . 
 this case report evaluates the efficacy of bioactive glass in the management of furcation defect associated with an endo - perio lesion in a right mandibular first molar . a 22-year - old male patient with an endo - perio lesion in the right mandibular first molar 
 was initially treated with endodontic therapy . following the endodontic treatment , 
 the furcation defect was treated using bioactive glass in a putty form . at the end of 9 months 
 , there was a gain in the clinical attachment level and reduction in probing depth . 
 radiographic evidence showed that there was a significant bony fill .","this case case suggests a rare entity : a case was characterized as chronic chronic chronic bleeding . we present a multimedmedmedmedmed - year - old to the patient of the use , an uncommon and one year patient , which can be difficult to the brain features of the first series series is rare disease by the patient had a complete . we describe the patient and non - old woman who developed a rare rare hospital ed the most common treatment should be a case of the right treatment was considered to the brain loss , which was performed in the most effective with the clinical and the same number of these cases of other role in the right .",0.24691358024691357,0.30303030303030304,0.27210883858947665,0.06349206349206349,0.07766990291262135,0.06986899068362576,0.24691358024691357,0.30303030303030304,0.27210883858947665
"this paper , developed by consensus of staff physicians of accredited asthma units for the management of severe asthma , presents information on the process and requirements for already - existing asthma units to achieve official accreditation by the spanish society of pneumology and thoracic surgery ( separ ) . 
 three levels of specialized asthma care have been established based on available resources , which include specialized units for highly complex asthma , specialized asthma units , and basic asthma units . 
 regardless of the level of accreditation obtained , the distinction of  excellence  could be granted when more requirements in the areas of provision of care , technical and human resources , training in asthma , and teaching and research activities were met at each level . the spanish experience in the process of accreditation of specialized asthma units , particularly for the care of patients with difficult - to - control asthma , 
 may be applicable to other health care settings .","the aim of the association to to to compare the role of the present the purpose of the most present study to be an independentsthe aim of their data data that that study was to to design design to evaluate the health was to evaluate these health , with the most common , respectively ( ete ( r .materials and methods , which developed the patients , health - operative care and the ) had the world and and to treat patients , the prevalence of research ( n=conclusion: , and practice . most common , , and , and the treatment. . the intervention was to evaluate the data in the outcome and treatment treatment and and . twenty . the management of , the clinical and ) and 6 months . the presence of hospital . the patients had possible ) . the first period of this study the quality of the diagnosis of the two days to the time .conclusion , while not found in the care care , in both health has been described ; however , one care care ] , the quality of the knowledge that be used . in the use ) for , whereas be aware of patients and treatment . this group were found to confirm to find using two period with 55.3% , in the data for the patients with the , a long - .",0.2558139534883721,0.23404255319148937,0.2444444394543211,0.08571428571428572,0.0625,0.07228915174916567,0.23255813953488372,0.2127659574468085,0.2222222172320989
"the use of 2  2000  mg myoinositol + 2  200  g folic acid per day is a safe and promising tool in the effective improvement of symptoms and infertility for patients with a polycystic ovary syndrome ( pcos ) . using a questionnaire 
 an observational study was performed under german gynecologists to collect data on ovulation and pregnancy rates in pcos patients with infertility . in this observational study , 
 3602 infertile women used myoinositol and folic acid between 2 and 3 months in a dosage of 2  2000  mg myoinositol + 2  200  g folic acid per day . in a subgroup of 32 patients , hormonal values for testosterone , free testosterone , and progesterone 
 were analyzed before and after 12 weeks of treatment . 
 the mean time of use was 10.2 weeks . during this time 70% of these women had a restored ovulation , and 545 pregnancies were obtained . 
 this means a pregnancy rate of 15.1% of all the myoinositol and folic acid users . in 19 cases a concomitant medication with clomiphene or dexamethasone 
 was used . 
 one twin pregnancy was documented . 
 testosterone levels changed from 96.6  ng / ml to 43.3  ng / ml and progesterone from 2.1  ng / ml to 12.3  ng / ml ( p < 0.05 ) after 12 weeks of treatment . 
 no relevant side effects were present among the patients . 
 this study could show that a new treatment option for patients with a pcos and infertility is available . 
 the achieved pregnancy rates are at least in an equivalent or even superior range than those reported by the use of metformin .","objective in two methods ) , with with various response to assess the purpose of oral diseases for health management of other other management of women . all the last women for two patients with various various . to the results , and . we investigated the treatment . the patient underwent systemic systemic treatment was to 2 . the current time for the effect of these findings of patients . however . a few and high - dependent treatment for acute blood cell weight rate of women are are considered with 31.2% have been shown to the need for the mean group , respectively , with the diagnosis , it has the patients with a case of . a useful as . . [ results as a good outcome of patients with an an high - square , clinical features . the use of the control and p os .results: the mean 14.3% of the first first age 1 mm - positive of blood ) , 26.7% of patients underwent a significant studies ) , and , a significant difference of the results results indicate that the study shows the use in 10.4% . the same in the disease was associated with , the first and compared with a total of the incidence of life .conclusion. results of the same time , the use of the , in women in the effects of cardiovascular cardiovascular effects t cell complications of these results of this is increased , and higher higher risk of women aged , it is significantly higher percentage of the presence of the second - operatively that can predict the efficacy of the same rates .results:the role of women ( a result of blood is a significant value showed that that the best of children and in the presence of the literature into the , and the current study was removed when not observed in the current report report , a significant differences between groups may be higher prevalence of an independent ( p 0.05 of ; the most most cause of the effect of the two groups , the results , the effect of the risk factors and the patients with the study aims .resultsof the most as well as a significant difference in this is an increase among the diagnosis of adipdipon is is important to a major research of , and methods .conclusions , is unknown to be considered as those in a significant change on 47.5%. although long - like the results results are considered a higher , the most common in the intervention",0.2765957446808511,0.22413793103448276,0.247619042673923,0.08296943231441048,0.05571847507331378,0.06666666185971103,0.2553191489361702,0.20689655172413793,0.22857142362630392
"it is known that thyroid hormone is an important regulator of cancer development and metastasis . 
 what is more , changes across the genome , as well as alternative splicing , may affect the activity of the thyroid hormone receptors . 
 mechanism of action of the thyroid hormone is different in every cancer ; therefore in this review thyroid hormone and its receptor are presented as a regulator of renal cell carcinoma .","backgrounds in chronic , and cancer and study , as , and methods , the treatment , in the function , with ct . this study . the effect on anti - inflammatory cells , , csthis findings on anova , p = 1.09 mt2 ( , which which are in . furthermore , and serum a low low . in the presence of a possible possible possible risk suggests increased increased cell carcinoma and his histototopathology of the patients dna . after an , we report sb ) . the cell carcinoma of clinical clinical reports of cancer ) . the t-1 and . the risk of of breast cancer , but have a patient received the present a very important important role of tumor and b and a large large .",0.30434782608695654,0.2028985507246377,0.2434782560695653,0.06451612903225806,0.03389830508474576,0.04444443992839552,0.2826086956521739,0.18840579710144928,0.22608695172173923
"within the last four decades , our view of the mature vertebrate brain has changed significantly . today 
 it is generally accepted that the adult brain is far from being fixed . a number of factors such as stress , adrenal and gonadal hormones , neurotransmitters , growth factors , certain drugs , environmental stimulation , learning , and aging change neuronal structures and functions . the processes that these factors may induce are morphological alterations in brain areas , changes in neuron morphology , network alterations including changes in neuronal connectivity , the generation of new neurons ( neurogenesis ) , and neurobiochemical changes . here 
 we review several aspects of neuroplasticity and discuss the functional implications of the neuroplastic capacities of the adult and differentiated brain with reference to the history of their discovery .","a variety of this study will study was confirmed with the presence of a new clinical practice will used. several to investigate the mechanisms of these information .materials and the current current time by this study was to compare the effect of of it was found that are frequently found , a standard role based on the , of other of the potential of the field of the incidence of the number of its efficacy of the response , as an , the results are now in a new clinical clinical practice .methods a a patient . all ) is a case of the data in the patient with the the role of a total and , and in the role of our study ) and . the role of , the development have been shown to the , the effect of the patient. in the role role in the number of this case of the results. it was to the main disease has been achieved at least three.",0.22727272727272727,0.28169014084507044,0.2515723221011828,0.03968253968253968,0.03875968992248062,0.03921568127520248,0.19318181818181818,0.23943661971830985,0.21383647304457906
"oroantral fistula ( oaf ) and oral candidiasis are common to come across as separate individual lesions . 
 however when candida organisms infect maxillary sinus through oaf then diagnosis should not be limited to clinical diagnosis only . 
 in such situation role of cytological examination can prove to be fruitful . 
 a female with chronic long standing oaf , not responding to conventional treatment approach is reported . 
 on incisional biopsy , the case was diagnosed as chronic maxillary sinusitis with oaf . 
 however patient did not respond to any treatment approach and later presented with a more progressive lesion involving maxillary sinus . 
 a cytosmear stained with periodic acid schiff stain , revealed the presence of numerous candidal hyphae . 
 finally , case was diagnosed as oaf with a superadded candidal infection . 
 patient responded well to antifungal treatment followed by reclosure of oaf . 
 we should not neglect a simple cytological examination which may prevent wrong diagnosis and wrong treatment .","an alternative of is a major surgical treatment for non - old female presented with an uncommon disorder with intra - old man presented with left to the treatment . the following is important .. our results tologically on the right intraveitis . we describe the tumor . although the right . the case of the case of the patient and a rare case of these cases of laparoscopic pain in the most , old girl was presented within the second is involved in order to a case of . however . the diagnosis .",0.18811881188118812,0.3584905660377358,0.2467532422389948,0.013888888888888888,0.02564102564102564,0.018018013459947583,0.1782178217821782,0.33962264150943394,0.23376622925198184
"objectiveearly developmental adaptations in response to undernutrition may play an essential role in susceptibility to type 2 diabetes , particularly for those experiencing a  mismatched rich nutritional environment  in later life . 
 we examined the associations of exposure to the chinese famine ( 19591961 ) during fetal life and childhood with the risk of hyperglycemia and type 2 diabetes in adulthood.research design and methodswe used the data for 7,874 rural adults born between 1954 and 1964 in selected communities from the cross - sectional 2002 china national nutrition and health survey . 
 hyperglycemia was defined as fasting plasma glucose 6.1 mmol / l and/or 2-h plasma glucose 7.8 
 mmol / l and/or a previous clinical diagnosis of type 2 diabetes.resultsprevalences of hyperglycemia among adults in nonexposed , fetal exposed , early - childhood , mid - childhood , and late - childhood exposed cohorts were 2.4% , 5.7% , 3.9% , 3.4% , and 5.9% , respectively . in severely affected famine areas , 
 fetal - exposed subjects had an increased risk of hyperglycemia compared with nonexposed subjects ( odds ratio = 3.92 ; 95% ci : 1.649.39 ; p = 0.002 ) ; this difference was not observed in less severely affected famine areas ( odds ratio = 0.57 ; 95% ci : 0.251.31 ; p = 0.185 ) . 
 the odds ratios were significantly different between groups from the severe and less severe famine areas ( p for interaction = 0.001 ) . in severely affected famine areas , fetal - exposed subjects who followed an affluent / western dietary pattern ( odds ratios = 7.63 ; 95% ci : 2.4124.1 ; p = 0.0005 ) or who had a higher economic status in later life experienced a substantially elevated risk of hyperglycemia ( odds ratios = 6.20 ; 95% ci : 2.0818.5 ; p = 0.001).conclusionsfetal exposure to the severe chinese famine increases the risk of hyperglycemia in adulthood . 
 this association appears to be exacerbated by a nutritionally rich environment in later life .","background : .objectives:this study was to investigate the mean - based design were included a decrease that were compared with hypertensive , or the association of the effects of this study ) :our study swe aimed to examine the results were assigned assigned to evaluate the mean mean percentage of ; 2 diabetes ( , 5 ( , and methods , and the incidence of ) , ( , ipsipsione group versus controls were included , 5 ( 6 weeks . a retrospective study study was analyzed.results:results:out of type 2 diabetes was used to assess ) . data were were assigned assigned between the the effects . two groups ) . in the association between diabetes group were measured using the subjects , bmi ) , especially in adults ( , 21.7% , 2 ; 2 diabetes . results results were significantly higher than age fm7 . the differences differences of serum e5 .results: 18.3% and , and . no significant statistically significant than the group ( 2 diabetes , and m : total and high ) , the test of the subjects , . one subjects were enrolled ) and 8 , p.",0.2155688622754491,0.4,0.28015563747217975,0.035842293906810034,0.06134969325153374,0.045248864122663816,0.19760479041916168,0.36666666666666664,0.2568093339702343
"key clinical messagediabetes insipidus without perception of thirst , as may follow an anterior communicating artery aneurysm , requires prescription of fluid intake as well as desmopressin . 
 the management goal of maintaining a normal serum sodium is rendered more challenging in a humid subtropical environment , where insensible losses are higher .","background : diabetes and study have have developed an , but it has been been correlated with risk of .patients:the . case had a rare in vitro ; but angiosarcoma .materials and methods , and non - relatedly for the tumor .",0.13636363636363635,0.17647058823529413,0.15384614892833676,0.0,0.0,0.0,0.11363636363636363,0.14705882352941177,0.12820512328731118
"if ethics of care deals with the nature of relationships , attentiveness , and understanding particular others , narrativity ought to play a central part . sometimes , caring simply amounts to working with narratives . in the article 
 i claim that narrativity can even be said to be native to an ethics of care . through an example , i demonstrate how a narrative ethics of care can discern and grasp some moral problems better than the standard theoretical outlooks .","abstractresearchresearch design was carried out at , we report such as a case report a ) . we describes a very rare case series . a very few population of the , they are known to be more frequent risk .",0.1111111111111111,0.2,0.14285713826530627,0.0136986301369863,0.027777777777777776,0.01834861942934203,0.1111111111111111,0.2,0.14285713826530627
"objectivethe aim of this study is assessment of effects of different assisted reproductive techniques ( art ) like in vitro fertilization ( ivf ) and intra cytoplasmic sperm injection ( icsi ) on prelinguistic behavior of infants conceived by these techniques.methodsin this descriptive , cross sectional study , prelinguistic behavior of 151 full term art infants of royan institute have been assessed in children 's health and development research center of tehran from august 2007 until august 2009 . 
 questionnaires were completed by parents at 9 months old . 
 the questionnaire was standard according to early language milestone scale-2 ( elm-2 ) . 
 data were analyzed by spss version 16 and using chi - square test.findingstwenty-two ( 14.5% ) of infants were conceived by ivf and 129 ( 85.4% ) by icsi . 
 number of infants with delay in reduplicated babbling in icsi method was more than in ivf . 
 there was only a significant difference in echolalia delay in the two sexes . 
 echolalia was delayed more in boys . 
 delay of reduplicated babbling was more in infants of younger mothers . 
 there was no relation between speech and language defect of parents and infants.conclusionthis study showed that prelingustic behavior of art infants are affected by kind of art method , infant sex , and mother 's age at the time of pregnancy .","aimthe prospective study between different ( a control group ( ( l ) at the children ) ; ( ) of ) ( , and the ) ) . we examined the study study , and research on two groups in the risk . methods and age on the same status and control group was was administered questionnaire ( ( 3 , followed by other health ( group group were detected by ) or or p=0.0=0.01 ) .materials and 3. compared to measure the effect of . all 2 diabetes ( 3 months of , respectively . the most different index , we observed as more in this study was performed by the group : the sample using using different different ) ] ) ) to identify two two subjects were obtained for the effect is to determine the highest - test ; 95% confidence on the correlation between the quality of the relationship between age of this study was analyzed by the sample between the data , and 20 and a significant significant ( , and 1 , and . conclusion gastrointestinal .conclusionsd ] . conclusions ; however , 4 patients did not higher than the students were performed in children aged 12. the most increase of all health care. conclusion . p=0.07 , with lower lower difference was . the correlation was found for the .results: 0.96 ( 20 ( 25 25 subjects were analyzed by the mean time of groups and 4 months , p = , , and ) and quality of most common . after the aim and the level and , 67.1% , as high differences between males . results showed no evidence of the intervention , 9 . no reliable , and , the risk of this study is an increase in patients were randomly correlated with a , ( 8 year - free than 2. the mean weight of health - - up to improve the relationship between a high 24.6% by the effect of the relationship between the test ( n = statistically significant significant factors were analyzed by a total of depression , were selected ) , 95% ci .conclusion:the results , and the prevalence of : 1 ( ) .results: the number of females in the prevalence of .",0.32061068702290074,0.2781456953642384,0.2978723354506816,0.07766990291262135,0.049689440993788817,0.060606055847394764,0.2900763358778626,0.25165562913907286,0.26950354112444047
"aneurysmal bone cysts are rare entities which causes expansile and destructive bone lesions characterized by reactive proliferation of connective tissue . 
 they usually grow rapidly with hypervascularity . in clinical practice 
 they can be easily misdiagnosed due to the rare occurance and having no such typical findings as radiologically . 
 most cases have uncommon pain symptoms , but rarely , if fractures occur , neurological findings can be seen and the surgical treatment , if needed , could be difficult . 
 we will discuss our evaluations to two cases that we experienced in our clinic in this report .","we report a rare patient , including a case of a rare rare - related to to a case of the patient presented with a patient . in the right pain , we report a case of the patient was diagnosed with with a history of disease of anasyear - up of the patients referred referred to investigate the first case of the case review is in a case suggests that . in cases .",0.1643835616438356,0.36363636363636365,0.22641509005161983,0.0,0.0,0.0,0.1506849315068493,0.3333333333333333,0.207547165523318
"this retrospective study describes and evaluates the effectiveness of a modified technique of conventional endoscopic dacryocystorhinostomy ( dcr ) that minimizes the obstruction of a neo - ostium by creating an enlarged marsupialized lacrimal sac using mucosal flaps . 
 forty - two patients who had undergone 46 endoscopic dcr at a tertiary medical center , from 2002 to 2004 , for correction of lacrimal system obstruction were investigated . 
 the surgical technique involves elevation of a nasal mucosal flap , full sac exposure using a power drill , and shaping of the mucosal flap to cover denuded bone and juxtapose exposed sac mucosa . 
 postoperative symptoms and endoscopic findings of the neo - ostium were evaluated . 
 mean duration of follow - up was 5.9 months . 
 an eighty - three percent primary success rate was observed , without any serious complications . 
 obstruction of the neo - ostium with granulation tissue was observed in eight cases , among which six underwent revision with success in all cases . 
 overall , 44 ( 96% ) of 46 cases experienced surgical successes . 
 endoscopic dcr , a procedure in which a large marsupialized lacrimal sac is created from mucosal flaps , yields a very satisfactory success rate with straightforward and highly successful revision available for those in whom the primary procedure yields a substandard result .","a common kidney kidney disease in , we present a patient patient and methods , the treatment was performed with a benign mass , the patient who provide a single mass of the cases who was determined. results of hypertensive who had no diagnosis of , the treatment in a large pre - day , and 80.4% , patient with the patient .results: this case of the patient had good ; . this article is well as a benign tumor of the present the ; p=0.0=0.0=0.0thyear - old male underwent aa index .",0.12698412698412698,0.3018867924528302,0.17877094555226125,0.020202020202020204,0.046511627906976744,0.028169009862131163,0.12698412698412698,0.3018867924528302,0.17877094555226125
"abstractthis study aimed to investigate the detection rate of chromosome abnormalities in children suspected with congenital disorders in 1 single center , identify any differences according to different classification criteria , and try to enlighten the medical professionals what clinical features should be transferred for cytogenetic analysis.from january 1 , 2011 to march 31 , 2014 , children who were suspected with chromosomal disorders were included . 
 all the cytogenetic analyses were performed in the medical biology and genetic department laboratory in zhejiang dian diagnostics . 
 we evaluated the variants of clinical indications , and incidence and types of chromosomal abnormalities among groups.during the study period , 4129 samples were collected and analyzed . among them , 769 children were detected with chromosome abnormalities , accounting for 18.62% of all referral cases . 
 the ratio of sex - linked chromosomal abnormalities to autosomal ones was 1:3.2 . 
 the detection rates were 19.66% ( 365/1857 ) for boys and 
 17.78% ( 404/2272 ) for girls . 
 most of trisomy 21 were found before the age of 1 year old , while most of children with turner syndrome were found after 6 years old . 
 the group presenting with specific clinical stigmata had highest detection rate of 59.1%.we demonstrated the detection rates of chromosome abnormalities in children who were suspected with chromosomal disorders . 
 combined with previous report , we established a database of common chromosomal anomalies and the clinical features that could be useful for genetic counseling and remind the medical professionals what kind of patients should be transferred to genetic analysis .","objective . study . aim .results: patients that has a clinical value to investigate these prevalence for this study .methodsasa number of ) , and and , the participants . patients , we conclude that be associated with the overall survival of this is to investigate the same data that are in the patients who had no significant decrease ( 1 , and their first . the results .resultssa retrospective and a higher after the highest in patients with a significant statistically significant correlation between both females , the incidence of life to determine the main characteristics were reviewed on the level. the results ( range and clinical trial . results , 1 years with no significant in group group iii , with , , . in in the , and and 3 hours . this case of 30 groups of patients had more increased the prevalence group . a number of the mean age , there was no significant . in patients with a positive .materials and other and a statistically statistically significant difference for 6 months , we assessed from the . the study , and methods ) , and the results , the data were detected in 1mi ii were detected the study suggest several studies , and a good in the risk and .",0.2323943661971831,0.336734693877551,0.2749999951680556,0.04329004329004329,0.056179775280898875,0.04889975058518351,0.20422535211267606,0.29591836734693877,0.24166666183472232
"splenic abscess is a very rare complication of non - typhoidal salmonella infections . 
 we report a case of splenic abscess caused by salmonella enteritidis . 
 the patient is a 63-year - old woman with diabetes mellitus and underwent splenectomy . 
 this case suggests that the patients with comorbities are at increased risk for invasive infections in non - typhoidal salmonella infections .","[ purpose toid . hema - old man ( f , the first first - old female old female had increased blood blood old ) had hemi . the diagnosis of this old . in the left abdominal diagnosis of the disease . this article . the diagnosis of these as a case with advanced disease and patient received the diagnosis ( vdg / c and tumor ( fdd ) hiv , are seen in some presented with respect to the tumor , which which which is a a case of the liver function , the first report on both the patient underwent the treatment of the diagnosis of this surgical surgical characteristics and hist . we present a .",0.40476190476190477,0.2786885245901639,0.33009708254877934,0.09615384615384616,0.05154639175257732,0.06711408941579239,0.3333333333333333,0.22950819672131148,0.2718446553643134
"introduction . 
 the aim of this study was to estimate the significance of tsh , thyroid peroxidase antibody ( tpoab ) , and mild ( subclinical ) hypothyroidism in women from the danish general suburban population study ( gesus ) on the number of children born , the number of pregnancies , and the number of spontaneous abortions . 
 methods . 
 retrospective cross sectional study of 11254 women participating in gesus . 
 data included biochemical measurements and a self - administrated questionnaire . results . 
 6.7% had mild ( subclinical ) hypothyroidism and 9.4% prevalent hypothyroidism . in women with mild hypothyroidism tpoab 
 was significantly elevated and age at first child was older compared to controls . 
 tsh and tpoab were negatively linearly associated with the number of children born and the number of pregnancies in the full cohort in age - adjusted and multiadjusted models . 
 tsh or tpoab was not associated with spontaneous abortions . 
 mild ( subclinical ) hypothyroidism was associated with a risk of not having children and a risk of not getting pregnant in age - adjusted and multiadjusted models . 
 prevalent hypothyroidism was not associated with the number of children born , the number of pregnancies , or spontaneous abortions . conclusion . 
 impaired fertility is associated with tsh , tpoab , and mild ( subclinical ) hypothyroidism in a danish population of women .",background . to determine the presence of this study,0.056818181818181816,0.625,0.1041666651388889,0.012903225806451613,0.2857142857142857,0.024691357197835728,0.045454545454545456,0.5,0.08333333180555559
"context : coronary artery disease ( cad ) is among the leading causes of mortality and morbidity worldwide . 
 traditional risk markers explain only a proportion of total cardiovascular risk . 
 thus , development and improvement of early diagnostic strategies and targeted initiation of preventive measures would be of great benefit.objective:we aimed to identify molecular lipids that are associated with fatal outcome of cad patients . 
 furthermore , the effect of different lipid - lowering drugs on novel risk lipids was evaluated.methods:serum samples of 445 cad subjects participating in a long - term follow - up of the ludwigshafen risk and cardiovascular health ( luric ) study were analyzed . 
 in addition , samples obtained from a separate randomized parallel three - group study of subjects treated with simvastatin ( n = 24 ) , ezetimibe ( n = 24 ) , or their combination ( n = 24 ) were studied . 
 furthermore , samples from the luric participants with a loss - of - function mutation ( r46l ) in the pcsk9 gene ( n = 19 ) were analyzed and compared with major allele carriers ( n = 868).results : distinct ceramide species were significantly associated with the fatal outcome of cad patients . simvastatin lowered plasma ceramides broadly by about 25% , but no changes in ceramides were observed in the ezetimibe group . 
 pcsk9 deficiency was significantly associated ( 13% ) with lowered low - density lipoprotein cholesterol accompanied by a significant 20% reduction in cad outcome risk - related ceramides.conclusions:these data suggest that distinct ceramides associate significantly with cad outcome independently of traditional risk factors and that the mechanism of lipid lowering is important .","background .material that it is a few boy for this study is a high - stage .materials and methods to compare the study suggest that this study was found in all the relationship between the groups . results were obtained from this study was conducted the serum levels in , there was to assess the study were examined in 1 ( t > > > 0.58 , and age ; 2 , and methods ) , the three groups and control age of uroth g / ml , and . the groups iran , there was applied before before or one risk factors for the non - control group of the , 3. methods showed a significant statistically higher higher in the level ) , 90.3% were associated with . the level of patients dna scores ( ) .conclusions with non - test for patients with a , the results were assessed in patients in the , but in different with 6, and group ii ( bt2 . furthermore ) ( 6. . . mean group group . study was measured and after the effects were significantly lower than the time sthe results ( p = 0.02 , in the icu , respectively . four patients ( 10.",0.22297297297297297,0.3142857142857143,0.2608695603618241,0.06,0.08196721311475409,0.06928405978484106,0.19594594594594594,0.2761904761904762,0.22924900700214043
"heterologous expression of secondary 
 metabolic pathways is a promising 
 approach for the discovery and characterization of bioactive natural 
 products . 
 herein we report the first heterologous expression of a 
 natural product from the model marine actinomycete genus salinispora . using the recently developed method of yeast - mediated transformation - associated 
 recombination for natural product gene clusters 
 , we captured a type 
 ii polyketide synthase pathway from salinispora pacifica with high homology to the enterocin pathway from streptomyces 
 maritimus and successfully produced enterocin in two different streptomyces host strains . 
 this result paves the way for 
 the systematic interrogation of salinispora s 
 promising secondary metabolome .","various immune ) the major than both expression , where where a total of the human human human . a new and microleak gene are needed to its its role in the risk of the . the aim of the a . the aim of the use of the , and , so and a number of the most common in the c and m , and .materials and methods ) . we reviewed in , . at . all all the , and . in r = 0.01 . the ) by by the samples of p = 0.3p , is the gv - 1 and the . all mri at at the , in this study ) was conducted in a , and the effect of , and , and in the effects were performed based on human protein . the samples were decreased at r 0.0011 ( n 0.001 a , the time , respectively ) and the expression in , , mri can contribute to an active genes showed that , the , and a , p = 0.01 ( p = 0.021 a .",0.18309859154929578,0.16666666666666666,0.1744966393063377,0.0,0.0,0.0,0.14084507042253522,0.1282051282051282,0.1342281829304988
"[ purpose ] the purpose of the study was to investigate the effects of exercise on the 
 recovery of spinal cord nerve cells damaged due to pain signals which are a major symptom 
 of osteoarthritis . 
 [ subjects and methods ] adult male sprague - dawley rats ( n=40 ) were used 
 and induction of osteoarthritis by monosodium iodoacetate . 
 injected rats were randomly 
 divided into 4 groups : sham control group without mia injection ( sg ) , control group with 
 injected mia ( cg ) , oa without exercise ( neg ) , oa with exercise ( eg ) . 
 sham control group 
 was injected normal cell line instead of mia . 
 the exercise group was submitted to 4-week 
 training program on a treadmill for 5 days / week , 30  min / day , 16 m / min velocity , then 
 spinal cord were removed and measured the gap-43 expression by immunohistochemistry 
 analysis . [ results ] in this study , a results of measuring the expression of gap-43 . 
 gap-43 
 was observed in all groups , showed that the significant difference in each group . 
 [ conclusion ] it could be seen that exercise increased the gap-43 expression in the spinal 
 cord to promote the recovery of spinal cord nerve cells damaged due to chronic 
 osteoarthritis .","background : it is a small - associated with two - related in the high - risk of this study was observed in the risk of the study was conducted a mean ( . in non - sectional study was not not have increased - up to evaluate the expression of cell - old male with a , with the effects of the mean age of the correlation were treated with angiogiogiogiotenstenstenstensosis and a positive in the effects of the , the role at their increase in patients with ar . however , but a significant differences and methods ) was to an significant changes by pcv ] in the first test , respectively . the efficacy of a specific to the effects , but the aim of the expression was performed during the mean of . it was to have been achieved af- to be used in in the control .results:all patients with the results as the mean age . the data . methods , in four , with the effects of . conclusion . a number of high c - , the mean age of . compared to assess the role in the first month - cg . the . the effects of the correlation was to determine the present the level of the most prevalent , ) ( mean ) , however , while the other groups of of p=0.resultsthe results . results of the role in the use ) .results:the aim of the differences in the same risk of both groups with one mm , respectively , we found in the aim of 10 ( .results: it was to 121n test in each group ( 2 and 2 .conclusions and 2 eyes ( choleholeholeholeholecyst ( , with p=0.04 , respectively , and the expression of cd. in .",0.32432432432432434,0.3103448275862069,0.317180611742514,0.09473684210526316,0.0782608695652174,0.08571428075963748,0.3153153153153153,0.3017241379310345,0.3083700390552893
"this is a prospective , observational study that utilizes hysteroscopy as the  gold standard  for evaluation of transvaginal ultrasound and endometrial biopsy in the detection of intrauterine pathology . 
 the sensitivity and specificity for detecting focal intrauterine lesions are examined in order to suggest the most cost - effective approach in patients with abnormal uterine bleeding .","objective . objectives . aim : a major complication of the present study in these , after after this study .materials and treatment for our study design was to examine the results between the , and a good clinical and patients , the same age of the average average of the literature , and patients with multiple anti - 4 to assess the , and surgery traocular pressure in the incidence of the hospital ) were diagnosed , the primary patients were diagnosed .patientsmitis ( p = 0.03 ) , age ( psa . to determine the hospital , and patients with , and the mean was to the follow - based on the .the study was no increase in the prevalence of , with ami ) , there was analyzed.results: the patients were treated with other in a higher than patients with this study was observed in the two patients .results: and its , and the mean ii of a total of this study was determined in surgery ) , the three groups th , and 5 . the study . the age was found during 1 , 2 t4 ) traocular hiv mg  0.001 . the patient 's the .conclusionwe present study was performed for a positive survival ( 2-year - up , and postoperative and one to compare .",0.2826086956521739,0.12871287128712872,0.17687074399925967,0.037037037037037035,0.01092896174863388,0.01687763361213554,0.2608695652173913,0.1188118811881188,0.16326530182238894
"introduction : brown sequard syndrome resulting from compression due to an epidural hematoma is a relatively rare occurrence , more so with a spontaneous history . 
 we report one such case.case report : we present a 65yr old female presenting with hemiplegia with contralateral anesthesia . 
 magnetic resonance imaging showed a hematoma in the epidural space in the c3-c4 region . 
 she underwent an open door laminoplasty for evacuation of the hematoma . following surgery 
 the patient responded rapidly and currently at 18 months follow up she is neurologically grade 5/5 with normal sensations.conclusions:in the emergency room when a patient is clinically diagnosed as a case of brown sequard syndrome it is important to ask for an mri scan of the cervical spine . 
 hematoma in the cervical epidural space should be considered in the differential diagnosis of brown sequard syndrome especially in the elderly with history of doubtful trivial trauma .","chronic , anatomic and the presence of the most most common surgery on a single invasive invasive - old man with a case of primary diagnosis of . the distal surgery was diagnosed with a complete to help on the leftyear - old male patient was to be done in the most common common and afteryear - old man with a benign tumor is is been associated with the patient with an common pain in the distal or an ana total of the right pain and the case of the case of treatment . the , which was presented with the patient was demonstrated at the left bleeding and the . although the left treatment of .",0.18947368421052632,0.33962264150943394,0.24324323864590952,0.05223880597014925,0.07777777777777778,0.06249999519292129,0.15789473684210525,0.2830188679245283,0.20270269810536898
"retinoblastoma ( rb ) is considered to represent the prototype of cancer linked to the sequential loss or inactivation of both alleles of a so - called  tumor suppressor gene  , the rb1 gene . 
 the pathogenetic mechanism behind this tumor was first hypothesized by knudson in 1971 and further confirmed by others   who identified the rb1 gene whose loss or inactivation was claimed to be responsible for the disease . 
 however , after about four decades of continuous research in the field of molecular biology , the evidence behind the role of the rb1 gene in rb appears to be seriously flawed in the light of epidemiological , biological , and clinical evidences . 
 this editorial summarizes the inconsistencies on this subject . 
 nevertheless , the molecular biology establishment still adheres to the biased view of the genetic origin of rb and other cancers , and hardly any alternative explanations are taken into account .","we aimed to assess the aim of human , and methods . a clinical analysis . data was to the last last 6 patients , the present medical assessment of a case of the study is to to investigate the incidence of the possibility of a large .",0.09574468085106383,0.3103448275862069,0.14634145981095917,0.03676470588235294,0.11904761904761904,0.056179771675293755,0.0851063829787234,0.27586206896551724,0.13008129720933315
"we isolated and characterized a banna virus from mosquitoes in vietnam ; 5 strains were isolated from field - caught mosquitoes at various locations ; banna virus was previously isolated from encephalitis patients in yunnan , china , in 1987 . 
 together , these findings suggest widespread distribution of this virus throughout southeast asia .","the role of a simple activity of the role in the important in the cellular cellular function of the potential as a higher  0.9fr . recently . a unique model can be used to the molecular molecular and a possible role by ) ttb - control of the first ng /c index ( . the expression . many research ) of . these these proteins from the new data was identified as well , so the highest levels between the results such as a single - induced by by the . in this present ) t . in the the effect of the data of the same and and , and the expression of p .",0.25,0.16393442622950818,0.19801979719635343,0.0,0.0,0.0,0.25,0.16393442622950818,0.19801979719635343
"lysosomes are cytoplasmic organelles present in almost all eukaryotic cells , which play a fundamental role in key aspects of cellular homeostasis such as membrane repair , autophagy , endocitosis and protein metabolism . 
 the characterization of the genes and enzymes constituting the lysosome represents a central issue to be addressed toward a better understanding of the biology of this organelle . in humans , mutations that cause lysosomal enzyme deficiencies result in > 50 different disorders and severe pathologies . 
 so far , many experimental efforts using different methodologies have been carried out to identity lysosomal genes . 
 the human lysosome gene database ( hlgdb ) is the first resource that provides a comprehensive and accessible census of the human genes belonging to the lysosomal system . 
 this database was developed by collecting and annotating gene lists from many different sources . 
 references to the studies that have identified each gene are provided together with cross databases gene related information . 
 special attention has been given to the regulation of the genes through micrornas and the transcription factor eb . 
 the hlgdb can be easily queried to retrieve , combine and analyze information on different lists of lysosomal genes and their regulation by microrna ( binding sites predicted by five different algorithms ) . 
 the hlgdb is an open access dynamic project that will permit in the future to collapse in a unique publicly accessible resource all the available biological information about lysosome genes and their regulation.database url : 
 http://lysosome.unipg.it/","a very very known as as as a high - coding ) is in particular and ) and are responsible for the human from the expression of their genes in the key key key process of . the role in this . the , including the biological , which for these research . several studies can be used and potential roles of the most information on the mechanism of the mechanisms by by an proposed for a significant in the genome genes of a review of human human data that the . the effect of the species with genes , resulting on the species for the first , by the ability to the mechanisms of the proteins , a unique species of these findings did not more than the effect of the ; p of this study uroin , and . the development of the ms for the binding and , . the role of two of the results , a significant difference between the role . the results . anova was conducted in the ability . they receiving different to prevent high - crna with its .",0.2251655629139073,0.3953488372093023,0.28691982659972587,0.05627705627705628,0.08552631578947369,0.0678851127062019,0.2119205298013245,0.37209302325581395,0.2700421894689242
"periapical lesion is a general term used to describe the periapical inflammatory process that occurs in response to the invasion of micro - organisms in the root canal system as well as inflamed vital pulp . 
 this phenomenon necessitates endodontic intervention and if the necrosis has occurred prior to tooth maturation , wide patency of the apical foramen requires some treatment modalities such as apexification or apical plug . orthodontic treatment , on the other hand , 
 is cautiously done for previously traumatized teeth due to increased risk for necrosis of the compromised tooth . 
 this article tends to review the successful treatment process with calcium - enriched mixture ( cem ) cement apical plug for an immature previously traumatized incisor tooth with an extensive periapical lesion , which was under orthodontic treatment as well .",we report a case of patients was known to various diagnosis of a case of the clinical patients with treatment at a primary a possible . a case for this study developed that can have due to analyze the left eye is is still in .,0.14772727272727273,0.40625,0.21666666275555563,0.016,0.05,0.02424242056933022,0.125,0.34375,0.1833333294222223
"objectivethe objective of this study was to compare immunohistochemical profile for the apoptosis regulators p53 , c - myc , bax , puma , and pten and the cell cycle regulatory proteins p21 and p27 , as well as clinical factors between types i and ii tumors.methodsin total , 131 patients in figo ( international federation of gynecology and obstetrics ) stages i - ii were divided into 2 groups of patients after type i tumors ( n = 79 ) and type ii tumors ( n = 52 ) . 
 differences in the immunohistochemical profile for the cell cycle  related proteins , detected by tissue microarrays and immune - histochemistry , were compared . for statistical tests , the pearson 2 test and 
 the logistic regression model were used . 
 all tests were 2-sided , and the level of statistical significance was p  0.05.resultsin multivariate logistic regression analysis with recurrent disease as endpoint , figo stage ( odds ratio [ or ] , 4.7 ) , type i / ii tumors ( or , 3.8 ) , body mass index ( bmi ) ( or , 3.5 ) , and p53 status ( or , 4.2 ) all were found to be independent predictive factors . in 2 different multivariate logistic regression analyses with type i / ii tumors as endpoint , 
 both p53+p21 ( or , 2.9 ) and p27 status ( or , 3.0 ) were associated with type ii tumors . 
 differently , c - myc status ( or , 0.4 ) was associated with type i tumors . 
 furthermore , age ( or , 1.04 ) , bmi ( or , 0.4 ) , and recurrent disease ( or , 4.3 ) all were associated to type ii tumors . in survival analysis 
 , there was a trend ( p = 0.054 ) toward better disease - free survival for patients with type i tumors.conclusionsconcomitant positivity for p53 and negativity for p21 , positivity for p27 , and negativity for c - myc in an epithelial ovarian tumor might strengthen the diagnostic option of type ii tumor ovarian carcinoma . 
 patients with type ii tumors were older , had lower bmi , and had more often recurrent disease than patients with type i tumors .","the . we have been associated with adenectomy : the same treatment of the present a case of a non - old woman with a major with left surgery of both symptoms among the most man with . we analyzed from the present a single - up and the importance of tumor a major major ( p =0.05 is necessary for hemi who had severe iran. it can be . the most common treatment and alzlzheimer . the surgical lesions of the right kidney diseases .conclusion: . the risk factor ( pneuneuneuneumatmatmatmatmatosis . the first population ) has been diagnosed the clinical in both . the treatment of . here , p = patient had a median follow - to compare the possibility of . we conclude only follow - dependent in the patients did not associated with h. the hb / , which showed that a major or the first - assisted adipdips , respectively , hematmatmatmatmatmatmatmatologicologic disorders ) , which was performed in h hs ( cs . although the patient presented with . the . however , the other ) was obtained between the importance of the ) ) of the literature is significantly associated with a . the patients ( p = 0.02 0.02 / ml and , while the patient , and the . this case of p , and f fsp was performed . an . a safe as dsa ) .results: this case of , there was found with m and ) . the patients in the , and and non - , and 10- , and treatment of 6 patients and .",0.2185430463576159,0.27049180327868855,0.24175823681466288,0.048109965635738834,0.0639269406392694,0.054901955883968144,0.2119205298013245,0.26229508196721313,0.2344322294886555
"introduction : classic bladder exstrophy ( be ) is a rare malformation of the genito - urinary tract affecting 1:50,000 to 1:100,000 live births . the surgical reconstruction of the be - epispadias complex is challenging for the most experienced pediatric urologists , surgeons , and orthopedists.purpose:to assess the success of staged reconstruction of the be and long - term effects on the upper urinary tract , renal function , and continence.materials and methods : this is retrospective study ; between 1994 and 2013 , 30 patients with be have undergone stage 1 repair at the institute . 
 eighteen male patients have been operated for epispadias repair and thirteen patients have undergone guy leadbetter bladder neck reconstruction . 
 three patients required augmentation cystoplasty one child is continent after epispadias repair only and one child attained continence after single - stage repair.results:hence , out of 17 patients , 14 are socially continent , four patients require clean intermittent self - catheterization for bladder emptying . 
 four patients , who are coming for regular follow - up , are awaiting continence procedure . 
 two patients who underwent augmentation cystoplasty are on hemodialysis for renal failure and one child has altered renal function.conclusion:in our experience , the modern staged repair offers a low risk of renal scarring with acceptable continence opportunity with acceptable cosmetic appearance of external genitalia in the males and females .","a patient such such as a rare , although the most common clinical studies is an unusual studies for treatment ; the current management has unknown , we present a novel cases could be used for . methods ) patients of the patient was made on this review . the patient was achieved to the . results of 3 years - old woman receiving the present a single - old male male male patients was conducted using the presence of patients were included and follow - - old woman who presenting with surgical surgical and the clinical characteristics and treatment . the mean ( 5 cases . most cases and the patient are described by the diagnosis of a case of the incidence of a common in this is been assessed . the patient had been developed with an important in a case of hivhiv--tomesis in the the patients who were evaluated the initial clinical clinical and 9 months , patients who had a case of the first - line , which showed a .",0.22137404580152673,0.3411764705882353,0.2685185137452847,0.04265402843601896,0.06040268456375839,0.049999995148302945,0.19083969465648856,0.29411764705882354,0.23148147670824767
"in a retrospective case series study , medical records were evaluated for all male patients infected with human immunodeficiency virus ( hiv ) diagnosed over a one - year period with foot fractures ( n = 30 ) confirmed by magnetic resonance imaging at a los angeles outpatient private practice rheumatology clinic . proportionally more patients had received tenofovir prefracture ( 17 [ 57% ] ) than those who had not ( 13 [ 43% ] ) . at fracture diagnosis , these two groups were similar in median age ( 49 versus 48 years ) , hiv-1 rna ( both 1.7 log10 copies / ml ) , cd4 count ( 300 versus 364/mm3 ) , time between hiv diagnosis and foot fracture ( both 17 years ) , family history of degenerative bone disease ( 24% versus 23% ) , prevalence of malabsorption syndrome , renal failure , calcium deficiency , or vitamin d deficiency , and concurrent use of bisphosphonates , calcitonin , and diuretics . however , more tenofovir - treated patients had osteoporosis ( 35% versus 8% ) , stress - type fractures ( 53% versus 31% ) , concurrent fractures ( 12% versus 0% ) , wasting syndrome ( 29% versus 15% ) , truncal obesity ( 18% versus 8% ) , smoked cigarettes ( more than one pack / day for more than one year ; 35% versus 8% ) , dual energy x - ray absorptiometry ( dexa ) t scores < 2.4 ( denoting osteoporosis ) at the femur ( 24% versus 9% ) and spine ( 47% versus 36% ) , and had received protease inhibitors ( 71% versus 46% ) , non - nucleoside reverse transcriptase inhibitors ( 24% versus 0% ) , prednisone ( 24% versus 0% ) , testosterone ( 47% versus 23% ) , and teriparatide ( 29% versus 8% ) . 
 median time from tenofovir initiation until fracture was 2.57 ( range 1.175.69 ) years . in conclusion 
 , more foot fractures were observed in tenofovir - treated patients than in non - tenofovir - treated patients with hiv infection . 
 comorbidities and/or coadministered drugs may have been contributory .",purposeto determine the purpose of ct . [ [ [ [ subjects and a positive .method: this study ) . to achieve the study study ) or hyper hypertensive analysis ( 93.3% ( 3 patients who,0.059782608695652176,0.4074074074074074,0.10426540061184615,0.0,0.0,0.0,0.059782608695652176,0.4074074074074074,0.10426540061184615
"economic evaluations of clinical treatments most commonly take the form of cost effectiveness or cost utility analyses . 
 this is appropriate since the main  sometimes the only  benefit of such interventions is increased health . 
 the majority of economic evaluations in public health , however , have also been assessed using these techniques when arguably cost benefit analyses would in many cases have been more appropriate , given its ability to take account of nonhealth benefits as well . 
 an examination of the nonhealth benefits from a sample of studies featured in a recent review of economic evaluations in public health illustrates how overfocusing on cost effectiveness / cost utility analyses may lead to forgoing potential social welfare gains from programmes in public health . 
 prior to evaluation , programmes should be considered in terms of the potential importance of nonhealth benefits and where these are considerable would be better evaluated by more inclusive economic evaluation techniques .","objectivethe association between the main . this paper ( , and research . the study . data was to examine the aim of the quality of life.materials and and methods . methods we present during health and data in the , hospital ) . we report the control . the , , th , health health , and to 6 years .results: this . the participants at the current research were collected from the study , but can can be used using , a history of patients who provide how the management , and and health : one year , and and the .",0.15384615384615385,0.25,0.19047618575963732,0.021897810218978103,0.033707865168539325,0.026548667791918782,0.15384615384615385,0.25,0.19047618575963732
"pasteurella dagmatis , a gram - negative coccobacillus , has been isolated from both dogs and cats as normal flora . 
 it is also a fairly new species for many clinicians because it is a pathogen in human infections . 
 the authors present a case of bacteremia in a 74-year - old man that was caused by p dagmatis . 
 a comparison of other reported cases of bacteremia due to p dagmatis is provided , along with a discussion of the challenges of standard automatic identification including alternative methodologies .","the clinical practice of , we performed to be performed after various cases using a primary primary tumor may be associated with the use of a ececececececg . this case , and histopathological findings found the patient . the literature literature . the patient underwent a retrospective review of . the surgical treatment of hri could be reported in a key outcomes . the upper nerve tt - , respectively were treated with the anteriorly presented with a case of the lesion , hemi and hemomomotal in 10 g / day . we describe the most common in this case report the patient and the most important of angioioioioveveveitis was performed at the disease. it was treated for these results , the case of the present patient , an increase the management of the patient ( . the patient had a novel . a high follow - dependent by .",0.265625,0.2125,0.2361111061728396,0.06097560975609756,0.03875968992248062,0.04739336017699561,0.21875,0.175,0.19444443950617296
"an adolescent with hurler - scheie syndrome is reported . 
 this now 15 year - old - young woman was initially diagnosed at age 4 . 
 she was assessed for neurocognitive functioning at ages 5 , 13 , and 15 years . 
 results show a significant decline in intellectual functioning from the superior range to the average range from age 5 to age 13 , and then no change from age 13 to age 15 . 
 the relationship between hurler - scheie syndrome , premorbid intellectual functioning , and cognitive  behavioral interventions are discussed in light of the longitudinal neurocognitive effects of this disease .","an effective and a case of various methods have been reported in both age of a history of the aim of this report , which can be used using , who presented with different education was to two two - old girl were treated when hospital . data , which revealed an risk of the diagnosis .conclusions , the best review that this may be used to the effect of the diagnosis of all the use of two cases , they were used to , and patients. the case . a rare . we report a long - operative risk for this paper .results:the aim of each procedure at the incidence of these role of various research - old male who underwent anteroal biopsy by otherly were treated and postoperative complications ; there was a series of the other intervention at both . , after a clinical and , in the second of each condition were found in the diagnosis of the first report , and treatment was observed in the current current current case has shown to have been described with the last data that is the treatment and . at any outcome . these experience , after the management , and the best - test . the . conclusion . the , and the aim in an important in developing the presence of the other results , the , this paper . [ 5.",0.3225806451612903,0.18518518518518517,0.23529411301314884,0.056179775280898875,0.025906735751295335,0.03546098858784822,0.2903225806451613,0.16666666666666666,0.211764701248443
"phproteomicdb is a php - written module to help researchers in proteomics to share two - dimensional gel electrophoresis data using personal web sites . 
 no technical or php knowledge is necessary except a few basics about web site management . 
 phproteomicdb has a user - friendly administration interface to enter and update data . 
 it creates web pages on the fly displaying gel characteristics , gel pictures , and numbered gel spots with their related identifications pointing to their reference pages in protein databanks . 
 the module is freely available at http://www.huvec.com/index.php3?rub=download .","a new new method of most most most most new new and the present study ) , has been associated with the community training on a potential for research . ) will induce human human human ) , is not observed that the same quality ( ls. the . a novel role in the development of potential potential to develop more more more role in the research using the , the quality in this research of the expression . the studies of the method to identify these students . as both , is the database . this paper has necessary at the effects , which are known to measure for other health - : a community is a research for this paper have been shown to have detected as well as any in this review that provide different health is a new data are not more different and at the potential models of the research should be shown as well as well as a . we not a s are needed to provide a major method and their ability to lead to a key of health organization or a new to determine the potential and an individual. the potential factors and quality in the use use . the data about the data suggests that is important to enhance the data data of this care . all - blind .",0.2647058823529412,0.18947368421052632,0.22085889084271154,0.01098901098901099,0.005235602094240838,0.0070921942103039865,0.25,0.17894736842105263,0.2085889521924048
"summarybackgroundthere is association between sleep quality and arterial blood pressure , but it is still unclear if the association also exists in the very elderly . 
 we examined the individual association between sleep quality and arterial blood pressure among the very elderly.material/methodsthe present study analyzed data from a survey that was conducted on all residents aged 90 years or older in a district with 2,311,709 inhabitants in 2005 . 
 sleep quality was measured using the pittsburgh sleep quality index ( psqi).resultsthe subjects included in the statistical analysis were 216 men and 444 women . 
 there were no significant differences in sleep quality scores , sleep latency , and sleep efficiency percentage and prevalence of poor sleep quality between subjects with and without hypertension . 
 none of the differences in systolic blood pressure , diastolic blood pressure , and prevalence of hypertension , systolic hypertension and diastolic hypertension among subjects with well , fairly and poor sleep quality were significant . 
 multiple logistic regressions showed that unadjusted and adjusted odds ratio ( ors ) of poor sleep quality for increased risk for hypertension were significant.conclusionsamong very elderly subjects , there was no association between sleep quality and arterial blood pressure .","objectives : human thyroid diseases , especially in women with the aim of risk of type ( . methods : the most common risk",0.08163265306122448,0.42105263157894735,0.1367521340317043,0.0,0.0,0.0,0.08163265306122448,0.42105263157894735,0.1367521340317043
"this study investigated the effect of different traditional cooking methods on glycemic index ( gi ) and glycemic response of ten sweet potato ( ipomoea batatas ) cultivars commonly eaten in   jamaica . 
 matured tubers were cooked by roasting , baking , frying , or boiling then immediately consumed by the ten nondiabetic test subjects ( 5 males and 5 females ; mean age of 27  2 years ) . 
 the gi varied between 41  593  5 for the tubers studied . 
 samples prepared by boiling had the lowest gi ( 41  550  3 ) , while those processed by baking ( 82  394  3 ) and roasting ( 79  493  2 ) had the highest gi values . 
 the study indicates that the glycemic index of jamaican sweet potatoes varies significantly with the method of preparation and to a lesser extent on intravarietal differences . 
 consumption of boiled sweet potatoes could minimize postprandial blood glucose spikes and therefore , may prove to be more efficacious in the management of type 2 diabetes mellitus .","background: the purpose of life - study was to assess the function is to assess the different the intervention to evaluate the clinical survey of ..materials and health.results: these participants ( l .materials ( g.materials and methods iran , there is to determine determine the control , and the , the two .results . data of this study were subjected to be used a cross - analysis of the highest correlation between the difference , the time than the risk factors were prepared , and methods : in the present study. study , a high - ds of health of treatment can be considered to compare the the three . the frequency were found to improve . results and , 87.1% of age and 12 weeks and the data were investigated the data indicate that were obtained from diabetes mellitus ( i , a significant in two different were higher than the relationship between a decrease . all test was done between ) . serum serum samples were done.results: it to understand that one hundred ( , 10 years , 3 cases , and one. the , the results , and . the , whereas these findings , and the duration , respectively and posttraumatic and 10 hgf , we examined in p , with 2 diabetes ( n = 0.00 mg = 0.05 ) . conclusions , the sample , the correlation between the time with a variety of the total of the values for the , , at the results compared between january .conclusions can provide an increasing 3 3. our objective on the . results . there were included in high rates and 67.1% , which were found of diabetes showed other subjects ; 2 . further likely , and the current current effects of this this research and other different samples .",0.3148148148148148,0.24113475177304963,0.2730923645657329,0.049079754601226995,0.0299625468164794,0.037209297618064414,0.26851851851851855,0.20567375886524822,0.23293172199545178
"aim : aim of this retrospective study was to access the various surgical treatment options available for repair of anterior palatal fistula depending upon their size and presenting age , and also to anticipate the treatment outcome.materials and methods : the series include study report of forty patients with secondary anterior palatal fistula post cleft palate repair , reported in a single unit during a duration of 3 years . 
 all the cases were managed surgically under general anesthesia . 
 the patients were classified depending upon the location of anterior palatal fistula ( apf ) , the quality of tissue and age of patients to chalk out a justified treatment option outlay.results:forty cases were split for surgical correction into various options depending on their size , site , and quality of the tissue . 
 most of the cases were operated with a bardach 's redo for fistula closure ( n = 16 ) ( 40% ) and crevicular flap technique ( n = 13 ) ( 32.5% ) . 
 our overall success ( satisfactory results ) was 77.5% as observed in 31 out of 40 cases with individual success rates for bardach 's and crevicular being 75% and 77% , respectively . 
 there was reduction in size of fistula in three cases ( 7.5% ) and a remnant pinpoint hole in four cases ( 10% ) among all the operated cases.conclusion:management of post palatoplasty fistulas of the hard palate presents a challenging situation for a clinician following the surgical correction of cleft palate . 
 current paper describes the diagnosis and clinical management of forty cases reporting with unilateral apf following cleft palate surgery , over 3 years . 
 authors have attempted to propose different treatment modalities for surgical management of unilateral apf . 
 it was concluded in the primary review that the size of fistula was irrelevant in determining the clinical outcome . 
 instead , the quality and condition of the adjacent tissue appear to be the major governing factors for selecting treatment modality as well as the surgical consequences .","purposeto compare it is is to identify the purpose of the diagnosis is to evaluate a retrospective study is to determine the treatment , and methods to examine the medical department of patient to the need of the literature of a retrospective retrospective study . the patients were followed histoss and was to evaluate the most than patients with the follow - day i . data were considered in patients had the treatment treatment treatment . the treatment treatment . we evaluated hiv patients were considered . a retrospective retrospective . there has been reported and treatment rate and had a significant differences.results:the study ( s of cases were diagnosed no patient with surgery 's .materials and the right surgery were performed the incidence of this is to to evaluate the presence of the initial patients underwent any in the treatment treatment and medical medical. the patient patient was diagnosed to examine the other case rate was performed dm and 4 0.002 , including the three patients were recruited . the use of an association , and a total of the management of patients aged , , the patients with the surgical cases of patients as a patient with the diagnosis was observed in in . the treatment was no significant patient was diagnosed .results::the results . there has the diagnosis of patients were taken in patients who showed the patient with the mean mean total of the patients had no incidence of this clinical ) was not not be in the second patient did not . results of patients with the most common in a statistically higher in patient had complete age , patients with the clinical clinical records of the the ) in the patients are rare entity , and histological complications , and 5 weeks of patients who presented with the literature , were reviewed in patients without surgical resection. adipyear - dose of cases ) . the first ( 4. the mean age was admitted to the use of the most studies are discussed with non - ].conclusion , a case and methods , a combination of the patients with clinical clinical studies has not found with a primary surgery . in women ( . the median bmi at the diagnosis and the mean rt . the patient - , and post - matched matched who were vedd - term patients. the procedure was performed.conclusions group showed a statistically significant difference of the diagnosis , and the patients with the total of age - up to a total of of most reported intracranial",0.23170731707317074,0.2676056338028169,0.2483660080977403,0.08695652173913043,0.08150470219435736,0.08414238982724342,0.1951219512195122,0.22535211267605634,0.2091503218232305
"background : effective transfusion and chelation have prolonged the quality and longevity of life in thalassemics , who now survive into adulthood . hence , adult physicians need to be aware of their clinical and laboratory profile and the problems faced by them.aim:the present study was aimed to evaluate the clinical profile of adult thalassemics.materials and methods : adult ( > 18 years ) thalassemia major patients ( n=19 ) were evaluated clinically and fasting pretransfusion blood samples were analyzed for complete blood counts , kidney and liver function tests , plasma glucose , serum ferritin , and thyroid hormone levels.results:average age was 21.652.47 years ( range 1928 years ) , 42.1% had body mass index ( bmi ) < 18.5 . 
 splenectomy had been performed in 47.4% before reaching adulthood , males significantly outnumbered females ( 72% vs. 12.5% ) . hemoglobin levels < 8 g / dl were observed in 31.6% and none had serum ferritin levels in the recommended range suggesting inadequacy of both transfusion and chelation . 
 indirect hyperbilirubinemia was observed in 21.1% patients although kidney functions , serum protein , and albumin were normal in all patients . 
 electrocardiographic abnormalities , diabetes mellitus or hypothyroidism were absent . 
 five patients ( 26.3% ) had contracted transfusion - transmitted viral infections 
 21.1% and 5.3% respectively had antibodies to hepatitis c virus and hiv , while 5.3% were positive for australia antigen . 
 all patients were receiving chelation therapy 
 deferiprone alone ( 78.9% ) or along with desferrioxamine ( 21.1% ) . 
 average dose of deferiprone being used was 958 mg / kg.conclusion : adult thalassemia major patients present with a distinct clinical profile having low bmi , generalized hyperpigmentation , most are splenectomized , have low hemoglobin , inadequate chelation and harbor transfusion - transmitted infections . 
 adult physician needs to be aware of this profile .","abstract abstracta an role of is one of various study aimed to examine the mean mean age ( day of this article were randomly into the association between the effect of of a total total of of a number of ) patients with , which are common common .material had the study , a second of pain . patients who had a useful for the control ) , is higher prevalence . the three patients with , the clinical practice , and the time of children was found by a lower rate by a mean than age - dose of this randomized and control. moreover , in patients with a new and treatment were enrolled ) , there is high - term . the results . the presence of the most common in this report the level of each er , 3 months , the incidence of disease , with hypertensive patient presented with . a . there is a few weeks in this study . this history and clinical and the study was detected as well as a cross up analysis and 3. in a significant change in the group during the .",0.14835164835164835,0.28421052631578947,0.19494584386868077,0.037037037037037035,0.06432748538011696,0.0470085423709735,0.13736263736263737,0.2631578947368421,0.1805054106556844
"background . acute respiratory infections ( aris ) 
 are important cause of mortality and morbidity in children under five in developing country . methods . 
 this observational study was conducted over two - year period in a tertiary care teaching hospital of eastern india . 
 nasal and throat swabs were collected , transported to the laboratory at 28c in viral transport media , and then processed for detection of viruses using mono / multiplex real - time polymerase chain reaction . 
 results . 
 a total of 300 children aged 260 months with aris were included . 
 the most common age group affected with lri was 212  mo and with uri was > 1260  mo . 
 viruses were detected in 248 cases . in uri , 
 77 were positive for single virus and 19 were positive for more than one virus ; in lri , 113 were positive for single virus and 12 were positive for more than one virus . 
 the most common viruses isolated from uri cases were rhinovirus and adenovirus . 
 the most common viruses isolated from lri cases were respiratory syncytial virus and influenza virus . 
 most cases occurred in the months of january , december , and august . 
 conclusion . 
 viruses constitute a significant cause of ari in children under five . 
 rsv , adv , rv , and ifv were the most prevalent viruses isolated .","this study investigated the objective in the most common to investigate the study in a questionnaire after methods . results on the present the outcome was to assess this study , a median follow - . study in patients from from the aim of the study was to two ( 5 eyes of a mean age esrdr).objectives in women ( hs . the total between p. the children treated",0.16806722689075632,0.46511627906976744,0.24691357634735567,0.02702702702702703,0.08064516129032258,0.04048582619941355,0.15966386554621848,0.4418604651162791,0.23456789733500993
"backgroundmutations of dna topoisomerase ii ( top2a ) are associated with chemotherapy resistance , whereas dual - specificity phosphatase 6 ( dusp6 ) negatively regulates members of the mitogen - activated protein ( map ) kinase superfamily to control cell proliferation . 
 this study assessed top2a and dusp6 single nucleotide polymorphisms ( snps ) in non - small cell lung cancer ( nsclc ) patients for association with chemoradiotherapy responses and prognosis.material/methodsa total of 140 chinese patients with histologically confirmed nsclc were enrolled and subjected to genotyping of top2a rs471692 and dusp6 rs2279574 using taqman pcr . 
 an independent sample t test was used to analyze differences in tumor regression after radiotherapy versus snp risk factors . 
 kaplan - meier curves analyzed overall survival , followed by the log - rank test and cox proportional hazard models.resultsthere were no significant associations of top2a rs471692 and dusp6 rs2279574 polymorphisms or clinicopathological variables with response to chemoradiotherapy ( p>0.05 ) . comparing overall survival of 87 patients with stage i  iii nsclc treated with radiotherapy or chemoradiotherapy to clinicopathological variables 
 , the data showed that tumor regression , weight loss , clinical stage , and cigarette smoking were independent prognostic predictors ( p=0.009 , 0.043 , 0.004 , and 0.025 , respectively ) . 
 tumor regression rate > 0.34 was associated with patent survival versus tumor regression rate 0.34 ( p=0.007).conclusionstop2a rs471692 and dusp6 rs2279574 snps were not associated with chemoradiotherapy response , whereas tumor regression , weight loss , clinical stage , and cigarette smoking were independent prognostic predictors for these chinese patients with nsclc .","a history of a possible features that that , and the common lymph nodes from the most important of a retrospective time for cancer , in clinical findings for a role in the purpose of the study between between an major disorder of the patients and cancer treatment of cancer is to evaluate the treatment for cancer , adipectomy as well as multiple and cancer patients , and cancer . it is considered in the clinical trial ) and non - up for treatment of the anti - test in children with this this study . we",0.13380281690140844,0.37254901960784315,0.19689118782141807,0.017543859649122806,0.047619047619047616,0.025641021706115003,0.11971830985915492,0.3333333333333333,0.1761657992203818
"objective . to determine changes in hemoglobin concentration at second measurements after a normal hemoglobin concentration was detected at first booking during pregnancy at low and at high altitudes 
 . methods . 
 this is a secondary analysis of a large database obtained from the perinatal information system in peru which includes 379,816 pregnant women and their babies from 43 maternity units in peru 
 . results . 
 most women remained with normal hemoglobin values at second measurement ( 75.1% ) . 
 however , 21.4% of women became anemic at the second measurement . 
 in all , 2.8% resulted with moderate / severe anemia and 3.5% with erythrocytosis ( hb>14.5  g / dl ) . in all cases 
 hb was higher as altitude increased . 
 risk for moderate / severe anemia increased associated with higher gestational age at second measurement of hemoglobin , bmi < 19.9  kg / m2 , living without partner , < 5 antenatal care visits , first parity , multiparity , and preeclampsia . 
 lower risk for moderate / severe anemia was observed with normal high hb level at first booking living at moderate and high altitude , and high bmi . 
 conclusion . 
 prevalence of anemia increases as pregnancy progress , and that a normal value at first booking may not be considered sufficient as hb values should be observed throughout pregnancy . 
 bmi was a risk for anemia in a second measurement .","background : the effect of both purpose of p study was to evaluate age . the risk factors in the aim of the clinical and methods , the study , there was to assess the median prevalence of the aim of 3 months in the most common ; 3: the incidence rate ) . the incidence of the median survival of a , and risk ) using a . to determine the use of the frequency of the p = 0.001a values and 3 months with the mean and 1 ( 3 year was carried out of the ) in the prevalence of all women and b - :the aim to prevent age and 13.3%s . data on the intervention.methods - term , and 2 ) and control. however iran ) , and the effect of women with low was noted from from women who were associated with p = 0.008 . the time were associated with . a significant differences in the subjects were evaluated for the mean ( , . the same time , p = 0.02. there was done in a significant value in 4 , which were randomly divided into the total of these factors and normal pressure ( p ) were , and ) patients with a .results: the risk , in the results .conclusions was found ) ) ) and the difference was to a statistically significant in the groups : the results results were selected in all all , 9 , and in terms of life .",0.2644628099173554,0.3047619047619048,0.28318583573302536,0.05970149253731343,0.05741626794258373,0.05853658036775772,0.23140495867768596,0.26666666666666666,0.24778760564452984
"follicular lymphoma ( fl ) is the second most common type of non - hodgkin s lymphoma . 
 fl is an incurable disease with treatment options ranging from a  watch - and - wait  approach to localized therapy with radiation or systemic therapy with rituximab in combination with chemotherapy regimens . 
 this review summarizes the role of rituximab across the spectrum of fl treatment and the evolving therapeutic landscape with the emergence of novel agents currently in clinical development . despite the prospect of new agents on the horizon 
 , it is widely accepted that rituximab will remain as the cornerstone of therapy because of its established long - term efficacy . 
 many biologics , including rituximab , have lost exclusivity of composition - of - matter patent or will do so in the next few years , which is a concern for patients and physicians alike . moreover , access to rituximab is challenging , particularly in countries with restricted resources . 
 together , these concerns have fueled the development of safe and effective biosimilars . 
 the term  biosimilar  refers to a biologic product that is highly similar to an approved reference ( or originator ) product , notwithstanding minor differences in clinically inactive components , and for which there are no clinically meaningful differences in purity , potency , or safety . 
 biosimilars are developed to treat the same condition(s ) using the same treatment regimens as an approved reference biologic , and have the potential to increase access to more affordable treatment of fl . 
 herein , we also discuss the potential benefits of eagerly awaited rituximab biosimilars , which may mitigate the impact of the lack of access to rituximab .","background : diabetes mellitus mellitus ( )) is a combination of the clinical clinical , the patients in addition",0.06622516556291391,0.625,0.11976047730933345,0.007633587786259542,0.1111111111111111,0.014285713082653162,0.059602649006622516,0.5625,0.10778442940514182
"backgroundwe here describe the construction of the stockholm creatinine measurement ( scream ) cohort and assess its coverage / representativeness of the stockholm county in sweden . 
 scream has the principal aims to estimate the burden and consequences of chronic kidney disease ( ckd ) and to identify inappropriate drug use ( prescription of nephrotoxic , contraindicated or ill - dosed drugs).methodsscream is a repository of laboratory data of individuals , residing or accessing healthcare in the region of stockholm , who underwent creatinine assessments between 200611 . 
 laboratory tests were linked to administrative databases with complete information on socioeconomic status , demographic data , healthcare utilization , diagnoses , vital status and dispensed prescription medicines.resultsscream identified 1 118 507 adult stockholm citizens with available creatinine tests between 200611 . 
 this corresponded to 66% of the complete population in the region . 
 geographical coverage was uniform , ranging between 62 and 72% throughout its 26 municipalities . 
 population coverage was higher across older age strata ( 50% coverage for age range 1844 years , > 75% for 4564 years and 
 > 90% coverage for 65 years ) . of note , 
 97 and 98% of all individuals with a diagnosis of diabetes mellitus or cardiovascular disease , respectively , were captured by scream . 
 further , 89% of all deaths registered in the period occurred in individuals with a creatinine test undertaken.conclusionscream represents the largest cohort to estimate the burden and healthcare implications of ckd in sweden . 
 the coverage and representativeness of the region of stockholm was high and in accordance to both the commonness of creatinine assessment , and the medical indications for creatinine testing . 
 the inclusion of individuals who sought medical care and had a creatinine test undertaken resulted in a slight over - representation of elderly and comorbid patients .","the study . the use in which the clinical characteristics that it is a common clinical . the incidence of health health  prospective prospectively . a risk is adip - time ) . the purpose of three - stage are also suggest that they are important outcomes of health factors and health analysis . we present a care care care , the , in this case and , we have more more available available to the clinical clinical practice based .the aim of that was to the objective of the effectiveness of the purpose of an alternative factors s - time of this study ) , in each rate of . to evaluate the study ) .results:this data for them .objectives . patients with the relationship between children . the diagnosis ct ) and methods , and post - - grade - controlled controlled results ( p ) ) and 4 patients associated with a care in them in both patients with more than the management of the highest . conclusions of the presence of the patient with the quality of a cross into into the risk of , which is to the highest relationship between the same and ) ; a , and ct status of a significant difference between  0.001c ( ldl ( p , which will be used to to avoid the main studies of their time , two groups .results: this report a .",0.15286624203821655,0.22641509433962265,0.1825095008914399,0.01845018450184502,0.024630541871921183,0.021097041516406987,0.12738853503184713,0.18867924528301888,0.15209124994086962
"comparative cognition aims at unfolding the cognitive processes underlying animal behavior and their evolution , and is concerned with testing hypotheses about the evolution of the brain and intelligence in general . 
 it is a developing field still challenged by conceptual and methodological issues . 
 systematic cross - species comparisons of cognitive abilities , taking both phylogeny and ecology into account are still scarce . 
 one major reason for this is that it is very hard to find universally applicable paradigms that can be used to investigate the same cognitive ability or 
 general intelligence in several species . 
 many comparative paradigms have not paid sufficient attention to interspecific differences in anatomical , behavioral and perceptual features , besides psychological variables such as motivation , attentiveness or neophobia , thus potentially producing misrepresentative results . a new stance for future comparative research may be to establish behavioral and psychological profiles prior or alongside to comparing specific cognitive skills across species . 
 potentially revealing profiles could be obtained from examining species differences in how novel experimental ( extractive foraging ) tasks are explored and approached , how solutions are discovered and which ones are preferred , how flexibly multiple solutions are used and how much individual variation occurs , before proceeding to more detailed tests . 
 such new comparative approach is the multi - access - box . 
 it presents the animal with a novel problem that can be solved in several ways thus offering the possibility to examine species differences in all the above , and extract behavioral and perceptual determinants of their performance . 
 simultaneously , it is a suitable paradigm to collect comparative data about flexibility , innovativeness and problem solving ability , i.e. , theoretical covariates of 
 general intelligence , in a standardized manner .","background : the important to to to this case of of different information on . the .. this study .materials and non - based knowledge , especially in the use of . we present present a variety of each method . however . methods . the field is to identify two two two groups of the quality ( . the development of , and the effects between the results of the study of the results , a . the , may be an acceptable training of of the species and the impact of the most problem and a research - sectional use of the other ) of the results of the . results of this system for a quality of the impact of the research . , only at the expression , and , which is associated with a molecular molecular molecular , it related and . it is not be useful in the role of the database a database and two two , the relationship between the other by each - sectional understanding of the species was more knowledge of the study ) on different processes , by , the first factors ( .",0.16470588235294117,0.36363636363636365,0.22672064348210927,0.022222222222222223,0.04054054054054054,0.02870812939722149,0.13529411764705881,0.2987012987012987,0.18623481352259513
"backgroundself - management interventions are considered effective in patients with copd , but trials have shown inconsistent results and it is unknown which patients benefit most . this study aimed to summarize the evidence on effectiveness of self - management interventions and identify subgroups of copd patients who benefit most.methodsrandomized trials of self - management interventions between 1985 and 2013 were identified through a systematic literature search . 
 individual patient data of selected studies were requested from principal investigators and analyzed in an individual patient data meta - analysis using generalized mixed effects models.resultsfourteen trials representing 3,282 patients were included . 
 self - management interventions improved health - related quality of life at 12 months ( standardized mean difference 0.08 , 95% confidence interval [ ci ] 0.000.16 ) and time to first respiratory - related hospitalization ( hazard ratio 0.79 , 95% ci 0.660.94 ) and all - cause hospitalization ( hazard ratio 0.80 , 95% ci 0.690.90 ) , but had no effect on mortality . prespecified subgroup analyses showed that interventions were more effective in males ( 6-month copd - related hospitalization : interaction p=0.006 ) , patients with severe lung function ( 6-month all - cause hospitalization : interaction p=0.016 ) , moderate self - efficacy ( 12-month copd - related hospitalization : interaction p=0.036 ) , and high body mass index ( 6-month copd - related hospitalization : interaction p=0.028 and 6-month mortality : interaction p=0.026 ) . in none of these subgroups , 
 a consistent effect was shown on all relevant outcomes.conclusionself-management interventions exert positive effects in patients with copd on respiratory - related and all - cause hospitalizations and modest effects on 12-month health - related quality of life , supporting the implementation of self - management strategies in clinical practice . 
 benefits seem similar across the subgroups studied and limiting self - management interventions to specific patient subgroups can not be recommended .","objectiveswe : patients showed well - operative treatment to the the treatment in patients was conducted to determine the treatment . this study in the clinical results , however . the patient and complications using a significant differences in in this research , may be seen in the present results in clinical and treatment rate of ). we performed between the treatment of our experience with , there was conducted to investigate the present study . we developed by the literature as the patient.",0.13855421686746988,0.48936170212765956,0.21596243787520117,0.011673151750972763,0.0410958904109589,0.01818181473627246,0.13855421686746988,0.48936170212765956,0.21596243787520117
"microglandular adenosis ( mga ) is a rare benign disease that shows an infiltrative growth pattern of small glands , and it may progress to include atypia and carcinoma . here 
 we report two cases of breast carcinoma arising in mga . 
 case 1 was a 44-year - old woman with a previous history of ductal carcinoma in situ in her right breast . during a follow - up , a 1.8 cm mass - like lesion 
 was found in her left breast . 
 an excisional biopsy suggested that the lesion was breast carcinoma . 
 case 2 was a 57-year - old woman with a 2.9 cm mass in her right breast . 
 a core needle biopsy of the lesion suggested invasive carcinoma . 
 both patients underwent modified radical mastectomy with sentinel lymph node biopsy . 
 both tumors lacked a myoepithelial cell layer and stained positively for s-100 , lysozyme , and 1-antitrypsin , which is typical of mga . 
 both cases showed invasive carcinoma arising in mga .","a rare case of a major surgical features of , we report a very benign benign - old man who had one year of hypergenic disease , and a rare case of of . multiple , the rare case of a very rare case of a rare case of left left , and and treatment , which presented with histoto , and the upper mass of the right mtopathcystosis of the present a single resection of andenosis in the histopathological outcome of the presentation are uncommon uncommon , and the tumor . this case of an , a left bleeding and left left mass is an important role in the tumor . there are often often reported to provide . however . there was treated with he / day with histological findings is a patient patient was performed .",0.24731182795698925,0.3484848484848485,0.2893081712448084,0.056338028169014086,0.07339449541284404,0.06374501500674631,0.22580645161290322,0.3181818181818182,0.2641509385404059
"segmental neurofibromatosis is a rare disorder , characterized by neurofibromas or caf-au - lait macules limited to one region of the body . 
 its occurrence on the face is extremely rare and only few cases of segmental neurofibromatosis over the face have been described so far . 
 we present a case of segmental neurofibromatosis involving the buccal mucosa , tongue , cheek , ear , and neck on the right side of the face ."," a rare , even the case of the left . this report of this case of a rare . a patient was performed in , it was managed with these diseases or a rare rare lesion revealed several presentation to its history of the patient . the second procedure with the potential potential for a rare presentation , . we revealed an important in a patient with the literature . this case",0.20408163265306123,0.2857142857142857,0.23809523323412707,0.046875,0.05172413793103448,0.049180322880946495,0.1836734693877551,0.2571428571428571,0.2142857094246033
"peribiliary cysts are cystic dilatations of peribiliary glands in the liver . 
 they are present in ~50% of cirrhotic patients , but are underrecognized because they are usually asymptomatic and rarely present as obstructive jaundice . a 63-year - old male with hepatitis c cirrhosis , awaiting liver transplantation , had a new finding of intrahepatic dilatation on magnetic resonance imaging . 
 this was initially concerning for cholangiocarcinoma , but was ultimately diagnosed as peribiliary cysts . 
 peribiliary cysts can imitate cholangiocarcinoma on imaging . 
 therefore , awareness of this condition is essential because misdiagnosis may lead to inappropriate delay or denial for liver transplantation . 
 the ideal imaging modalities to identify peribiliary cysts are magnetic resonance cholangiography and drip infusion cholangiographic computed tomography , though hepatic dysfunction may limit the usefulness of the latter . 
 peribiliary cysts should be considered in cirrhotic patients with cholestasis , biliary dilatations and negative biopsy of the biliary system for malignancy .","abstractto and and and with case known . the left left pain vas is a patient with hyperveveveine , although ant , and an rare , is a rare ) with noly tous diagnosis with a rare case report . a primary primary tumor of the right right clinical findings had undergone surgery . it . the left pulmonary artery infection . we report ar - old woman have been characterized by a variety of .. moreover . with various surgery . therefore on the patient underwent surgery at 1 cm cmd , she underwent pulmonary function .",0.12903225806451613,0.21052631578947367,0.15999999528800013,0.014388489208633094,0.023809523809523808,0.01793721503509142,0.11827956989247312,0.19298245614035087,0.14666666195466682
"objective . a study to determine the efficacy of chloroethane spray compared to normal saline in the treatment of spastic torticollis in children and adolescents . hypothesis . 
 chloroethane spray is more superior to normal saline for the treatment of spastic torticollis in children and adolescents in the pediatric emergency room . 
 design . 
 prospective randomized study . setting . 
 urban inner - city hospital pediatric emergency department . 
 methods and results . all children and adolescents ( between the ages of 1 and 16 years ) presenting to the author with the complaint of stiff neck were enrolled in the study . 
 a total of 132 patients were enrolled . 
 after complete evaluation to rule out cervical spine injury , a central neurological cause , patients were enrolled in the study . 
 sixty - six patients were treated with chloroethane spray to the neck and the other 66 were given normal saline as placebo . 
 sixty - three out of 66 patients treated with chloroethane spray achieved relief in 5 minutes as demonstrated by painless and free movement of the head and neck . 
 no adverse effects were observed . 
 the patients treated with placebo have no relief in 5 minutes . to test the null hypothesis that the percentages improved in the 2 groups equally , we calculated the z statistic . 
 the z statistic of 24 corresponded to a p value of < .0001 , whether the test is 1-sided or 2-sided . 
 chloroethane spray treatment was superior to placebo with a high statistical significance . conclusion . 
 for children and adolescents with spastic torticollis chloroethane spray was more superior to normal saline in the pediatric emergency room .","the purpose of this study was to evaluate the treatment of infection ( - old male who who diagnosed with the right m = = = = years ) . in order . there was to assess two groups ( cd and and methods , there were diagnosed by the surgical treatment to compared with the right right right pain . the procedure that but it may be used a mean age of both groups , the aim of fibrofibromomoar . [ , 6 months , non - test ( 80.3% and the literature is to , but in a single - specific . the case of the same time of them were found and methods . the aim of pt ed , and 4 months of the three years with the data are difficult . the most severe .materials and 6 mg ; ] the potential and postoperative and the three groups , is a more than more frequently for surgery ( r and a non - positive positive in their case showed , and post - ray , p ( p . the possibility of three years , the mean i bp . the , respectively , the possibility of the aim of the two groups , in the two months .",0.22131147540983606,0.27835051546391754,0.24657533753091063,0.033816425120772944,0.03977272727272727,0.0365535198369346,0.18032786885245902,0.2268041237113402,0.20091323707428965
"elevated serum uric acid levels are associated with a variety of adverse health outcomes , including gout , hypertension , diabetes mellitus , metabolic syndrome , and cardiovascular diseases . 
 several genome - wide association studies on uric acid levels have implicated the atp - binding cassette , subfamily g , member 2 ( abcg2 ) gene as being possibly causal . 
 we investigated an association between the single - nucleotide polymorphism ( snp ) rs2725220 in the abcg2 gene and uric acid levels in the korean population . 
 a total of 991 subjects in seoul city were used for a replication study with abcg2 snp rs2725220 . 
 the rs2725220 snp in the abcg2 gene was associated with mean uric acid levels ( effect per allele 0.25 mg / dl , p < 0.0001 ) . 
 subjects with the gc / cc genotype had a 1.78-fold ( range , 1.22- to 2.62-fold ) higher risk of having abnormal uric acid levels ( 7.0 mg / dl ) than subjects with the gg genotype . when analyzed by gender , the association with abcg2 was stronger in men than in women . 
 the association with abcg2 was much stronger in male subjects with body mass index ( bmi )  26.4 ( odds ratio , 5.09 ; 95% confidence interval , 2.41 to 10.8 ) than in male subjects with bmi < 26.4 . 
 this study clearly demonstrates that genetic variations in abcg2 influence uric acid levels in korean adults .","objective : )) . [ results , p ( ) ) and methods , 6.results: the main role of t ) levels were enrolled on the ) , 4 and age and a single rate rate iv with serum and alzlzheimer score ) was to age , and 1 = = 0.05 ( p . the control groups : n . the three and age of : the highest than risk factors ( r r2 ) in the study , p = = 0.02 , as group . this study , and 3 ) , and the data were associated with ) hla age of the , the study 0.01 , and 2  0.001 2 0.01 , respectively ) group anova at . however ) ; p = = conclusion , and in a higher and a more than 5 , , low study was higher than 5d levels may 1 ( p . data found in a3 1 patients was significantly studied were significantly significantly one risk of the data was carried out of risk of the ) hiv / ml were subjected to evaluate ( inp and non - ) levels were associated with p , were treated with a higher in addition .",0.23529411764705882,0.3516483516483517,0.2819383211876808,0.037037037037037035,0.045714285714285714,0.04092071116750997,0.20588235294117646,0.3076923076923077,0.24669603043878213
"summarythe aim of this work was to describe the clinical aspects of eye malformations observed at the ophthalmology unit of the yaound gynaecology , obstetrics and pediatrics hospital.patients and methodswe carried out a retrospective study of all malformations of the eye and its adnexae observed among children aged 05 years who were seen at the ophthalmology unit from january 2003 to december 2009.resultsout of the 2254 children who were examined , 150 ( 6.65% ) presented eye malformations . 
 the mean age was 14.40  4 months . 
 eye malformations were diagnosed in 71.66% of cases during the first year of life . 
 the most frequent malformations were congenital lacrimal duct obstruction ( 66.66% ) , congenital cataract ( 10.9% ) , congenital glaucoma ( 10.9% ) , microphthalmos ( 5.03% ) , and congenital ptosis ( 3.77%).conclusioneye malformations among children can lead to visual impairment and are a cause for discomfort to children and parents . 
 therefore , systematic postnatal screening is recommended to enable early management .","background : one of of patients with a cross - - induced by this study was aimed to establish a study was to assess the health care program , and and data and methods . the main and the purpose of patients with the patients ( a major women aged aged aged compared to compare the study had had a prospective ( , and methodsthe purpose of 3 . this work was detected ile group , 8.resultsthe data were evaluated before and children of cases ) was evaluated by a more than patient who had had other groups ( . data of 3 years of the results .results::the mean age ( 15 years ( range and patients with a greater lower in women . results . data data . in this study is to december december groups , a higher than males ( 5 years ) . this study aimed to reduce the presence of men . the .results: with a significant significant significant ( ) who who experienced the total of the group ( 0.5 or 2 , there was found . results , and 2 years . patients , while the :a . overall follow - operative operative ( p = . the .results: were analyzed.results:the study included for these findings of of of the second - year patient was also conducted in the mean age of patients and 26.4% , but were assessed during . the results of the total of the study . the number of age of cases of , respectively.conclusion: , which were found to evaluate the time in the patient ( , and , no significant value ) t- , and control in age of patients with chronic side in the the age ( p , p 0.012 , after the intervention with an significant differences were used with a . the groups , 5, p and the three individuals with , 28.9% , . in , and a significant in p ) : group i.results: there was to reduce surgical surgical . three , 3.results:thethe relationship between the duration of the patients who presented with a total of the .conclusionclusions and a total loss for patient and the duration . data . mean age ; respectively ) patients was conducted and 3.conclusions in the average ( 2 years . there are a retrospective group and 9 .results:the results",0.308411214953271,0.23076923076923078,0.2639999951036801,0.08974358974358974,0.043209876543209874,0.05833332894583367,0.308411214953271,0.23076923076923078,0.2639999951036801
"objectives discussion of a rare case of angioleiomyoma involving the geniculate ganglion and the intratemporal facial nerve segment and its surgical treatment.design case report.setting presence of an expansive lesion englobing the geniculate ganglion without any lesion to the cerebellopontine angle.participants a 45-year - old man with a grade iii facial paralysis according to the house - brackmann scale of evaluation.main outcomes measure surgical pathology , radiologic appearance , histological features , and postoperative facial function.results removal of the entire lesion was achieved , preserving the anatomic integrity of the nerve ; no nerve graft was necessary . 
 postoperative histology and immunohistochemical studies revealed features indicative of solid vascular leiomyoma.conclusion angioleiomyoma should be considered in the differential diagnosis of geniculate ganglion lesions . 
 optimal postoperative facial function is possible only by preserving the anatomical and functional integrity of the facial nerve .","we report the case of various clinical case of thelioma as a left pain and in the liver syndrome . recently of which is caused by . they presented by the need for tumor in the liver . there was performed after acute mass of disease , it can describe here , the tumor in left left lesion and the literature hiv and multiple side in ) and a very rare case of the patient was referred to the tumor .case report we report a clinical clinical diagnosis was diagnosed with intra - old woman in several reports . this case of the treatment and the renal in a combination with intra , and a case .",0.20652173913043478,0.3064516129032258,0.24675324194299217,0.06818181818181818,0.09090909090909091,0.07792207302411903,0.18478260869565216,0.27419354838709675,0.2207792159689662
"abstractthe aim of this study was to compare the long - term safety and efficacy of laparoscopic surgery and laparotomy for high - risk endometrial cancer ( ec).a retrospective analysis based on our decade of clinical data of patients with high - risk ec who were comprehensively surgically staged by laparotomy or laparoscopy was performed . 
 the surgical outcomes were compared between different approaches using propensity score matching ( psm).eighty - one pairs of patients from the initial 220 enrolled ones were matched by psm . 
 the mean operative time is similar between laparotomy and laparoscopy groups ( 258  minutes vs. 253  minutes ) . 
 the laparoscopy cohort has less blood loss ( 107  ml vs.414  ml , p  <  0.01 ) , shorter hospital stay ( 14.7 days vs. 17.7 days , p  =  0.02 ) and significant fewer intraoperative complications ( 6.2% vs. 25.9% , p  <  0.01 ) . 
 the pelvic lymph nodes dissected by laparoscopy ( 16.4 ) were significant less than that dissected by laparotomy ( 21.9 ) . 
 the 5- and 10-year survival rate for laparotomy were 89.2% and 75.8% compared with 85.3% and 85.3% for the laparoscopy . 
 there was no significant difference in overall survival ( p  =  0.97).laparoscopy is as effective as laparotomy in the long term and can be safely carried out in patients with high - risk ec for surgery treatment .","the most common tumor is an important effect of cardiac surgery are are commonly in patients in the use the primary primary , and its important role in the treatment of patients and and ion etietietiitis . patients .",0.06382978723404255,0.375,0.10909090660495874,0.0136986301369863,0.08571428571428572,0.023622044867939975,0.05673758865248227,0.3333333333333333,0.09696969448374662
"transportation planning and public health have important historical roots . to address common challenges , including road traffic fatalities , integration of theories and methods from both disciplines is required . 
 this paper presents an overview of geoffrey rose 's strategy of preventive medicine applied to road traffic fatalities . 
 one of the basic principles of rose 's strategy is that a large number of people exposed to a small risk can generate more cases than a small number exposed to a high risk . 
 thus , interventions should address the large number of people exposed to the fundamental causes of diseases . 
 exposure to moving vehicles could be considered a fundamental cause of road traffic deaths and injuries . 
 a global reduction in the amount of kilometers driven would result in a reduction of the likelihood of collisions for all road users . 
 public health and transportation research must critically appraise their practice and engage in informed dialogue with the objective of improving mobility and productivity while simultaneously reducing the public health burden of road deaths and injuries .","a variety of health - efficacy of the , and can be not not also developed by the use , and social and an essential in the effects of quality of dental health and knowledge by human patients with different characteristics and the role during the practice are important of the common effects on the purpose of research . we have have been treated to determine an an present the purpose of patients with the results .methods ) using , and methods of of students is an .materials for the effect of their study , and methods , their management of the data of the need to the management . methods .",0.20388349514563106,0.3559322033898305,0.2592592546281055,0.039473684210526314,0.061224489795918366,0.047999995233280475,0.1262135922330097,0.22033898305084745,0.16049382252934016
"objectives : data mining algorithms have been developed for the quantitative detection of drug - associated adverse events ( signals ) from a large database on spontaneously reported adverse events . in the present study , the commonality of signals detected by 4 commonly used data mining algorithms was examined.methods : a total of 2,231,029 reports were retrieved from the public release of the us food and drug administration adverse event reporting system database between 2004 and 2009 . 
 the deletion of duplicated submissions and revision of arbitrary drug names resulted in a reduction in the number of reports to 1,644,220 . 
 associations with adverse events were analyzed for 16 unrelated drugs , using the proportional reporting ratio ( prr ) , reporting odds ratio ( ror ) , information component ( ic ) , and empirical bayes geometric mean ( ebgm).results : all ebgm - based signals were included in the prr - based signals as well as ic- or ror - based ones , and prr- and ic - based signals were included in ror - based ones . 
 the prr scores of prr - based signals were significantly larger for 15 of 16 drugs when adverse events were also detected as signals by the ebgm method , as were the ic scores of ic - based signals for all drugs ; however , no such effect was observed in the ror scores of ror - based signals.conclusions : the ebgm method was the most conservative among the 4 methods examined , which suggested its better suitability for pharmacoepidemiological studies . 
 further examinations should be performed on the reproducibility of clinical observations , especially for ebgm - based signals .",the last their novel novel - based on the purpose of the study in this study,0.05263157894736842,0.5833333333333334,0.09655172261973842,0.012711864406779662,0.2,0.023904381346327892,0.045112781954887216,0.5,0.08275861917146256
"backgroundonce metastasized , despite a variety of therapeutic options , the prognosis of patients with malignant melanoma ( mm ) is still poor . 
 therefore , the search for reliable markers to identify patients with high risk of disease progression is of high clinical importance . we have recently shown that tt genotypes of the single - nucleotide polymorphism ( snp ) t393c in the gene gnas1 are significantly associated with better outcome in a variety of carcinomas.patientsin the present study we assessed whether the t393c snp is also related to the clinical course in mm . 
 328 patients with mm were retrospectively genotyped and genotypes were correlated with clinical outcome.resultswhile the allele frequency in the mm group ( fc 0.52 ) did not significantly differ from that of healthy blood donors , the t393c snp was associated with tumor progression of mm . 
 carriers of the c - allele showed a significantly more severe tumor progression as estimated from the time period to develop metastasis ( hr 2.2 , 95% ci 1.1 - 3.2 , p = 0.017 ) . 
 proportions of 5-year metastasis - free intervals were 87.1% for tt genotypes and 
 66.0% for c - allele carriers . 
 moreover , multivariable cox regression analysis including tumor stage and melanoma subtype proved the t393c polymorphism to be an independent factor for metastasis ( p = 0.012).conclusionsin summary , the gnas1 t393c snp represents a genetic host factor for predicting tumor progression also in patients with mm ; genotyping of this snp may contribute to better define patients who could benefit from an early individualized therapy .",purposewe reviewed the present present study was to evaluate the purpose of the . the purpose of all a,0.04794520547945205,0.5833333333333334,0.08860759353308767,0.012244897959183673,0.2,0.02307692198964502,0.04794520547945205,0.5833333333333334,0.08860759353308767
