abstract,generated,rouge1-r,rouge1-p,rouge1-f,rouge2-r,rouge2-p,rouge2-f,rougel-r,rougel-p,rougel-f
"to demonstrate the feasibility of studying the epoch of massive galaxy cluster formation in a more systematic manner using current and future galaxy surveys , we report the discovery of a large sample of proto - cluster candidates in the 1.62 deg@xmath0 cosmos / ultravista field traced by optical / ir selected galaxies using photometric redshifts . by comparing properly smoothed 3d galaxy density maps of the observations and a set of matched simulations incorporating the dominant observational effects ( galaxy selection and photometric redshift uncertainties ) , 
 we first confirm that the observed @xmath1 comoving mpc scale galaxy clustering is consistent with @xmath2cdm models . using further the relation between high - z overdensity and the present day cluster mass calibrated in these matched simulations , we found 36 candidate structures at @xmath3 , showing overdensities consistent with the progenitors of m@xmath4 m@xmath5 clusters . taking into account the significant upward scattering of lower mass structures , the probabilities for the candidates to have at least m@xmath6 m@xmath5 are @xmath7 . for each structure , about @xmath8 of photometric galaxy candidates are expected to be true proto - cluster members that will merge into a cluster - scale halo by @xmath9 . with solely photometric redshifts , 
 we successfully rediscover two spectroscopically confirmed structures in this field , suggesting that our algorithm is robust . 
 this work generates a large sample of uniformly - selected proto - cluster candidates , providing rich targets for spectroscopic follow - up and subsequent studies of cluster formation . 
 meanwhile , it demonstrates the potential for probing early cluster formation with upcoming redshift surveys such as the hobby - eberly telescope dark energy experiment and the subaru prime focus spectrograph survey .","On recent, to the United States which may the ""an U. The United States: an overview. The United States have been updated as a series of the United States and the new new energy. This report will continue to the U. The National Information Act for nonbased power from the largest number of these elements the United States"""" of the U. The Constitution to the United States, and other products and the mid-1990s were not been made by the Departments) to all factors-related problems. States. To yet been focused on the first several key role in recent years that would have been unable to the United States have the U. The House Appropriations Act (Ms for the future growth in the new oil. Both the United States has been taken two two two-related provisions of the U.e. In the current current government's. This report summarizes a larger information of the Supreme Court are in the number of the same same time, and the two years affecting one of the Court in its own own in its own financial institutions, the U. The Air Force received an effective changes can be updated.L. There are are generally provide several initiatives have taken at the number of the number of U. The House and CRS recommendation and Mexico. This report describes the Senate is the ""for particular, in nonfederal resources to respond to reduce the House and (2) the region.S. This statement discusses the potential for the U. The Court of the time, and the Supreme Court's (N. However, and nongovernmental governments.R.R. Additionally, a higher than the ""year period would be updated as ""significants of the majority of the federal law in the same time, but they have been in some some instances, a small businesses. The report discusses these provisions of the current current policy, as warranted, the second range of the same period. The2009. The The Administration or other cases and for certain aspects was a whole-including U. This report was been limited by these data. If a second second decade would not require the Supreme Court to a large in the world-in one-related factors and  responsibilities was introduced the National and Related Agencies on a substantial substantial substantial cost of these factors GAO found that the future in July 2010. Among the U. While the future resources.",0.15384615384615385,0.14285714285714285,0.14814814315500704,0.030303030303030304,0.02531645569620253,0.027586201936742865,0.14792899408284024,0.13736263736263737,0.14245013745700133
"this talk gives an elementary introduction to the basic properties of positronium . 
 recent progress in theoretical studies of the hyperfine splitting and lifetime of the ground state is reviewed . 
 sensitivity of these precisely measured quantities to some new physics effects is discussed . 
 # 1o(#1 )    = by -1    bnl - het-99/38 + hep - ph/9911455 + november 1999","The government's (i.L.R. The Department (FY)) provides information. A A A legislative or their own. The Court in the extent include certain assistance as a new U. They argue.R. This report provides for a few years. For example, and local entities for the number of the Senate in the same information.Res. In June 2003, the Court and in the Court has no report is often consider such as to consider a single decade, the number of the U. In 2008, the government government and (2) ""fair., including local governments from the federal government may be an effort to other federal role of the federal government for the first first first period of the public. The House and  responsibilities and state may not be established in the number of the scope of the state, the nation's ""in a lack of the U. If the Court is a result: On March 31, 2010, a result in the Court made in that a discussion of the Senate and Reinvestment Act was signed on a variety of the Court are being funded.R. This report discusses the use with the ""unununununth ""year period, both a comprehensive for its Court may also in the states (FY Nations Nations, the time of law that it was authorized which was been delayed under the credit. This report will allow federal workers. This report provides a lower lower on recent months-related areas in a variety of Justice Act and international investment, but not yet made the tax. To do not be reduced by the authority. It provides a total-Frank Act of non-term issues, or their new new role in place the average. The 112th Congress. The state's role.",0.22448979591836735,0.0728476821192053,0.10999999630050011,0.017857142857142856,0.0040650406504065045,0.006622513535372633,0.20408163265306123,0.06622516556291391,0.09999999630050013
"we derive the exact solution for the optical conductivity @xmath0 of one hole in the holstein-@xmath1-@xmath2 model in the framework of dynamical mean - field theory ( dmft ) . 
 we investigate the magnetic and phonon features associated with polaron formation as a function of the exchange coupling @xmath2 , of the electron - phonon interaction @xmath3 and of the temperature . 
 our solution directly relates the features of the optical conductivity to the excitations in the single - particle spectral function , revealing two distinct mechanisms of closing and filling of the optical pseudogap that take place upon varying the microscopic parameters . 
 we show that the optical absorption at the polaron crossover is characterized by a coexistence of a magnon peak at low frequency and a broad polaronic band at higher frequency . 
 an analytical expression for @xmath0 valid in the polaronic regime is presented .","The congressional request of the majority or its military. 3 years, especially from the country on: The House—such as a portion of these recommendations, including, especially in the United States States of the Department of the current current court and the Federal Acquisition Acquisition Acquisition War, to a lack of his role of the number of the global education, as amended to the United States.R. Most Most key sources of the United States has the first decade, the District of the Court to the defendant to protect the United States has been required by the United States. This report discusses the world, if any requirement to a particular increases of a new years of the cost of the public, including economic downturn in the future. The number of the right of any number of the future. This report the U. The Supreme Court of some of a comprehensive change to a broad than the Senate Committee. Several types of the new new new activity to what is still still the number of the constitutional measures of a number of a a more than a number of the PBM), and political of a number of the United States. Over the National Defense, and the use the new crisis that they are a number of the potential cost for how to the United States v.R.L. This bill, which could have already been a significant than the most significant increase in the number of the U. They will be done, whereas a result, the United States.",0.13636363636363635,0.10084033613445378,0.11594202409764544,0.04580152671755725,0.031088082901554404,0.037037032220127136,0.11363636363636363,0.08403361344537816,0.09661835260006095
"we consider meson radiative decays within the framework of @xmath0 gauge symmetry . 
 this approach is based on the linear sigma - model extended by the gauge and quark - meson interactions . 
 physical content and parameters of the model are discussed . 
 theoretical predictions for some radiative decays of vector mesons are in a good agreement with the experimental data .","On February 2009. The United States and the United States in the World Administration's previous years were a "" ""year period by June 2014 2014"" to the country. On FY2009.S. This report focuses on the United States and to the Senate Appropriations Act, the United States under a national national national national security and an integrated integrated the new new new new new security security is required two to the number of the majority of the potential implications for the second cost to the House (P. Although the potential potential to Congress was asked to support the U. This report, and how the most of the most HEA) has not receive them. This report describes the public public and the public public security.C. In 2005, the number of their own resources, however, the Supreme Court of the second second second cost of the federal spending for certain criteria over the ""the transition. Other factors, and political sources of China's budget, or the future. This report provides the world, the public assistance for this effort. It provides more than the federal government's decision because that are limited in the Bureau (about $21 billion in this report provides a ""rere213 million in an opportunity to the system, and the same requirement for the federal debt were a clear. When a lack of an estimated that was limited, many stakeholders, among the number of the right to ""for example, the United States. In some observers may be used more on the number of a range. Many of the United States and it focuses on a major major major major federal government efforts to the potential significant and the President President Obama Administration (H. The Court of the need for example, a whole in part of the federal funds to provide the end of the two bills are intended steps in June 1, 2016, and (2) there is to provide the results, the overall overall information in a number of existing regulatory activities. To meet the national security standards at an additional resources for an important for the public as an average cost and a process at the risk or a timely. They not do not have arisen that the government and may result of the U. The President Obama Administration, an update to the government. The majority of the cost to provide a combination of the future future. The Office of all of ""in the first action or a broad element of the extent to be completed by a new new government may be a number of the Bureau of the use for a greater greater than some areas for such as the first",0.2727272727272727,0.061224489795918366,0.09999999700555565,0.05357142857142857,0.0084985835694051,0.0146699242869188,0.22727272727272727,0.05102040816326531,0.083333330338889
"persistent currents and drude weights are investigated for the tight - binding approximation to one - dimensional rings threaded by a magnetic flux and with potential given by some almost - periodic substitution sequences with different degrees of randomness , and for various potential strengths . 
 the drude weight @xmath0 distinguishes correctly conductors and insulators , in accordance with the results shown by the currents . in the case of insulators 
 the decay of @xmath1 for large ring lengths @xmath2 provides an estimate for the localization length of the system . 
 it is shown that the more random the sequence does not imply the smaller conducting properties . 
 this discrepancy between the hierarchy of disorder of the sequences and the capacity of conduction of the system is explained by the gaps in the energy spectra . 
 + pacs numbers : 73.23.ra , 73.20.dx , 73.23.-b","This report the extent, by the extent are a number of a broad range of non-standing actions with their own, many year by the United States to these issues. The Obama Administration would would have been the Supreme Court requires what is one rate, but the extent to a particular, the Court have enacted for an effort, some in a result, the state and federal agencies that has been completed for the United States, to the extent to be important important, it to meet the amount that that a new new institutions and nongovernmental data from the state-related management of these measures in the ""term role from H.",0.17204301075268819,0.22535211267605634,0.19512194630948854,0.021897810218978103,0.029411764705882353,0.025104597617689718,0.12903225806451613,0.16901408450704225,0.14634145850461053
"motivated by the recently proposed parallel orbital - updating approach in real space method @xcite , we propose a parallel orbital - updating based plane - wave basis method for electronic structure calculations , for solving the corresponding eigenvalue problems . in addition , we propose two new modified parallel orbital - updating methods . compared to the traditional plane - wave methods , our methods allow for two - level parallelization , which is particularly interesting for large scale parallelization . 
 numerical experiments show that these new methods are more reliable and efficient for large scale calculations on modern supercomputers . 
 density functional theory , electronic structure , plane - wave , parallel orbital - updating .","Congress Congress is still to the United States, in a number and the federal government in the extent to regulate up to extend the first and it will will not not do not more than the last years in the Supreme Court of U.L. In May 2010 (P). This report discusses the state and (2) the future. This report provides a substantial in U. For the largest time in the number of the number of its ability to determine the number of Columbia, the federal government on the right to the current use this year (c) and BIA that are more efficient efficient a variety of any cost.S.S. However, and gas expenses and Human Services (including some to be useful to implement the number of the end of drug information, has held significant of the most significant impact for the first role into  ) to other things, and some of the majority of the Department of the first first review—referred to be developed by the potential for the President's decision in some of the time of the cost. In addition, there should not have changed to be necessary to the program, the program, the time.L. Since July 2011, however, to all of the number of a new development of the ""passed to Congress, however, or by the most of drug use under the private property for the District of the future number of the new-Frank Act (P, especially about 4 years. Among the ""high areas and its own information. Since the public, as high risk of the United States."" The country's (HHS) of the world, the first first-fired workers to a number of the United States on the cost cost of the end of the number, and the ""best or some instances in the cost and the use and natural gas, and others. The Court, the private sector, and some observers have been introduced the number of the United States has not yet to have been considered any challenge will be limited for which was in the number of the right program for the number of the number of the U. It is likely likely to their implications that can report on January 2016. Although the new new data for the use their own, in both Members and natural gas activities. The United States may require any assessment was included in the potential to protect it would be used to to the right to the value of the United States, the United States States is to establish the effects to address an individual benefits, and U. For fiscal year. In the extent",0.23076923076923078,0.08021390374331551,0.11904761521951387,0.031914893617021274,0.008849557522123894,0.013856809533786815,0.2153846153846154,0.0748663101604278,0.11111110728300592
"we present an implementation of the hierarchical tree algorithm on the individual timestep algorithm ( the hermite scheme ) for collisional @xmath0-body simulations , running on grape-9 system , a special - purpose hardware accelerator for gravitational many - body simulations . 
 such combination of the tree algorithm and the individual timestep algorithm was not easy on the previous grape system mainly because its memory addressing scheme was limited only to sequential access to a full set of particle data . 
 the present grape-9 system has an indirect memory addressing unit and a particle memory large enough to store all particles data and also tree nodes data . 
 the indirect memory addressing unit stores interaction lists for the tree algorithm , which is constructed on host computer , and , according to the interaction lists , force pipelines calculate only the interactions necessary . in our implementation , the interaction calculations are significantly reduced compared to direct @xmath1 summation in the original hermite scheme . for example , we can archive about a factor 30 of speedup ( equivalent to about 17 teraflops ) against the hermite scheme for a simulation of @xmath2 system , using hardware of a peak speed of 0.6 teraflops for the hermite scheme .","This report summarizes the impact of the potential value of the use. The Department of how is the way to increase in addition, Congress on the number of its ability to be be needed to provide a formal systems in the government's (VA), which as a single statement statement on that the future to which is that would provide this rule. The report will likely to obtain a result in the basis by [authorize and the two-and-based and interviewed can include the Air Force's use by [author name scrubbed]. Several elements of the United States's mission for both the basis for the system, including the cost of the number of which the remaining 3th Congress should be difficult for the lack of the public and a wide wide range of its long-fired and the most more than the new framework at least a key information, and other things, while a variety of the same. Many of the end of the United States could help the highest rates and the costs among two instances in the Bureau of this period. In addition, and the same time.S. In March 2013, and how they will not meet them are too important; and in order. Among the remaining 2th Congress. The most key information on the ability to assess the overall, the current policy. These related to provide for an effort's (H. 111th Congress will be updated will be more than one year after all types of an accurate and what will be updated.L. For several steps to make those elements of the risk, and Human Services (HUDs 2006 at low, and the ability to the Bureau was not be completed by the basis to ensure that would choose to the public, it is in the potential number of non-risk framework for the Bureau of the United States. These mechanisms at the extent to address such as the risk of the most common, a variety of the same number of any information",0.16666666666666666,0.11042944785276074,0.13284132361923193,0.05027932960893855,0.032490974729241874,0.039473679441463336,0.1388888888888889,0.09202453987730061,0.11070110221701795
"the ideals of the eighteenth century s age of enlightenment are the foundation of modern democracies . 
 the era was characterized by thinkers who promoted progressive social reforms that opposed the long - established aristocracies and monarchies of the time . 
 prominent examples of such reforms include the establishment of inalienable human rights , self - governing republics , and market capitalism . 
 twenty - first century democratic nations can benefit from revisiting the systems developed during the enlightenment and reframing them within the techno - social context of the information age . 
 this article explores the application of social algorithms that make use of thomas paine s ( english : 17371809 ) representatives , adam smith s ( scottish : 17231790 ) self - interested actors , and marquis de condorcet s ( french : 17431794 ) optimal decision making groups . 
 it is posited that technology - enabled social algorithms can better realize the ideals articulated during the enlightenment . 
 = 1    collective decision making , computational governance , e - participation , e - democracy , computational social choice theory .","At the United States, in a number of Defense Authorization Act of the U. The responsibilities, the United States has a legislative proposals for this authority are being subject to an independent agency can be able to a comprehensive and [author name scrubbed]. In December 2005, the public and the time. The program. This report will require that an entity with a variety of a significant steps or non-based resources for federal government, including a result in the United States. The report. Most of law on the Senate Appropriations), was intended and their proposed ""otherother and the United States also also found that the Department of the Federal Acquisition Committee that a key provisions. On July 2012 (the U. These agencies have been a variety of Congress for federal laws for a ""nonth Congress has been updated as of the program's the process. The Constitution has been the number of an increase the Department, which may not receive the national national national capital challenges to the Court. The current and security concerns are designed to the first action by the role within the country as the Supreme Court Court's (P. While the country (DOD) and it would amend the number of foreign and the extent to which a government is also be able to conduct high-risk of the government-year role of the second changes in the Court of the public, such as part of Commerce has found in the United States should be unable to provide a result, as a particular, and the extent to provide a significant policy. A Court and the rule from the U. In this statement of a U. At one of new strategy is in the federal agencies have been made by the U. This report.S. With the potential potential implications-for the process is made a large number of the extent to be considered significant action in the program was authorized to a key challenges could be updated as a provision, or any specific authority to some cases of existing, including an important provisions about what, it would be the current rules are generally established a variety of this provision of the federal agencies, the agency, and its national security.g. It is in the current law, the s. Although certain information.",0.17272727272727273,0.10614525139664804,0.1314878845583747,0.018518518518518517,0.009523809523809525,0.0125786118666208,0.13636363636363635,0.08379888268156424,0.10380622365872078
"we demonstrate that a stochastic model consistent with the scaling properties of financial assets is able to replicate the empirical statistical properties of the s&p 500 high frequency data within a window of three hours in each trading day . 
 this result extends previous findings obtained for eur / usd exchange rates . 
 we apply the forecast capabilities of the model to implement an explicit trading strategy . 
 trading signals are model - based and not derived from chartist criteria . in - sample and out - of - sample tests indicate that the model performs better than a benchmark asymmetric garch process , and expose the existence of small arbitrage opportunities . 
 we discuss how to improve performances and why the trading strategy is potentially interesting to hedge volatility risk for s&p index - based products . 
 anomalous scaling ; memory ; intraday returns ; intraday strategy .","The report examines the state has been the United United States has been been been a new U. The U. For instance, not established a broad range of the United States (P. The rule'ss"" (E.L. ContingencyContingencyContingencyContingency Protection Agency: 1 (c) requires many of the Court Court are considered to be updated with all the majority of the U. The Department of the national development of all non-term financial statements and a separate to increase the number of the United States.L. However, and some cases related to the National Guard and ""significant, the end of its current legislative authority. If the President's.L. This report will be used to the end of the ""reasonable number of Commerce, the ""in the new new new power of foreign nationals in some countries that some federal government's ) with the U. In a substantial portion of the number of the ""best. The new new constitutional of the U. However, the number of the same time, in the majority can be updated. The final court and the ""related role in response to an individual was signed the U. However, are an action at each report examines (1) the second increase in the highest-income states that the majoritys, and political-third of the United States, and the total market, the highest of this authority and others., it had held an overview of the private-level prices of a substantial provisions in accordance with more than the national and the most large number of the number of federal debt rate of the federal government. The court.R.L during the United States that are an average of the program in the number of federal government. Further, particularly one-time-to all of the number of the basis. At the U. These provisions of the new new U. It is being subject to the impact of federal government, according to the number, although this issue that this analysis. However, see CRS Report R-sharing process of new trade. The National Care and Reinvestment Act of a draft of the constitutional or state and international international international factors, the future growth. To maintain the time of the time, the impact of some aspects of the Supreme Court received an additional additional assistance to the basis. Many of a more cost of congressional action on the future.L. Other developments for the end of these data for this report will be updated as the number in March 2013, see the potential to address the time, but",0.20833333333333334,0.10810810810810811,0.14234874994997546,0.022388059701492536,0.009146341463414634,0.012987008868650694,0.17708333333333334,0.0918918918918919,0.1209964367827157
"in this work we describe the latest results for the measurements of the hyperfine structure of antiprotonic @xmath0he . 
 two out of four measurable super - super - hyperfine sshf transition lines of the @xmath1 state of antiprotonic @xmath0he were observed . 
 the measured frequencies of the individual transitions are @xmath2  ghz and @xmath3  ghz , with an increased precision of about 43% and 25% respectively compared to our first measurements with antiprotonic @xmath0he [ s. friedreich _ 
 et al . _ , 
 phys . 
 lett . 
 b 700 ( 2011 ) 16 ] . they are less than 0.5  mhz higher with respect to the most recent theoretical values , still within their estimated errors . 
 although the experimental uncertainty for the difference of @xmath4  ghz between these frequencies is large as compared to that of theory , its measured value also agrees with theoretical calculations . 
 the rates for collisions between antiprotonic helium and helium atoms have been assessed through comparison with simulations , resulting in an elastic collision rate of @xmath5  mhz and an inelastic collision rate of @xmath6  mhz .    version","After the House House. international Medicaid and state state state health care.S). Since the U. The majority of the Federal Federal Reserve Program was asked to the United States or to a result, not yet to promote a variety of the number of such as amended. After the federal-Frank Act of the Federal Aviation Fund of the state market would also used to obtain and environmental requirements, there are not be used, and other things, the majoritys of the number of the new new products that the most most most, it was held a broad-U-term concern such as the Supreme Court of the new political sources as the Court might have to promote a result in which has made in federal lands. The Senate has seen by the federal government; and Affordable Care Act of the Supreme Court Court of the second second second second second-thethe Court has been a few states and a variety of the two states and the right for the country. The Supreme Court (including the potential potential for the right to the Senate Appropriations and gas (P.the majority in the federal funding for the United States and CRS Report RL RL33P)—an state and the Court should be updated as possible that was not been updated as they may result in a single single single single-year number of the Supreme Court received some states that is ""tototo the House, see CRS Report R40 million to the federal or his-sharing, and others for the most factors GAO had not yet, are being created as a wide range of a number of the current state, the states have been been a ""passed or the same time-timetime-of-aa) is working to all states may be be updated as one term on the nation's ""comcomative of other states.R. An effective in each areas, and other things, the majority of the most most most likely than Congress also also discusses whether whether the number of the end of the total of the Supreme Court in January 2009 under the same period of the provision, such as small businesses.S. The public assistance in a few states for the federal-passed bills, but some federal debt and the use the primary primary primary primary proposals, and the use in the ""economic drug. The state and local states.R.S.Res. Some states such as of the total total total of non-standing factors were not yet an abridged abridged version of the state, as ""in the United Nations and H. There",0.1794871794871795,0.11731843575418995,0.14189188711125839,0.030120481927710843,0.015432098765432098,0.020408158785173824,0.15384615384615385,0.1005586592178771,0.12162161684098814
"this paper studies secrecy transmission with the aid of a group of wireless energy harvesting ( weh)-enabled amplify - and - forward ( af ) relays performing cooperative jamming ( cj ) and relaying . 
 the source node in the network does _ simultaneous wireless information and power transfer ( swipt ) _ with each relay employing a power splitting ( ps ) receiver in the first phase ; each relay further divides its harvested power for forwarding the received signal and generating artificial noise ( an ) for jamming the eavesdroppers in the second transmission phase . in the centralized case with global channel state information ( csi ) , we provide closed - form expressions for the optimal and/or suboptimal af - relay beamforming vectors to maximize the achievable secrecy rate subject to individual power constraints of the relays , using the technique of semidefinite relaxation ( sdr ) , which is proved to be tight . a fully _ distributed _ algorithm utilizing only local csi at each relay is also proposed as a performance benchmark . 
 simulation results validate the effectiveness of the proposed multi - af relaying with cj over other suboptimal designs .    artificial noise , cooperative jamming , amplify - and - forward relaying , secrecy communication , semidefinite relaxation , wireless energy harvesting 
 .    [ section ] [ section ] [ section ] [ section ] [ proposition ] [ section ] [ section ] [ section ]","This testimony summarizes a congressional request, and others and whether whether they includes a number of security has approved and the United States, but they they they could the current current current assistance. This report focuses",0.03305785123966942,0.16,0.054794517709701784,0.0,0.0,0.0,0.03305785123966942,0.16,0.054794517709701784
"in energy harvesting ( eh ) network , the energy storage devices ( i.e. , batteries ) are usually not perfect . in this paper , we consider a practical battery model with finite battery capacity , energy ( dis-)charging loss , and energy dissipation . 
 taking into account such battery imperfections , we rely on the lyapunov optimization technique to develop a stochastic online control scheme that aims to maximize the utility of data rates for eh multi - hop wireless networks . 
 it is established that the proposed algorithm can provide a feasible and efficient data admission , power allocation , routing and scheduling solution , without requiring any statistical knowledge of the stochastic channel , data - traffic , and eh processes . 
 numerical results demonstrate the merit of the proposed scheme . 
 stochastic optimization , energy harvesting , battery imperfections , wireless networks .","The President signed the end of the United States. The House passed by a a a whole. . The issue is a national security efforts of the federal law (F))'s, and the economy for the state and the right to the number of the two two main issues for the number, H. This report will be updated as well as many issues were available to the right of this testimony is considering considering what is is in its existing assistance and the number of the two of the most changes from its own and Human Services (C. At additional information. They have the end of  jurisdictionally by the Supreme Court or the cost and foreign policy since this report will require these initiatives. The Coast Guard and to all U. It also use. Since the extent to the Department of the U.S.R. The Senate Senate, or the impact of state requirements. The Obama's the long to other other provisions. The government has been approved.L. In February 15, 2004, to develop and may be updated as the Department of the country under the U. On the current financial viability. As a number of international practices. EDA, which have been provided ). This report report discusses the current interests, an additional benefits, with the same time for for any process. To do not have subject to the basis for a result result of some cases, but been to provide trade assistance and local governments is expected to the MOE by federal assistance for the past few countries. In addition, the same time used when a report discusses the number (H. If a national national infrastructure. When the time for other concerns to the National Defense Authorization Act of this area and the two years, and to the rule to be a number of a majority of the total of congressional strategy and state and local governments.L. However, many agencies are an an opportunity to establish a separate federal government-thirds of the long-such as well as a greater use of which may be used to a new assistance, as a person. The National Defense. A national challenges. There are often be used some of the number of the primary number of the United States is a particular, the U. However, whereas a new safety programs. This report provides to which a comprehensive policy could have been seen as those of the United States to the rule, the national security. This report provides a new power of the federal, while the same time under the House signed by the final role of the President",0.19101123595505617,0.08629441624365482,0.11888111459411234,0.015037593984962405,0.005747126436781609,0.008316004314990189,0.16853932584269662,0.07614213197969544,0.10489510060809837
"a toy model for magnetic extraction of energy from black hole ( bh ) accretion disk is discussed by considering the restriction of the screw instability to the magnetic field configuration . 
 three mechanisms of extracting energy magnetically are involved . 
 ( [ eq1 ] ) the blandford - znajek ( bz ) process is related to the open magnetic field lines connecting the bh with the astrophysical load ; ( [ eq2 ] ) the magnetic coupling ( mc ) process is related to the closed magnetic field lines connecting the bh with its surrounding disk ; and ( [ eq3 ] ) a new scenario ( henceforth the dl process ) for extracting rotational energy from the disk is related to the open field lines connecting the disk with the astrophysical load . 
 the expressions for the electromagnetic powers and torques are derived by using the equivalent circuits corresponding to the above energy mechanisms . 
 it turns out that the dl power is comparable with the bz and mc powers as the bh spin approaches unity . 
 the radiation from a quasi - steady thin disk is discussed in detail by applying the conservation laws of mass , energy and angular momentum to the regions corresponding to the mc and dl processes . 
 in addition , the poloidal currents and the current densities in bh magnetosphere are calculated by using the equivalent circuits . 
 black holes , physics of black holes , infall , accretion , and accretion disks , relativity and gravitation 97.60.lf , 04.70.-s , 98.62.mw , 95.30.sf","This report provides provides a congressional request. In fiscal year 2008 2008. The report explains the United States has changed in the same time of the time of the defendant is the nation's (e. The President Obama Administration and others, which to the time, the majority of the Court would be available to ""a) with the U. Under the world and the future, would also authorized to ""reauthorization Act of international disasters in the EU was subject at the new new energy energy levels for a brief brief position under the number of a result in a result in this report will occur in the second, the state laws and S). Under the Supreme Court. In August 2008 (P. This report will be expected to be done as a result in their own rights. Several policy. In October 2007. The Court of the country-term effect of the potential that also known as many U. These These impact on current and other U..",0.12295081967213115,0.1595744680851064,0.1388888839729083,0.018604651162790697,0.027210884353741496,0.022099442690242495,0.09836065573770492,0.1276595744680851,0.11111110619513054
"we present analysis of c7.0 solar flare of febrary 17 , 2013 , revealing a strong helioseismic response ( sunquake ) caused by a very compact impact in the photosphere . 
 this is the weakest known c - class flare generating a sunquake event . to investigate possible mechanisms of this event , and to understand the role of 
 accelerated charged particles and photospheric electric currents , we use data from three space observatories : ramaty high energy solar spectroscopic imager ( rhessi ) , solar dynamics observatory ( sdo ) and geostationary operational environmental satellite ( goes ) . 
 we find that the photospheric flare impact does not spatially correspond to the strongest hxr emission source , but both of these events are parts of the same energy release . 
 our analysis reveals a close association of the flare energy release with a rapid increase of the electric currents , and suggests that the sunquake initiation is unlikely to be explained by the impact of high - energy electrons but may be associated with a rapid current dissipation or a localized impulsive lorentz force .","Over the world's ""related or constitutional areas, from the Court of the region and other sources at least other non-fired, with some Members in the United States, which was a broader history of the number of the EU's analysis of a new power. Under the defendant as the international positions are limited, but the political laws or all countries. This report. Although an average years about the majority of the Court ruled that could be updated as the most most recent recent to the same time. For significant significant significant significant challenge the Negotiations) and non-on an important important to a vote for the total of his resolution of the maximum than one that that the public, the former energy and other sources for the political resolution. There",0.14414414414414414,0.19753086419753085,0.16666666178873712,0.03488372093023256,0.05217391304347826,0.041811841887118284,0.12612612612612611,0.1728395061728395,0.14583332845540378
"standard analytical chemical evolution modelling of galaxies has been assuming the stellar initial mass function ( imf ) to be invariant and fully sampled allowing fractions of massive stars to contribute even in dwarf galaxies with very low star formation rates ( sfrs ) . 
 recent observations show the integrated galactic initial mass function ( igimf ) of stars , i.e. the galaxy - wide imf , to become systematically top - heavy with increasing sfr . 
 this has been predicted by the igimf theory , which is here used to develop the analytical theory of the chemical evolution of galaxies . 
 this theory is non - linear and requires the iterative solution of implicit integral equations due to the dependence of the igimf on the metallicity and on the sfr . 
 it is shown that the mass  metallicity relation of galaxies emerges naturally , although at low masses the theoretical predictions overestimate the observations by 0.30.4 dex . 
 a good agreement with the observation can be obtained only if gas flows are taken into account . in particular , we are able to reproduce the mass  metallicity relation observed by lee et al . 
 ( 2006 ) with modest amounts of infall and with an outflow rate which decreases as a function of the galactic mass . 
 the outflow rates required to fit the data are considerably smaller than required in models with invariant imfs .    stars : abundances  stars : luminosity function , mass function 
 supernovae : general  galaxies : evolution  galaxies : dwarf  galaxies : star clusters : general","The Federal Management Agency Program (FY) has also passed passed passed by the former former government has been available and the Senate Administration, a brief overview of these concerns that the political. The government is funded by the EU has established a a series of any potential for a wide range of these actions to the potential in the Supreme Court has been established in the ""an increase the final final provision of the highest years of the end of the new new interest in the political political role in the highest number of time to a new constitutional challenges of the first first of congressional changes in recent issues the impact, although most proposed a a variety of the current and a greater data were not been less than the patent law and international factors that the end of the Senate Committee provided to the right increases in the primary primary number of the public. Although the ""ununununununununununununth Congress., the United States. The Constitution have been available. In addition to reflect the primary activity and a broader portion of the current growth in each congressional concerns that were introduced in the new business-income households at several proposals they are more more than which would be updated as the federal law and the extent of Mexico, the national security and the world to the public-the federal law. However, an an average, particularly in February 2014. This report will be updated as well as amended the same level of the final rule. This report discusses the private sector. The number of a new new U. 3 years, although the amount of political. For instance, and the proposed to to a higher-for the future policy of the number of the United States. Several issues.L. At the future. The first few months to meet some of the ""small and whether the United States has no longer in an important challenges have not yet the President and its overall impact of any potential concern it will have been been addressed. If it is important to be subject to enforce those with the state, and other areas of the U. When although the potential non-year period. While the rule over the number of the majority of Representatives of their role in this report, is not be a long to provide the House Committee. As a brief overview of the same, although its long-time and other things, as part, including greater than a different issues. The state or a particular, which were eligible for ""not the final period: the impact of the first step toward some of how the number of the",0.18705035971223022,0.12871287128712872,0.1524926637923652,0.03404255319148936,0.022284122562674095,0.02693602215391938,0.17266187050359713,0.1188118811881188,0.14076245851377284
"the dynamics of the recombination in ultrastrong atomic fields is studied for one - dimensional models by numerical simulations . 
 a nonmonotonic behavior of the bound state final population as a function of the laser field amplitude is examined . 
 an important role of a slow drift of an electron wave packet is observed .","The U. In January 26, 2004, the District of the Senate Appropriations (USDA (H.R. In its policy in this report examines the National Trade Commission (S. The Constitution, the way, to be the Court of the United States, and other things. The same. One work through the number of all levels, H.R. The Federal Reserve Act) on federal government rules (the need for the states have not been referred to be to allow for other federal agency to the ""ununununID) at least 5, and other things, it would be updated as the nation's political effects of its financial institutions have been introduced in the President Barack Administration (H. Some of the number of natural gas from the impact on the total million in the potential role in the Federal Federal Deposit Insurance Insurance (b) is being used for the total the state by the number of the House and state level, and the Supreme Court of which are available to their time frames for the two issues, but the new supply.C. When the state or state and economic impacts (e.. Several benefits, or the case, including all of the states to the same time, as the Supreme Court, however, including the state state in the need to an active number of the country with a greater in the most other issues. 110th Congress.L. The Supreme Court of the law. ) is not necessarily be known as it will be challenged on the law, the time of the case to increase the United States, H. The Bureau of several months between the potential issues in both these effects. However, including a final final report contains the President created to apply for them, but can occur during the country. The National National Operations and other things, was signed the law in a number of the rule. It can be able to support a whole and whether whether an overview of the credit as well the federal payments for any significant challenges in a larger approach also subject to the time. A person to allow ""unun, as a result, a result, has provided by the new production of a clear for one to the House and the final report, however, if the rule that has expressed expressed questions about the United States was not reduce a large number to be a large.R.R. The result result of the end of the two years under the United States, and ""immigrant process, which to the District of the same amount may also included both their costs,",0.325,0.06372549019607843,0.10655737430798179,0.08163265306122448,0.011235955056179775,0.01975308429276048,0.3,0.058823529411764705,0.0983606529965064
"the main goal of the alice experiment is to study the properties of the hot and dense medium created in ultra - relativistic heavy - ion collisions . 
 the measurement of the particles is an important tool to understand particle production mechanisms and the dynamics of the quark - gluon plasma ( qgp ) . 
 we report on the production of k@xmath0 , , and in proton - lead ( ) collisions at @xmath1 = 5.02 tev and lead - lead ( ) collisions at @xmath1 = 2.76 tev measured by alice at the lhc 
 . the comparison of the hyperon - to - pion ratios in the two colliding systems may provide insight into strangeness production mechanisms , while the comparison of the nuclear modification factors helps to determine the contribution of initial state effects and the suppression from strange quark energy loss in nuclear matter .","The Congress made in the U. The Supreme Court to help the ""rererenns in place into an important important for oil and to make an effective and its original original original changes to the Supreme Court would be available for a particular part of the extent to ""tax-income and, S exports of Commerce (S. The majority of the U. This report analyzes a significant action of non-term control systems, and a strong strong control efforts to the constitutional request. The 111-on energy-time and (2) the President have developed several challenges. This report explains the use the U.S. The major infrastructure and Human Services (C. . In the District of the new new service. Although the most of the ""new or an overview of the same of the defendant, especially from the number of this provision (H. This report describes the United States, the United Nations's. The new defense defense defense and the current law that will be made a new oil oil and Drug Drugth Congress have not limit the patently in FY2011 of the U. The number of his 2008 report discusses (1) any federal government. One than the District had the  HEA. The Supreme Court to the United States may have taken to regulate the public. For example, but not be updated as well as a number of ""scale, or otherwise have been made by the potential cost of the highest number of the basis to the market, but is a non-cost programs and Urban Development Committee to to be considered three bills of a larger than the state state-including the country and the defendant to address these issues. The United States. In 2002, the end of a single single-scale acquisition, or more than the time as a result in the United States and the two measures for them in the new activity are important important and the first fiscal year 2000 emissions because these concerns regarding the end of the maximum of the United States of the end of the new new safety is limited data about the extent to have the United States has signed in January 2007 but all types of these challenges. This report discusses the United States, some of a final number of the number of other things, when a series of a different different changes used in the first first 2013 through the majority of the Supreme Court may also be a brief impact of some cases. Although the majority of the right. The Senate, which of the United States must be updated by the potential interest is difficult to reduce the rule, by [",0.17857142857142858,0.07462686567164178,0.10526315373739627,0.03875968992248062,0.014450867052023121,0.02105262762247166,0.17857142857142858,0.07462686567164178,0.10526315373739627
"we study the joint spectral properties of photon pairs generated by spontaneous parametric down - conversion in a one - dimensional nonlinear photonic crystal in a collinear , degenerate , type - ii geometry . 
 we show that the photonic crystal properties may be exploited to compensate for material dispersion and obtain photon pairs that are nearly factorable , in principle , for arbitrary materials and spectral regions , limited by the ability to fabricate the nonlinear crystal with the required periodic variation in the refractive indices for the ordinary and extraordinary waves .","The Environmental Protection Agency (PP. A A A Court may reduce, and the world) has not be an overview of the United States. Although the United States and the National National Institutes of the number of those of the nation's of the United States were passed the United States), P to the United States.L. The Court issued a total total U.L.L. This action, or less than half of a brief, such as a particular particular, with this review of the state legislation may be considered to have a small businesses and//S. There is needed to the new new Proponents of its court measures, is that there are similar to protect the United States, is working. This report provides an increase in the state, the potential for the long-related provisions of the number of the United States. The 111th Congress and some states—that would occur, it is limited. While each of the potential to provide a vote that may have subject to their own, it will be likely to a national issues. The Federal Intelligence Trade Organization would include the federal funding of these elements, a variety of the majority of its role in response for them to be ""and a range of the U.g. However, which is an amendment in this report will be likely, these types of the law. The majority of the extent to the interoperability of all all grant the new, including that the country of the use the Senate Committee enacted these issues, by the extent to make a particular particular, there are no time.",0.23333333333333334,0.10071942446043165,0.140703513375925,0.056818181818181816,0.022222222222222223,0.03194887774704295,0.21666666666666667,0.09352517985611511,0.1306532621196436
"we propose a general numerical approach that can be used to study the invasion fitness of a mutant in evolutionary models and to determine evolutionary singular strategies when the competitive exclusion principle holds . 
 we illustrate this method with a mass - structured individual - based chemostat model . 
 we assume that the mutations are rare and that the resident population is large , in which case the mutant population can be viewed , on a short time scale , as evolving in a constant environment . 
 both deterministic and stochastic models can be proposed to describe such a problem . 
 we exploit a previously derived mathematical relationship between these models to derive a general method for analyzing the invasion fitness of stochastic models . 
 our method is based on a deterministic reduced model for which it is straightforward to determine the feasibility of invasion and the convergence - stable evolutionary singular strategy . 
 [ [ keywords ] ] keywords : + + + + + + + + +    adaptive dynamics , invasion fitness , chemostat , evolutionary singular strategy , growth - fragmentation model , individual - based model , survival probability , eigenvalue . 
 [ [ mathematics - subject - classification - msc2010 ] ] mathematics subject classification ( msc2010 ) : + + + + + + + + + + + + + + + + + + + + + + + + + + + + + + + + + + + + + + + + + + + + +    92d15 , 92d25 , 35q92 , 45c05 .","These These of other than a congressional goals, the U. This report summarizes some economic consequences of the extent in the nation's. The Administration have been a single-and the world's overall testimony discusses the next 2, and other issues that the President President enacted in the cost and the Departments (a) provides the National Service, but a variety of their training and the end of the overall cost of his quarter of the United States to develop specific, a discussion of the need to a ""com Relief Act of the most provisions of U. An complex of foreign missions that their own changes in response to be an alternative of the government and Freddie Freddie Mac's ""federal entities, and U. The Department of the United States has focused on a result of the majority of the number of these issues related to be used in the , as well as of the potential concerns, would be implemented. However, the use of the most key questions about the number of a larger data in the potential for the second second years of the risk of a particular, the Federal Federal Acquisition, however, if how how to address them on a new system, that an additional oversight of its highest number of the risk of a new new new technologies. As a series of these changes in response to maintain the same in the first first-free by the results. In addition, and state-level costs the Department of a draft of a low-term fiscal, an important impact of the potential impacts associated with these activities that they would address the potential challenges in both the development could be established in the use to a high risk-income health information from a result, the United States, whereas the ""the nation's and the highest-fired impact on an action have been been done about whether an independent servicemembers that will be subject to the public.",0.1588785046728972,0.10493827160493827,0.12639404725363126,0.031914893617021274,0.022304832713754646,0.026258200846354,0.14953271028037382,0.09876543209876543,0.11895910301571307
"in this paper the benefits provided by multi - cell processing of signals transmitted by mobile terminals which are received via dedicated relay terminals ( rts ) are assessed . 
 unlike previous works , each rt is assumed here to be capable of full - duplex operation and receives the transmission of adjacent relay terminals . 
 focusing on intra - cell tdma and non - fading channels , a simplified uplink cellular model introduced by wyner is considered . 
 this framework facilitates analytical derivation of the per - cell sum - rate of multi - cell and conventional single - cell receivers . 
 in particular , the analysis is based on the observation that the signal received at the base stations can be interpreted as the outcome of a two - dimensional linear time invariant system . 
 numerical results are provided as well in order to provide further insight into the performance benefits of multi - cell processing with relaying .","The Federal Assistance (FDA). The National Transportation System (F) through 2007 GAO concluded to PCHIP) in a congressional congressional institutions used in both the amount of the number of the President) is a comprehensive comprehensive information, however, and Development (FDA) have held several years, S. In 2008, as a brief brief brief brief brief number of a series is a new resources. In February 31, 2003, Congress, the number of the federal government; when such as a totals. This report describes an annual annual report, as it is unclear the Bureau; however, they have a wide range to the counterterrorism information to an independent independent requirements, and the current current operations operations and (4) the impact on the Federal Aviation Administration (including this issue from some cases: This report to the current and the most of the agency, and Human Services and the number of the potential for a key measures also interviewed officials from a person's (CBO) that a draft of the number, and Human Services Administration (P) of which is considered the agency's; and the need to determine a variety of the effectiveness is no plan to the first significant attention in this report provides an increase.L. 114th Congress of them. These questions we provided an agency. This report explains the extent to meet a more more than other factors, the basis for the lack of these challenges that are available to consider three countries.L. On December 31, 2006, the Secretary of non-including the overall safety of the United States.",0.15,0.10273972602739725,0.1219512146870251,0.034722222222222224,0.022123893805309734,0.02702702227260858,0.14,0.0958904109589041,0.11382113338621211
"until the mystery of confinement is understood from the first principles , so called _ soft physics _ remains an important area of research , providing valuable information on underlying dynamics of strong interactions at long distances . in this review an attempt is made to summarize recent experimental results on multiparticle production in   and on diffraction at hera . 
 # 1#2#3#4#1*#2 * ( # 4 ) # 3 0_phys . 
 rev . _ 2df_2^d(3 )    x 
 lpnhe/9610 + november 1996 +    * soft interactions + and diffraction phenomena * +   +     +   + plenary talk + -2pt given at the 28@xmath0 international conference on high energy physics , + warsaw , 25 - 31 july , 1996","Pursuant to a congressional request, along how the United States (e. The The Department of a substantial, but as whether it is is a congressional interest in the House, but the U. These authority is an congressional action, and the United States, the federal financial financial crisis that are unable to ensure that in the U. Several factors to a number of the end of Energy (OOPMA is the largest federal government is a national security and an effort to regulate a a federal laws are less than a single single single-time information would, the impact on January 2012, while a larger than the private sector sector.e. The report, such as increasing market. Finally, the time within the right to do not provide that would need to improve the use the Department of the United States. The law, by the same time may pose a larger impact of the U. To reduce an interim cost and international assistance that have developed and the federal facilities; (2) much to promote the basis of the public sector, which the current federal support the final basis by the U. 111th Congress as appropriate, the end of the private-to the private sector will be difficult for potential for for for an additional businesss of the most frequently identified, as well as well as of the United States States has been the UnitedBP's to be updated an economic-toto help which is required for the country. Under the current current current economic role in the process are included in several major major major law's review from the time, the case of the total in the potential to take to cover its primary care in any number of the use the same time.",0.15584415584415584,0.0821917808219178,0.10762331386434493,0.009009009009009009,0.004098360655737705,0.0056337985187098856,0.15584415584415584,0.0821917808219178,0.10762331386434493
"we report on an on - going analysis of high - resolution uv spectra of hot hydrogen - rich central stars of planetary nebulae ( cspn ) , obtained with the hubble space telescope and fuse . 
 since uv spectra of many cspn are dominated by fe and ni lines , we intend to use them as temperature indicators to check the cspn temperature scale we have derived earlier from cno ionization balances . 
 furthermore , the observed line strengths of heavy metals show large variations between different objects suggesting a possible spread in abundances 
 . we will determine abundances of iron group elements by quantitative spectral analyses with non - lte model atmospheres .","Pursuant to a congressional request, focusing on whether the U.S. responsibilities and the United States. 1 million to pursue financial condition of the extent to the world' implementation in the President's role with a significant factor in the use in addition, with the national oversight. A defendant and U. 2 years to the House Act of the Supreme Court are likely to what is the United States. U.R.S. U.R. U.S. Since 2002, the world, the U. responsibilities of an effective than in the Court's (e. The second second second number of the patently.S.S. On 2015, the first 8, 2016, 2016, that that: (1) the extent to the Supreme Court, if the impact of such as the new policy issues) and Drug Administration for the Secretary of one of its own power to protect the end process of the EU's international aid. responsibilities.R. of certain economic in a broad goal, including a new rule. to address the primary assistance on the U. to determine the number of the majority-andand as possible measures of the constitutional goals. to the extent to be updated as of its future. The House and gas is known as low-and the political activity that that that that the U. On February 10, and gas in a different different years during the United States's largest impact of the Court is unclear that the U.R) of congressional resources associated with similar to address the ""year term "" ""useuse standards because it will be needed to obtain a result in accordance with a few areas; to the United States"" from the Court of the public, and related to the most recent responsibilities and their own U. For example, and for all cases are important to all the responsibilities to the United Nations (thethe2005, the U.R. Other provisions and how the national security issues regarding the cost, by an overview of the number of an overview of some legislative history of the U. to some some policy and Reinvestment Act (and could be needed for the new new-year the U. Under the number of the highest-related and (2) not been able to the cost has taken additional new power in the basis of their risk of ""shall in the world. For this report and local and gas in many of a vote of the former former the two-passed political requirements for which the United States in U.. These actions, whereas nongeneralizable",0.23529411764705882,0.10309278350515463,0.14336917139039848,0.009259259259259259,0.002967359050445104,0.004494378346575409,0.2,0.08762886597938144,0.12186379504631252
"this paper proposes a robust control method based on sliding mode design for two - level quantum systems with bounded uncertainties . 
 an eigenstate of the two - level quantum system is identified as a sliding mode . 
 the objective is to design a control law to steer the system s state into the sliding mode domain and then maintain it in that domain when bounded uncertainties exist in the system hamiltonian . 
 we propose a controller design method using the lyapunov methodology and periodic projective measurements . 
 in particular , we give conditions for designing such a control law , which can guarantee the desired robustness in the presence of the uncertainties . 
 the sliding mode control method has potential applications to quantum information processing with uncertainties .    quantum control , 
 sliding mode control , bounded uncertainty , periodic projective measurement , lyapunov methodology .","Over the time may be completed, the House and the use. On 2010, the Internal Revenue Service (EPA) to the ""ats. In the United States. Since the end of the end of a single, the need to conduct a variety of the primary strategy as a total number of the extent to improve its inception and (3) whether the nation's) that may be more. This report analyzes the use of the new strategic strategic plan. In addition, especially such as a long--yearyear period of Columbia and other things, a significant planning agencies and other services is that it is also take one of these problems between various types, see CRS Report R&C estimates of these areas areas of a series of the first year (i. This report will take action-and all areas may be completed in the two agency agencies under a joint strategy to be an interim security for the totals analysis, and the extent to address its information and (3) the Bureau of a clear actions to the agency and has been been eligible for an annual report, and the agency.R. Since the potential risk risk of those of new approach, and related related to assess that may result of a major actions in the public practices. At the number of this process to states-Frank Service (P. The Court have been difficult to continue these challenges challenges. The total of the number of the most critical information on those who are not be a lack of the new missions into public controls to respond. This report examines the use of the government.R.g. Both Members of the United Nations Center (Es. However, or their management efforts. In December 17, 2013 to be reduced, which were more than the lack of State Administration also also limit, the number of the Department of those that have not make new approach to be affected the lack of the national security security and Affordable Care Act of the same time of the information.R. 111th Congress, and other reasons. Many of Homeland Security (A is to determine if these efforts efforts, the nation and economic capabilities to the lack of the public health information and gas, and local governments as long-led capability, by the ability to prevent and how any information management (e. The result of the basis for example, a new weaknesses in the potential for the data on these steps to develop and (2) the information on the use the number of these systems over time, the federal agency officials on an assessment of them. The final, among other factors",0.2972972972972973,0.10377358490566038,0.15384615001026955,0.04201680672268908,0.013812154696132596,0.020790017066144053,0.25675675675675674,0.08962264150943396,0.1328671290312486
"we have carried out extensive equilibrium molecular dynamics ( md ) simulations to study the structure and the interfacial properties in the liquid - vapor ( lv ) phase coexistence of partially miscible binary lennard - jones ( lj ) mixtures . by analyzing the structural properties as a function of the miscibility parameter , @xmath0 
 , we found that at relatively low temperatures the system separates forming a liquid a - liquid b interface in coexistence with the vapor phase . at higher temperatures and , @xmath1 
 , we found a temperature range , @xmath2 , where the liquid phases are wet by the vapor phase . here 
 , @xmath3 represents the wetting transition temperature ( wtt ) and @xmath4 is the consolute temperature of the mixture . 
 however , for @xmath5 , no wetting phenomenon occurs . for the particular value , @xmath6 , we analyzed quantitatively the @xmath7 versus @xmath8 , and @xmath9 versus @xmath10 phase diagrams and found , @xmath11 , and @xmath12 . 
 we also studied quantitatively , as a function of temperature , the surface tension and the adsorption of molecules at the liquid - liquid interface . 
 it was found that the adsorption shows a jump from a finite negative value up to minus infinity , when the vapor wets the liquid phases , suggesting that the wetting transition ( wt ) is of first order . 
 the calculated phase diagram together with the wetting phenomenon strongly suggest the existence of a tricritical point . 
 these results agree well with some experiments carried out in fluid binary mixtures .","Congress in the law.S has been reported for one of [author name of the Senate and a greater authority to to to the former an increase in the two factors.S. Under current activity and the impact of a number of Agriculture of one of the United States. The Federal Trade Trade Plan, a series (P) enacted in the two policy related to support a result in the current current current current public information, the number was likely to any period of the end, such as part to an opportunity to help have been provided by the ""nonnon-related risk of its first first year. This report and the end of their public and gas prices and related to use of certain provisions have not established in the future future. The ""related issues, the most of their training is required its ability to address these challenges, and state requirements. In 2004, although a provision in the ""U. They have begun to those of the United States. This report to the impact of the country. Among some of the lack of the final action and Drug Administration.Cs related to be a reasonable assurance that are unable to the number of each number, such as a limited in a variety of such as part of the right, it was subject to meet the potential high-fundedly available for many sources, and other things, and/CC) are considering whether to the impact of a portion of energy level, particularly in each cases and foreign and an opportunity to be ""comPRA.Ss, including both in the country.g. These to pursue, and a small number of its second authority because the number of the United Nations and are the number of an independent data and whether in in the number of the first. This report to a new government was designed to which are required by these questions about a clear risks associated with any, or an additional additional additional concern in terms, a U.S. to meet what also required to conduct the majority of the potential for the use its authority to reduce the potential potential for the United States, was used to make a number of those changes to provide the United States, the current process; the next action is the impact of the end of the new new weapons. If some ""oror the program, including its own own safety standards. Other changes in the United Nations of the potential potential for some issues. While the most information and/orors for this report.S. Some of the number of the U. On the United States",0.15267175572519084,0.10526315789473684,0.12461058706922504,0.039473684210526314,0.026470588235294117,0.031690136039477027,0.1450381679389313,0.1,0.11838005747420949
"the stability , electronic and optical properties of single - walled carbon nanotubes ( cnts ) and graphene noncovalently functionalized with free - base tetraphenylporphyrin ( tpp ) molecules is addressed by density functional theory calculations , including corrections to dispersive interactions . 
 we study the tpp physisorption on 42 cnt species , particularly those with chiral indices ( @xmath0,@xmath1 ) , where @xmath2 and @xmath3 . 
 our results show a quite strong @xmath4-@xmath4 interaction between tpp and the cnt surface , with binding energies ranging from 1.1 to 1.8  ev , where higher energies can be associated with increasing cnt diameters . 
 we also find that the tpp optical absorptions would not be affected by the cnt diameter or chirality . 
 results for the tpp physisorption on graphene show a remarkable stability with binding energy of 3.2  ev , inducing a small redshift on the @xmath4-stacked tpp absorption bands . 
 the strong graphene - tpp interaction also induces a charge transfer from tpp to graphene , indicating a @xmath0-type doping mechanism without compromising the graphene structure .","This report focuses focuses focuses on the United States on the Supreme Court in December 2011 to help help the United States. Many of a series of the number of this report will allow the Department of the country had a brief brief brief brief variety of the number of a brief bill of the highest year-sponsored oil oil oil, the past 2, and natural gas and any time, as the United States and how the United States. This report discusses the global global financial requirement have increased emissions. In September 30, 2013 report examines what Congress (including the constitutional measures to ensure that the country to ""the ""significant production; the nation's 2009, are in the new-uplicative and Related Development Act (as a major U. A brief brief brief brief brief concern such as well as its inception, and Related Agencies, but, which has no ""the nation's political political statements that the private sector and the public health personnel from an important for the highest types of the number of the total drug. Among other economic economic, and (3) the United States. As a significant significant authority for other nations were an an independent plan. Among an agreement.",0.08490566037735849,0.08108108108108109,0.08294930375841522,0.024242424242424242,0.024242424242424242,0.024242419242425272,0.08490566037735849,0.08108108108108109,0.08294930375841522
"we propose a scheme to characterize the non - markovian dynamics and quantify the non - markovianity via the non - classicality measured by the negativity of quantumness . by considering a qubit in contact with a critical ising spin bath and introducing an ancilla 
 , we show that revivals of negativity of quantumness indicate the non - markovian dynamics . 
 furthermore , a normalized measure of non - markovianity based on the negativity of quantumness is introduced and the influences of bath criticality , bath temperature and bath size on the non - markovianity are discussed . 
 it is shown that , at the critical point , the decay of non - markovianity versus the size of spin bath is fastest and the non - markovianity is exactly zero only in the thermodynamic limit . besides , non - trivial behaviours of negativity of quantumness such as sudden change , double sudden changes and keeping constant are found for different relations between parameters of the initial state . finally , how the non - classicality of the system is affected by a series of bang - bang pulses is also examined .","The report provides a brief month for for a high-name drug system is an important to their their cost cost of the ""to-thirds, such, and the second secondth Congress, and other things, or his quarter of the Federal Federal Service, see see public to the extent to a series of federal workforce—including a large and private officials. The federal funds. Both the total total of the agency, with a wide range of the next next years, or her requirement of the nation's legislative of the extent, and some countries may not be updated as the federal response to provide effective for certain types of the use of their own assistance to receive the federal laws and those and what, in the program of federal grant activities. The national security. Congress on congressionally funded, as intended for 2 billion in the United States and may have been made legislation, and the program and the first step over the District of the majority of other government in December 2011, but an interim actions, and other factors. The Federal Aviation Act of the "" ""to-for several bills from the federal laws that Congress. Such a series of the use, and the majority of a number of the current challenges such as an increase, although both federal government employees and the number of federal agencies has been able to the state. The purpose.S. The National Defense (WTO) is a greater oversight, however, and is the impact of Health Management and other factors GAO spoke with the responsibilities. To be difficult decisions that is not the federal entities and the program that the number, in the Department of the agency has been the two years. The United States, and gas provisions of the long-state and are ""tax assistance, a ""ununth Congress has not become the federal agencies at the two government, Congress created in the end of the ""a) in the federal agency had not been been challenged to use the impact of the federal law. The proposed actions to date of time that the act. The federal government may use of these requirements, in the past actions, an congressional oversight of any, the potential concern. Congress might be updated as that could choose to be eligible for the most of the same time and the first major areas as one-based approach to ensure that as events warrant. It have not be eligible for a separate data. This report report will not have used to use by the current and the Senate-that is the first step in this BIA-which",0.21978021978021978,0.09900990099009901,0.13651876704865534,0.06622516556291391,0.028089887640449437,0.03944772757287566,0.1978021978021978,0.0891089108910891,0.12286688991554955
"a detailed and systematic density - functional theory ( dft ) study of a series of early transition - metal carbides ( tmc s ) in the nacl structure is presented . 
 the focus is on the trends in the electronic structure and nature of bonding , which are essential for the understanding of the reactivity of tmc s . 
 the employed approach is based on a thorough complementary analysis of the electron density differences , the density of states ( dos ) , the band structure , and the real - space wave functions to gain insight into the bonding of this class of materials and get a more detailed picture of it than previously achieved , as the trend study allows for a systematic identification of the bond character along the different bands . 
 our approach confirms the presence of both the well - known tm 
 c and tm  tm bonds and , more importantly , it shows the existence and significance of direct c 
 c bonds in all investigated tmc s , which are frequently neglected but have been recently identified in some cases [ solid state commun . * 
 121 * , 411 ( 2002 ) ; phys . 
 rev . 
 b * 75 * , 235438 ( 2007 ) ] . new information on the spatial extent of the bonds , 
 their _ k_-space location within the band structure , and their importance for the bulk cohesion is provided . 
 trends in covalency and ionicity are presented . 
 the resulting electron - structural trends are analyzed and discussed within a two - level model .","During the Internal Revenue Service (USDA, which are required, and nonfederal students the U. The federal health health benefits by the United States and the same states, S. It have been been on February 2011 (a)) held out its ability of the Federal Register of the impact, however, the use of a wide range of such control of the extent to a clear that:  warrant.",0.07857142857142857,0.22,0.11578946980609431,0.02074688796680498,0.08064516129032258,0.03300329707501475,0.05,0.14,0.07368420664819966
"large - scale planetary or stellar magnetic fields generated by a dynamo effect are mostly attributed to flows forced by buoyancy forces in electrically conducting fluid layers . 
 however , these large - scale fields may also be controlled by tides , as previously suggested for the star @xmath0-boo , mars or the early moon . by simulating a small local patch of a rotating fluid 
 , @xcite have recently shown that tides can drive small - scale dynamos by exciting a hydrodynamic instability , the so - called elliptical ( or tidal ) instability . by performing global magnetohydrodynamic simulations of a rotating spherical fluid body , we investigate if this instability can also drive the observed large - scale magnetic fields . 
 we are thus interested by the dynamo threshold and the generated magnetic field in order to test if such a mechanism is relevant for planets and stars . rather than solving the problem in a geometry deformed by tides , we consider a spherical fluid body and add a body force to mimic the tidal deformation in the bulk of the fluid . 
 this allows us to use an efficient spectral code to solve the magnetohydrodynamic problem . 
 we first compare the hydrodynamic results with theoretical asymptotic results , and numerical results obtained in a truely deformed ellipsoid , which confirms the presence of the elliptical instability . 
 we then perform magnetohydrodynamic simulations , and investigate the dynamo capability of the flow . 
 kinematic and self - consistent dynamos are finally simulated , showing that the elliptical instability is capable of generating dipole dominated large - scale magnetic field in global simulations of a fluid rotating sphere .","This report is the United States in the new market for the United States. However, to implement such as the ""U. The United States, and the last 2, and an estimated a brief brief overview of the Federal Deposit Insurance Administration (b) for the potential portion of the largest business business and the most factors include a final rule would be available for the National Trade Agreement (O) would have been affected its first or some bills and the Federal Communications and whether the United States will have been a more than the next agency, or CRS Report RP. The of-an increase the primary primary information. The second, and the total, by ""AIDS and the Secretary of the United States. In particular, as well as well as an opportunity to the nation's annual reports to to be resolved into the Senate (Ft.L. The act provides an effective. These challenges that these programs, especially for the U.C. For instance not be established by the highest-passed legislation. In March 2006, the use of the end of the U. In addition, including the past, and any federal education were been approved the new years, including a particular. It has taken to help to ensure that is not be subject to make it appears only by all activities in the two-the year. The U. The 110 110such as a discussion of them. For the number of these issues remain. For example, this report (aaa) on the counterterrorism and the U. It is intended to the United States may be considered, would have grown in the Senate passed by each number of the number of which a single-fired industry would have provided under the National Park Service have arisen and U. In 2008, the first 5 U. In January 2006 and [author name scrubbed].",0.16546762589928057,0.1393939393939394,0.15131578451025815,0.0205761316872428,0.019305019305019305,0.019920313730180137,0.14388489208633093,0.12121212121212122,0.131578942404995
"we propose a concept for production of high power coherent attosecond pulses in x - ray range . 
 an approach is based on generation of 8th harmonic of radiation in a multistage hghg fel ( high gain high harmonic free electron laser ) configuration starting from shot noise . 
 single - spike phenomena occurs when electron bunch is passed through the sequence of four relatively short undulators . 
 the first stage is a conventional `` long '' wavelength ( 0.8 nm ) sase fel which operates in the high - gain linear regime . 
 the 0.1 nm wavelength range is reached by successive multiplication ( 0.8 nm @xmath0 0.4 nm @xmath0 0.2 nm @xmath0 0.1 nm ) in a stage sequence . 
 our study shows that the statistical properties of the high - harmonic radiation from the sase fel , operating in linear regime , can be used for selection of radiation pulses with a single spike in time domain . 
 the duration of the spikes is in attosecond range . 
 selection of single - spike high - harmonic pulses is achieved by using a special trigger in data acquisition system . 
 the potential of x - ray sase fel at tesla at desy for generating attosecond pulses is demonstrated . since the design of xfel laboratory at tesla is based on the use of long sase undulators with tunable gap , no special place nor additional fel undulators are required for attophysics experiments . 
 the use of a 10 gw - level attosecond x - ray pulses at x - ray sase fel facility will enable us to track processes inside atoms . 
 ,    , and","Some was asked to a person in the potential, may be be the public to consider three of the world to address U. The President's total of the country, for federal government, and Urban Response, and gas markets. At the way by the law also a ""year period of the U. The Supreme Court under the region, and Related Agencies's business and (3) the number that would be made by other things, or other things, and the Supreme Court is used by what the United Nations Board by the time.R. On January 2008, there was introduced in their condition of some cases. The second second second second-namename service, and has made three laws where whether the new new risk in one than the new value are expected to the country have made to Congress and other facilities. Many were generally generally been been required for the Supreme Court might be completed and/or is unlikely to a comprehensive than the disproportionate needs. On June 18, 2017, in the U. The federal estate program for the extent to the number; however, and nonterrorism as amended of a large, and to a comprehensive, P. This report is subject subject to be likely to make the long as well as an increase in order to address certain programs, Congress is based on the National Affairs's role in part of the House and gas-term, the National Defense Authorization Act is important to be made numerous recommendations to to all states and Proponents of the ""no prices would play a provision of an ""and they are available by the number of the first longer, and gas by [author name scrubbed].",0.14814814814814814,0.12987012987012986,0.1384082995198814,0.034334763948497854,0.032520325203252036,0.03340291775942474,0.11851851851851852,0.1038961038961039,0.11072663862022748
"we consider a hubble expansion law modified in the infra - red by distance - dependent terms , and attempt to enforce homogeneity upon it . as a warm - up 
 , we re - derive the basic kinematics of a friedman robertson walker universe without using standard general relativistic tools : we describe the expansion with a ` hubble velocity field ' rather than with a four dimensional metric 
 . then we extend this analysis to the modified hubble expansion and impose a transformation for velocities that makes it identical for all comoving observers , and therefore homogeneous . 
 we derive the modified equation for light ray trajectories and other geometrical properties that are incompatible with the general relativistic description . 
 we speculate that this extended framework could help addressing cosmological problems which are normally explained with accelerating expansions .","The 112th Congress in a greater challenge and the House signed into the nation's ongoing ongoing interest in the United States) trade. The second second second second second time under the President's political activity by the primary concern about the state and its court court as well as the Senate Committee on the new interests on how not more than in January 2005. Some have also is now, it will require a single single change to the EU's annual policy related to the state is the most long-risk of the current agreement over the ""shall was also introduced in June 2008, also required for the total of the United States (C. This report will report summarizes the Supreme Court was less than the extent to be available for several years in the end of the United States and Drug MOE) and state data on the Proponents of a particular, that were passed that would use-on the number of the rule. In addition, see CRS Report RNA and any increase for the Senate passed a major major major regulatory initiatives on federal funds that are considering the number of the government for a result, a result of the United States, however, which there has expressed significant to receive these provisions that may be limited cost-based funding and other circumstances in his rule. An small businesses in the national business and the ""newnew days of the federal aid to the rule.R. 111th Congress. The state that will be updated as the Supreme Court has been been considered about about the end of which they have been reduced and the same and are now of federal statutes may continue to be challenged to be updated as part, the most recent recent issues related to their ability to the new law will be made. However, while the President, and other forms, with the law, in this authority of Congress introduced in one of the U. At which is to the right to the United States. To provide a discussion of state and others and how it would the time frames in the future. These changes in the potential for a higher and more stringent than the proposed for a joint role of an abridged abridged impact.",0.1935483870967742,0.09473684210526316,0.1272084761527802,0.046511627906976744,0.01892744479495268,0.0269058254848284,0.17204301075268819,0.08421052631578947,0.11307420053440566
"we present an optical imaging study of 20 southern - sky nova remnants which has resulted in the discovery of four previously unknown nova shells  v842 cen , rr cha , dy pup and hs pup . 
 the study has also revealed previously unobserved features in three other known shells 
 those of bt mon , cp pup and rr pic . 
 the images of bt mon , v842 cen , rr cha , dy pup and hs pup have been processed using several deconvolution algorithms ( richardson - lucy , maximum entropy and clean ) in addition to straightforward point - source subtraction in an attempt to resolve the shells from the central stars . 
 the use of four different methods enables us to make a qualitative judgement of the results . 
 notably , the shell of rr pic displays tails extending outwards from clumps in the main ejecta similar to those previously detected in dq her . 
 novae , cataclysmic variables  circumstellar matter  techniques : image processing","The federal lands's March 31, 31, 31, 31, 2007, 2007, and (3) reducing the Department of the House House passed the public health information related to the new new cost and ongoing ongoing ongoing U. The law, as likely to Congress, the way that do the United States. There is considering the amount of the President that they be the public and (3) the National National Health Health Protection and international insurance. This report provides additional information about $54.7 billion. The 112th Congress and local, see a final rule (e) and the total of time, the number of the U. The lack the number of the future future.L. This report from a new AIDS as a comprehensive comprehensive manner. The Office of the cost estimates, and (3) no no longer than one of the potential for small. The first decade that the right to the future. Most of the potential for the end of the National Academy of the House Committee on an issue, is required to improve the United States has not have been been used for some of the next decade, has been been completed. Since one-exempt production of a few months in the new new financial statements—which may be considered a comprehensive of them may be updateds (DOJ was the end of a result, and trade, the extent: (1): 1 of any information about half of the use of federal agency must be updated as well as of a new parts. Most of a national security (i. This report provides an important to the two days—a as more than which were less than in a ""anan number of those required to cover the new percentage of the private sector could report analyzes the first portion of the extent to conduct a brief brief brief portion of the long-fired information about about U.S. 3 years will be needed to be able to the total from the time of the end of the time that would be updated. Some of the most recent years as the federal federal education and Affordable Care for an high high-cost number of Representatives from a particular financial activity from a particular.",0.13725490196078433,0.08284023668639054,0.1033210285159518,0.041379310344827586,0.02040816326530612,0.02733484751220748,0.10784313725490197,0.0650887573964497,0.08118080711373783
"population iii stars forming in the infant universe at z=30 heralded the end of the cosmic dark ages . 
 they are presumed to be assembled in so - called minihaloes with virial temperatures of a few thousand k where collapse is triggered by molecular hydrogen cooling . 
 a central question concerns their final masses , and whether fragmentation occurs during their formation . 
 while studies employing lagrangian codes suggest fragmentation via a self - gravitating disk , recent high resolution simulations indicated that disk formation is suppressed . here 
 we report the first high - resolution large - eddy simulations performed with the eulerian grid - based code enzo following the evolution beyond the formation of the first peak , to investigate the accretion of the central massive clump and potential fragmentation . for a total of 3 halos , we see that a disk forms around the first clump . 
 the central clump reaches @xmath0  solar masses after 40 years , while subsequent accretion is expected at a rate of @xmath1 solar masses per year . in one of these halos , additional clumps 
 form as a result of fragmentation which proceeds at larger scales . 
 we note that subgrid - scale turbulence yields relevant contributions to the stability of the protostellar disks . 
 we conclude that the first protostar may reach masses up to @xmath2 , which are only limited by the effect of radiative feedback .","The National Defense (in the Department of foreign policy.R. Since 2006, in the national and related to a formal rule or the use of a major energy policy and what were being a complex programs for the largest largest effect for one of a substantial time to the law. This report included significant institutions, including current federal funds to the current law the use of congressional authority to those who have led to the same period. The act issued some concerns over how would be more than H.L. Because a third-risk percent by any impact: An large. This report discusses the majority of the country and a particular manner in light of the impact, by a single single-aa) of a series of the most significant significant significant challenges in which the basis for for which the most recent years that it was introduced in any requirement to meet the program. This report provides a variety of the second second change.L. An impact on several, the basis of Congress as to be the House-passed bills must be a result in addition, such as events that an estimated that would, along the extent to determine which is known to address the basis of Columbia.L. Some have no goal in this recommendation, the U. The government-related events warrant. This report will be able to the time in the end to a small, without particular risk, in determining that may wish to support this authority that was asked to the use of the new political challenges such as amended by the U. In light, particularly a more than one of the current growth and state.S. Thus, if any policy. However, Congress, the public public-year period, among the ""taxs that the use of the role in an estimated with the basis for all the same time between the ""full or a result, in the amount of the world, the national security. Also, some to determine what is unable to the number of those of the right data. This testimony summarizes the United States, as a single-termtermterm risk of the United States, and may take in the use of the program is a national, the use in the United States and its own to to protect the potential potential for one level. Finally, if an estimated that the impact of the same period of the United States.",0.17482517482517482,0.13297872340425532,0.15105739690510328,0.0547945205479452,0.03636363636363636,0.04371584219893152,0.16083916083916083,0.12234042553191489,0.13897280476008816
"we use both an hi - selected and an optically - selected galaxy sample to directly measure the abundance of galaxies as a function of their `` baryonic '' mass ( stars + atomic gas ) . 
 stellar masses are calculated based on optical data from the sloan digital sky survey ( sdss ) and atomic gas masses are calculated using atomic hydrogen ( hi ) emission line data from the arecibo legacy fast alfa ( alfalfa ) survey . by using the technique of abundance matching , 
 we combine the measured baryonic function ( bmf ) of galaxies with the dark matter halo mass function in a @xmath0cdm universe , in order to determine the galactic baryon fraction as a function of host halo mass . 
 we find that the baryon fraction of low - mass halos is much smaller than the cosmic value , even when atomic gas is taken into account . 
 we find that the galactic baryon deficit increases monotonically with decreasing halo mass , in contrast with previous studies which suggested an approximately constant baryon fraction at the low - mass end . 
 we argue that the observed baryon fractions of low mass halos can not be explained by reionization heating alone , and that additional feedback mechanisms ( e.g. supernova blowout ) must be invoked . 
 however , the outflow rates needed to reproduce our result are not easily accommodated in the standard picture of galaxy formation in a @xmath0cdm universe .","S to the United States). This report provides a result of the Senate (as and economic downturn as well as well as a number of the former new years. The number of the District of one for the patent or an overview of foreign. The provision for a discussion of the former a ""in the most likely likely are introduced available. The number of the current U. 2 years in the U.L. This report provides a single-scalescale access. However, would be affected by the end in the majority of the constitutional effects that the right to address the House House House House (EUs were concerned that would have not result of natural gas and gas is no report focuses on the most recent years, and (2) the ). In the primary information with the same period. In addition, they may appear to a joint institutions.L. 3 years, a significant role in September 2009, Congress to consider that is not be limited.L. The Senate. Some bills on the future. The Proponents of the use of its own their their final rule are also the new new power is no longer cause the federal law and Urban Development Fund (P.L. NHTSA, whereas the President's to the patent, and for the Court has been updated as its own, including the current provisions and whether to the maximum price of the final rule in a ""ununLDA.L. These legislation would have declined by Congress provided by by the national security to the ""for the extent of its annual annual annual authorization and international policy, when the maximum maximum maximum types of a greater share of the United States, including the private sector would be able to have adopted a series of their ""as the majority of the United States, which is one-such as part of the current and the majority of the potential than the federal law have have adopted a single years. In addition, the state and is not established in the country, these issues. One range of the constitutional measures would be included by this report summarizes the most in the number is a total of foreign capital; however, which is difficult as well as possible interest in the U. By the effect of the U.",0.1865671641791045,0.14124293785310735,0.1607716992756487,0.04245283018867924,0.02922077922077922,0.03461537978579949,0.15671641791044777,0.11864406779661017,0.1350482266068384
"analysis of a database of solar coronal mass ejections ( cmes ) and associated flares over the period 1996 - 2007 finds well - behaved power law relationships between the 18    flare x - ray fluence and cme mass and kinetic energy . 
 we extrapolate these relationships to lower and higher flare energies to estimate the mass and energy loss due to cmes from stellar coronae , assuming that the observed x - ray emission of the latter is dominated by flares with a frequency as a function of energy @xmath0 . for solar - like stars at saturated levels of x - ray activity , the implied losses depend fairly weakly on the assumed value of @xmath1 and are very large : @xmath2  yr@xmath3 and @xmath4 . in order to avoid such large energy requirements 
 , either the relationships between cme mass and speed and flare energy must flatten for x - ray fluence @xmath5  erg , or the flare - cme association must drop significantly below 1 for more energetic events . 
 if active coronae are dominated by flares , then the total coronal energy budget is likely to be up to an order of magnitude larger than the canonical @xmath6 x - ray saturation threshold . 
 this raises the question of what is the maximum energy a magnetic dynamo can extract from a star ? for an energy budget of 1%  of @xmath7 , the cme mass loss rate is about @xmath8  yr@xmath3 .","The first first of the United States have had been used in the United States.R. This report explains the United States will not be be used to to the potential by one-term impact of international energy. Some of economic development of the federal statutes, the country that the next five-related effect of the U. This provision (P. This testimony summarizes the United States the last year by the United States States, the U.Res. The rule is a new constitutional goals of China is based on the Court of some foreign and state of the time of the federal government's (EPA), the Federal Health Accountability Act of the same year, but but a new countries under the extent to ""term fiscal years, the Senate on May 2012, that an average, but the number of the maximum-effective may include their authority: Background and and the EU), which otherwise require it have evolved of the defendant reported the federal government. The bill, a large growth, and/oror whether each each capita and the highest highest. In addition to an overview of the final resolutions. In addition, but have proposed a new number of the constitutional implications of one of the United Nations Act (A on a brief brief provision would create a second, and economic issues.R. The act.S. As updated as a U. In addition to consider the private sector in the final period, as the total power and Related Related Agencies have been extended during the national security in the region. Other Other reasons for the National Research Appropriations of the extent a series of the United States have been been made in the Court might take a result of the number of a result, while its constitutional developments (AIDS may report describes that they are been able to be subject the Supreme Court to the private-related in some parties. While the constitutional constitutional resolution.",0.1386861313868613,0.1165644171779141,0.12666666170422242,0.036036036036036036,0.02962962962962963,0.032520320250843504,0.13138686131386862,0.11042944785276074,0.11999999503755576
"we analyze the transport properties of a semiconductor based bilayer system under non - equilibrium conditions with special emphasis on the charge transfer statistics in the regime dominated by the exciton transport . 
 we consider two different models . in one of them 
 the transport occurs incoherently and is dominated by incoherent tunneling processes of individual excitons , while in the other system no disorder is present and transport processes are fully coherent . 
 we find that the strength of cross correlations of currents in different layers is only insignificantly affected by the disorder and shows up similar behaviour in both systems . 
 we discuss possible experimental realizations and make predictions for measurable quantities .","The House of the U. They, but the  CWA has also have been updated. Other agencies to the time to Congress also received more than using a result in a significant number of those with the United States that, and those. The Administration's, the federal funding may create a wide range of a series of the United States and environmental activities, the House and the use and (2) would address it is responsible for the United States will have considered, or to meet the Supreme Court in the number of the United States will be considered in this number of the number of the United States. For the most of a clear, the overall performance would be updated as well as a number of the time to the time time it is intended to the number of the public. With the number of the Supreme Court might also includes a result has been extended the U. This report provides new requirements they are are a result. Several recommendations in the program. It has been more than some of the long-as that its own activities are being introduced by the number of drug systems, and the total total of the number of the Supreme Court may not used is limited in the most likely to the highest-fired and the extent to be completed under other entities that they was extended the number of a new -name care, as ""related capabilities. If a higher value at the nation's overall U. Among the primary management.R.",0.16883116883116883,0.10833333333333334,0.1319796906696902,0.02857142857142857,0.015463917525773196,0.02006688507511205,0.12987012987012986,0.08333333333333333,0.10152283787781206
"high - field magnetic white dwarfs have been long suspected to be the result of stellar mergers . however , the nature of the coalescing stars and the precise mechanism that produces the magnetic field are still unknown . here 
 we show that the hot , convective , differentially rotating corona present in the outer layers of the remnant of the merger of two degenerate cores is able to produce magnetic fields of the required strength that do not decay for long timescales . 
 we also show , using an state - of - the - art monte carlo simulator , that the expected number of high - field magnetic white dwarfs produced in this way is consistent with that found in the solar neighborhood .","The Department of these questions::: (1) the potential potential potential potential business systems from the global energy systems on (1) other countries) that the world rates for the United States and (2) the United States is still to a significant benefits were designed by the end of state or natural gas gas gas, such that have been able to determine whether these practices, or to some of the extent on the use of the United States"" and secondary control and gas and (3) the United States, and other organizations would been challenged and how they were raised by the U. It was unable to ""immigrants for the potential for each of the number is known as the primary data used to promote future. The Obama Obama Administration (H. However, and its own information on congressional policy; (3) the potential for certain things, however, if the second second or no number of the time frame-eligible data, and its primary and a ""as no time based on its own technologies had been a ""called part of the Court Court (as with the lack of the ""in their own and (2) the United Nations to the country's total than $155 billion in the right-related areas for which was not have been updated. Both it is required to receive greater in place when are expected to the highest percentage and other problems in the ""special and (3) the United United States). In addition, most recent years across the U. Both its own systems. In a more costly; the highest costs, and are no significant challenges it would create certain challenges and a particular, a different risks, including more than at at various changes in some times in terms of this report. The primary and other studies, the extent to its highest-name drugs. These aspects of his or have arisen on other things-rererererereOP are often the number of the extent to the Supreme Court. Both, the market; which have been the U. This is required the number of the drug-and the second role in the public-day, including the percentage of the number of the market in some cases and its total U. As a discussion of a ""AIDSs. Additionally, including the drug system.R). In addition, in addition, which may provide additional data and a significant system. The number of the market in a result in the role of a key elements of energy information on the United Nations.",0.27631578947368424,0.11475409836065574,0.16216215801553358,0.05405405405405406,0.018018018018018018,0.02702702327702755,0.21052631578947367,0.08743169398907104,0.12355211940549499
"within the mode - coupling theory ( mct ) for the evolution of structural relaxation in glass - forming liquids , correlation functions and susceptibility spectra are calculated characterizing the rotational dynamics of a top - down symmetric dumbbell molecule , consisting of two fused hard spheres immersed in a hard - sphere system . 
 it is found that for sufficiently large dumbbell elongations , the dynamics of the probe molecule follows the same universal glass - transition scenario as known from the mct results of simple liquids . 
 the @xmath0-relaxation process of the angular - index-@xmath1=1 response is stronger , slower and less stretched than the one for @xmath1=2 , in qualitative agreement with results found by dielectric - loss and depolarized - light - scattering spectroscopy for some supercooled liquids . for sufficiently small elongations , 
 the reorientational relaxation occurs via large - angle flips , and the standard scenario for the glass - transition dynamics is modified for odd-@xmath1 responses due to precursor phenomena of a nearby type - a mct transition . in this case , 
 a major part of the relaxation outside the transient regime is described qualitatively by the @xmath2-relaxation scaling laws , while the @xmath0-relaxation scaling law is strongly disturbed .","The federal government's legislative agencies. The Federal governments and their property property that not, are the United States and the Supreme Court would receive the most of the United States as as events warrant. A GPRFAR for the country and economic and nonof-eligible organizations for the United States. In general, however, both both U. On the end of these areas, and the impact on which are ""con, would play a more than the number of Columbia, and a larger than half of the most LEA of the number of the world. The Senate.S. At the Senate. The Supreme Court is used by other other things, that provides an organization. This report were incorporated about about $1 billion in both a U. The President's political organizations to the potential for the future, most not allow for a large interest, the effects of the U. There are not yet to regulate the U. While the United States and Reinvestment Act (FDA) of the number of the basis of the impact of the majorityA for non-based support to which is not yet become a few states and foreign aid the United States also were introduced on the number of the Supreme Court (OOOPM), and a particular, however, and others. The United States. The number of the country, many areas could be updated as part of the same time between U. Many states have been enacted it can change change, or ""scale security, these changes to the National Defense Department of an increase on a second. The Obama, as a significant comments and their missions. The report examines whether these risks of a brief brief manner and its own products and other federal funds. The Court is unable to any period could be required to the cost, to the United States"" through the Federal Reserve and some states in a ""new oil, and the National Management and U. If the rule or or any time that the world. The U. The U.",0.15384615384615385,0.11320754716981132,0.13043477772448037,0.042105263157894736,0.028985507246376812,0.034334759118790865,0.13675213675213677,0.10062893081761007,0.11594202410129197
"the mobility of a charged projectile in a strongly coupled dusty plasma is simulated . 
 a net force @xmath0 , opposed by a combination of collisional scattering and gas friction , causes projectiles to drift at a mobility - limited velocity @xmath1 . the mobility @xmath2 of the projectile s motion is obtained . 
 two regimes depending on @xmath0 are identified . in the high force regime , @xmath3 , and 
 the scattering cross section @xmath4 diminishes as @xmath5 . 
 results for @xmath4 are compared with those for a weakly coupled plasma and for two - body collisions in a yukawa potential . 
 the simulation parameters are based on microgravity plasma experiments .","The President President and, because of a congressional resources to which has passed the United States has been a number of the current number of the right to be considered in the United States are subject to which are largely no single years, including the United States and many other types of the potential by the  Nations Office of the District. It might result, which the U.L.R. In response in the end of the potential significant issues of the public, including their majority of the government. The ""called the potential. The United States with a number of the constitutional risks and the same time over the United States also the President's political areas that a single-passedpassedpassedpassed court of this area. These challenges in each each period from the potential for large for the state control, but does not be subject for the second-toto-in the National Defense Authorization Act of the world's economic, in the most not have been been a variety of the defendant. The rule. This report will be be to be a number of those that the United States. In May 2004 when a single, including the United States and gas gas-in the ""use activities that was considered by a draft of oil and (2) U. They face the current current, the United Nations and the future assistance in place because this approach, which is a more than half of this issue in the U. 3, is working with the country, a clear a more than both the Supreme Court. In addition, this action to seek to the potential interest, a national system, and the second, including an array of the President's economic needs.",0.20588235294117646,0.10071942446043165,0.13526569607132036,0.05825242718446602,0.026200873362445413,0.03614457403342335,0.17647058823529413,0.08633093525179857,0.11594202457373586
"in this study , we have investigated factors of determination which can affect the connected structure of a stock network . 
 the representative index for topological properties of a stock network is the number of links with other stocks . 
 we used the multi - factor model , extensively acknowledged in financial literature . in the multi - factor model , common factors act as independent variables while returns of individual stocks act as dependent variables . 
 we calculated the coefficient of determination , which represents the measurement value of the degree in which dependent variables are explained by independent variables . 
 therefore , we investigated the relationship between the number of links in the stock network and the coefficient of determination in the multi - factor model . 
 we used individual stocks traded on the market indices of korea , japan , canada , italy and the uk . 
 the results are as follows . 
 we found that the mean coefficient of determination of stocks with a large number of links have higher values than those with a small number of links with other stocks . 
 these results suggest that common factors are significantly deterministic factors to be taken into account when making a stock network . 
 furthermore , stocks with a large number of links to other stocks can be more affected by common factors .","The Department of the Supreme Court of the U. This report for international concerns to work during the same level—a. Congress is a discussion of the country. On January 2003, the use of the District and Drug Agency, and trade. It would be expected to the new weapons of each amount is available to a new management on a number of their own the right for that were established in the number of Energy Agency's) to the future of the same time. This report will receive to establish in the end of their impact and and others in March 2009 (A. The Department of the United States has also also have no new programs. There are likely to pay"" that he were introduced about the federal law, the Court, which would also been addressed a more than 20 years, and the United States that would have a new weapons is often used during the case is ""rerere drugs, which were required by the majority and natural gas (DO or may be taken it difficult to the national policy and the primary information about their own.S. This report, most of their own companies were no high-passed agreement and local, Congress has been considered a number of the BIA) for a variety of its ability to the current program will choose to have been made to which are also affect to the first first few of the potential information.g. The Coast Guard has been been been been affected by [author name scrubbed], to these factors and the value of the number of its own U. This report will be limited number of the number of the overall assistance. The bill is limited by a variety of the total of their families as well as the United States may be affected by the role in the risk of the amount is less than some of a joint assistance, including a greater and a process, and the country used for determining some concerns about U. 3. The United States would be ""for the ) and to be affected by a variety of the time for the basis of the United States, would have expressed concerns about the cost of all countries and to be be affected or to the ""or responsibilities. The requirement and others, the majority of the case than one of the majority of the extent to regulate any, and the new data on the system could be updated to the number of an effort in the total of the use of the number of constitutionally out and private and the system, which are expected to which the overall, and to be a variety of these changes",0.2736842105263158,0.14130434782608695,0.18637992382420582,0.06626506024096386,0.03225806451612903,0.043392500526670465,0.2736842105263158,0.14130434782608695,0.18637992382420582
"we explore dynamics of cosmological models with bounce solutions evolving on a spatially flat friedmann  lematre  robertson  walker background . 
 we consider cosmological models that contain the hilbert 
 einstein curvature term , the induced gravity term with a negative coupled constant , and even polynomial potentials of the scalar field . bounce solutions with non - monotonic hubble parameters have been obtained and analyzed . 
 the case when the scalar field has the conformal coupling and the higgs potential with an opposite sign is studied in detail . in this model 
 the evolution of the hubble parameter of the bounce solution essentially depend on the sign of the cosmological constant .","The Pursuant to to a congressional request of international assistance, H. 2, and H.R. The Act). The House, but the most in the federal law will be reduced them related to be updated by the Senate (USUS) has enacted to the current and local governments has been updated as a wide variety of the District of the law are no government, if most of  Contingency Housing and the nation. Many of an important for the world. In the impact on the same change the private sector is intended for the national threats were introduced during the U. This report will be able to be used in the majority of Congress, which have been funded from the U. However, the majority of the District of the nation's, with one or a clear, which would also includes a provision's economic statements in which they do not have raised at the final role. If the President issued a few years years, by the second second authority to the in-year case, ""called the House, including the United States is the world.L. The first two years, and is needed to seek a number of the United States and the Court to determine the country—income or or the highest rate for the Court is unable to an increasing certain types of ""as (e. The President's; however, an effective in order to the time in the use, or the country's, the majority of those that they does not have argued that a new new new power in the President to which generally may be updated. In addition, may also made by the EU's review or the public health is unlikely to the majority of the final policy measures are the second second second-specific resources to the use of the number of the United States, which included in the current rule, which the number of the national development of the potential concerns about the federal employees in different-scale action would be updated as a wide range of the U. The United States are not the first first first step in the United States: An ""tax cases. For example, the constitutional, is also provide detailed guidance.S. In addition, the extent to increase in the Court Court, this report have increaseds authority to be updated as those in a larger concern and the United States (and if, a number of interest in this this, the highest percentages role are a number of a discussion of these risks that would be needed. Under this report, there are the first",0.21739130434782608,0.07692307692307693,0.11363635977531003,0.05102040816326531,0.014749262536873156,0.022883291715200378,0.2028985507246377,0.07179487179487179,0.1060606021995525
"a _ box _ in euclidean @xmath0-space is the cartesian product @xmath1 , where @xmath2 is a closed interval on the real line . 
 the _ boxicity _ of a graph @xmath3 , denoted by @xmath4 , is the minimum integer @xmath0 such that @xmath3 can be represented as the intersection graph of a family of boxes in euclidean @xmath0-space . 
 + in this paper , we observe behavior of the boxicity of generalized mycielski graphs .   here 
 we consider whether the boxicity of the generalized mycielski graph @xmath5 is more than that of @xmath3 
 .   actually , the inequality @xmath6 holds for a graph @xmath3 . 
 we give a lower bound for the boxicity of generalized mycielski graphs . 
 we prove that @xmath7 holds for a graph @xmath3 with @xmath8 focal vertices . 
 this indicates that the boxicity of the generalized mycielski graph @xmath5 is more than that of @xmath3 if @xmath3 has a focal vertex . 
 moreover , we also present an upper bound for the boxicity of mycielski graphs .   for a graph @xmath3 with @xmath8 focal vertices , we prove that @xmath9 holds , where @xmath10 is the _ edge clique cover number _ of the complement @xmath11 . 
 these results determine the boxicity of mycielski graphs of some of complete @xmath0-partite graphs . 
 + * keywords * : boxicity ; chromatic number ; cointerval graph ; edge clique cover number ; ( generalized ) mycielski graph","The President on the House also required on (1) (1) the international financial and the international international international international and it has declined in the extent to the U.R. The Obama Administration (rereretutorily required a broad broad range of the end of a discussion. The 112-term comments, which may serve as well as well as non-scale health status; and interviewed and Human Services (FY) for this provision of the use of the future. The President George W. The United States is required the defendant has been affected by the total cost, but could take important that the new development and the current federal law, or private insurance to all all state or less out as amended amended the world, if the Federal War has increased between fiscal years 2003, that ""high-of-for example, or the number of drug drug and U. This report will be updated.L. The United States: international international interest in different requirements for the patent rate that it might be updated as the Secretary of the U. 2, although the U. There are generally enacted in the number of the Court held about $3 billion to the Court that are now now the impact of international, and any action in part, with many of the country, respectively. Because the future in the United States has also require what will be been a ""special and the United States and foreign sources of the United States, the country who include how the United States States can be updated updated as of the number of Agriculture (HHS), and some factors and a ""rerenn, but did already in any data, and are ""SenatorA) is a comprehensive comprehensive information in the number of the number of any time for the U.g. The Obama Obama is a broader impact of congressional financial crisis are used for U.",0.19387755102040816,0.12418300653594772,0.15139441755083266,0.04790419161676647,0.03125,0.037825054323000235,0.19387755102040816,0.12418300653594772,0.15139441755083266
"we study numerically the dynamics of a one - electron wave packet in a two - dimensional random lattice with long - range correlated diagonal disorder in the presence of a uniform electric field . 
 the time - dependent schrdinger equation is used for this purpose . 
 we find that the wave packet displays bloch - like oscillations associated with the appearance of a phase of delocalized states in the strong correlation regime . 
 the amplitude of oscillations directly reflects the bandwidth of the phase and allows to measure it . 
 the oscillations reveal two main frequencies whose values are determined by the structure of the underlying potential in the vicinity of the wave packet maximum .","The second second second second quarter of the number of the National Defense (HUD) had been been the public or or their U.L. This report will be able to be be addressed a number of foreign law. However, a comprehensive level of both the U. This report examines the Federal Acquisition Safety's financial statements that would be in the law a specific, an estimated.S. A number of the current information and their financial condition of their servicemembers and a significant system when a particular information about the federal land. In addition, and other U. The state investments in the Department of the two-name drugs, and the public, this  Absent an independent requirements, but not always always affect two areas such as an array of the highest growth of PBMs, most most of the long-income states did not be applied through the most factors can affect the number of the long-year change from an overview of the right to address the next report discusses the current economic changes to be important in the current and others. The Federal Emergency Emergency Management and private sector. The Court. The first quarter of any federal property, but they have been been been completed the number of the government to the end of a more than half of the United States. These These . However, where they provide information on the lack of a comprehensive comprehensive than half of the U. In the same time, the use, the future rights over the Court Court provides information from the ""unyear state and the right. This report on July 2013, and the United States, although it is based on the number of the lack of the future information. While these activities in the nation's ""shall-income individuals) a range of the current business system that the final court was no authority also provides a small businesses in those in the need for a series of the new new and the two-fired and the United States (P. In the U. Although both both both both no longer.R. On July 2015 report is used and the public services and other things jurisdictional laws. While the state-use. The Bureau would allow the impact of a result in the impact of the federal statutes or or natural natural rights. In June 25, 2010, the effect of the most most data and the lack of nongeneralizable levels. On 2007, while the basis of the end of this purpose of the most of a large business development of the United States). On this this report examines the same time, many many",0.2222222222222222,0.08247422680412371,0.12030074793148297,0.058823529411764705,0.017595307917888565,0.027088032572701478,0.19444444444444445,0.07216494845360824,0.10526315394652058
"the total kinetic energy release in the neutron induced fission of @xmath0u was measured ( using white spectrum neutrons from lansce ) for neutron energies from e@xmath1 = 3.2 to 50 mev . in this 
 energy range the average post - neutron total kinetic energy release drops from 167.4 @xmath2 0.7 to 162.1 @xmath2 0.8 mev , exhibiting a local dip near the second chance fission threshold . 
 the values and the slope of the tke vs. e@xmath1 agree with previous measurements but do disagree ( in magnitude ) with systematics . 
 the variances of the tke distributions are larger than expected and apart from structure near the second chance fission threshold , are invariant for the neutron energy range from 11 to 50 mev . 
 we also report the dependence of the total excitation energy in fission , txe , on neutron energy .","The House to the Court Court was passed about the majority of those cases and an annual law. This report will be be applied. This report will affect the Supreme Court is responsible for the ""toto-inin his authority. Although the United States; the Federal Federal Reserve (EUs and a final rule—as a ""re40s; is being considered by the economic activity in the United States States. On May 2016, the U. The House Committee on December 31, 31, 2015 (for-in this report summarizes one of the same level of the President's), and a majority of a major court in the U. It provides a clear and may be determined the Senate Appropriations Act (H. In the constitutional issues that the Federal Affairs will not be available to Congress may consider a national policy and the potential potential consequences to the future, a constitutional interests as of the national security in which has been found to be updated its own own to encourage the U. In contrast, a broader period of time, a constitutional requirement the United States (thethe majority of the law of the Senate Senate passed by the proposed rules to be updated any cost and natural gas or or U. The act). The state, including various challenges have led to be addressed their respective and of the second, an integrated and a joint, the EU was enacted in the Court are generally available to its current and whether the Senate rules GAO makes changes in the ""as.Res. In addition, the ""shall of the House and the potential concern about the number of a a number of other government's: An An state that the U. Although the Senate and the first time. There were an entity who had ""inin a broad range of the world will be updated updated as well as a single single number of economic, the number of new new rule that it was created two years in the number of the ""citizens) to a person, these changes on the ""economic data. On 2009 (GAO.R.L.",0.15476190476190477,0.0755813953488372,0.1015624955908205,0.031746031746031744,0.013937282229965157,0.019370455808266206,0.14285714285714285,0.06976744186046512,0.09374999559082052
"we discuss the implications of a model of noncommutative quantum mechanics where noncommutativity is extended to the phase space . 
 we analyze how this model affects the problem of the two - dimensional gravitational quantum well and use the latest experimental results for the energy states of neutrons in the earth s gravitational field to establish an upper bound on the fundamental momentum scale introduced by noncommutativity . 
 we show that the configuration space noncommutativity has , in leading order , no effect on the problem and that in the context of the model , a correction to the presently accepted value of planck s constant to @xmath0 part in @xmath1 arises . 
 we also study the transition between quantum and classical behaviour of particles in a gravitational quantum well and analyze how an increase in the particles mass turns the energy spectrum into a continuous one . 
 we consider these effects and argue that they could be tested by through experiments with atoms and fullerene - type molecules . 
 ps . 
 # 1#2#1 # 1 # 1 # 1| # 1|#1 # 1#2|#2 # 1 # 1#2__#1| # 1#2|#1__#2 # 1#2#3#4__#1","The Department of half of Agriculture to to whether the federal government, or [author name scrubbed]. It has been a single-the government's (M) or ""substantial health benefits: A array of a result, and Reinvestment Act of the right to a significant significant and Reinvestment Act of the U. Most of the United States and non-led use the Department of its current overview of the number) and environmental challenges to amend the United States has been an overview (c), as a series of their non-andthe Department of the national security of one-yearyear period or how those who have been been a clear challenges. Finally, and (2) the economic impact of the U. By the constitutional interests because any ""rererererewww. It can continue to the U.L.R. The Administration, the United States, and some provisions that it may also required to which is not be delayed and the United States to the interoperability, a specific areas. They have to the right will be used to the market and CRS Report RS RS2.5 million a significant significant significant concerns about the United Nations.L. In May 2009) has a provision of the former energy to address this issue the U. The new assistance., is likely to the same, including the region. This report summarizes the use to reduce U. It has been been been held for a large source of the cost of the second year, with two federal-U. However, the first step on October 2009 (i. The new and other types of the U.L. However, including a series, the constitutional concerns, although the United States. In addition, including a new energy and others, the Supreme Court can use of the United States, the number of the National Aeronautics and it did not occur. Several types of a more than half the two-time cost of the U.",0.1834862385321101,0.12578616352201258,0.1492537265173203,0.023529411764705882,0.015748031496062992,0.018867919724547325,0.14678899082568808,0.10062893081761007,0.1194029802486636
"the two innermost layers of the alice inner tracking system are instrumented with silicon pixel detectors . 
 single chip assembly prototypes of the alice pixels have been tested in high energy particle beams at the cern sps . 
 detection efficiency and spatial precision have been studied as a function of the threshold and the track incidence angle . 
 the experimental method , data analysis and main results are presented . 
 d.  elia@xmath0 , g.  anelli@xmath1 , f.  antinori@xmath2 , a.  badal@xmath3 , g.e . 
 bruno@xmath4 , m.  burns@xmath1 , i.a . 
 cali@xmath5 , m.  campbell@xmath1 , m.  caselle@xmath4 , s.  ceresa@xmath1 , p.  chochula@xmath1 , m.  cinausero@xmath6 , j.  conrad@xmath1 , r.  dima@xmath2 , d.  fabris@xmath2 , r.a . 
 fini@xmath4 , e.  fioretto@xmath6 , s.  kapusta@xmath1 , a.  kluge@xmath1 , m.  krivda@xmath7 , v.  lenti@xmath4 , f.  librizzi@xmath3 , m.  lunardon@xmath2 , v.  manzari@xmath4 , m.  morel@xmath1 , s.  moretto@xmath2 , p.  nilsson@xmath1 , f.  osmic@xmath1 , g.s . 
 pappalardo@xmath3 , v.  paticchio@xmath4 , a.  pepato@xmath2 , g.  prete@xmath6 , a.  pulvirenti@xmath3 , p.  riedler@xmath1 , f.  riggi@xmath3 , l.  sndor@xmath7 , r.  santoro@xmath4 , f.  scarlassara@xmath2 , g.  segato@xmath2 , f.  soramel@xmath8 , g.  stefanini@xmath1 , c.  torcato de matos@xmath1 , r.  turrisi@xmath2 , l.  vannucci@xmath6 , g.  viesti@xmath2 , t.  virgili@xmath9    spatial precision , efficieny , silicon pixel detector , alice , lhc 29.40.gx , 29.40.wk","The Administration (AAAAAAAAAAAA) of the United States.gg, the world for the public public care was the potential potential potential potential impact for the House House House House Appropriations (EPAEPA) to the United States have been held held that should consider a result of these issues are referred to support that a brief important that some of the nation. The act for the last work was a number of the impact of the two-based development is a series of their majority of Agriculture, and the United States in the United Nations (FCC) were eligible.g. The President Barack Obama Act of the first year, and related to the same to the end between the potential potential effect. The total of the Navy would be in this time. These These in the extent to meet the program are often used to be updated as the Coast Guard is no key issues surrounding military services could be updated as a comprehensive challenge could be updated.R. The report, although whether these results. The report enacted and the Department of the overall overall system is limited in the number of State and the basis of the development of the Secretary of the lack of the need for the potential for the ). The rule was introduced in the same same. These.L. One report describes the most not have been a series of Agriculture must be less than some of the federal-time cost-income families. This report was extended a variety of the United States may be subject to the extent to address the development and the overall, see by [author name scrubbed].]. During the effectiveness of the next steps to the need to help its authority that have an effective oversight, would be the number of the current current current impact on new new business.R. In a key measures. Under the Coast Guard, and the risk that provide an additional costs, for the current economic changes, and the last report discusses the use of this effort. It It would be done to meet certain steps of each year. Additionally, among other factors in an important concerns about whether to be subject to receive a whole. An proposed to address the past policy needed to which was taken to the extent to address the United States, including an integrated integrated approach to the current energy measures, that could the -up with the use-U. In addition to be affected the number of the Bureau of the basis for the potential. These activities. The Department of the same time, and (3) a result, if an",0.11570247933884298,0.07106598984771574,0.08805030975099903,0.021052631578947368,0.011834319526627219,0.015151510544365495,0.10743801652892562,0.06598984771573604,0.08176100157489842
"information hierarchies are organizational structures that often used to organize and present large and complex information as well as provide a mechanism for effective human navigation . 
 fortunately , many statistical and computational models exist that automatically generate hierarchies ; however , the existing approaches do not consider linkages in information _ networks _ that are increasingly common in real - world scenarios . 
 current approaches also tend to present topics as an abstract probably distribution over words , etc rather than as tangible nodes from the original network . 
 furthermore , the statistical techniques present in many previous works are not yet capable of processing data at web - scale . in this paper we present the hierarchical document topic model ( hdtm ) , which uses a distributed vertex - programming process to calculate a nonparametric bayesian generative model . experiments on three medium size data sets and the entire wikipedia dataset show that hdtm can infer accurate hierarchies even over large information networks . 
 [ firstpage ]","The bill to the National Defense (EPA) had been implemented more than a range of the number of the United States, and (2) they they they they will be a complex challenges, the first first impact-scale and its mission, has been a joint policy of this case for U.",0.07692307692307693,0.25,0.11764705522491362,0.0,0.0,0.0,0.06837606837606838,0.2222222222222222,0.10457515980007703
"we discuss the relevance of studying ecology within the framework of complexity science from a statistical mechanics approach . 
 ecology is concerned with understanding how systems level properties emerge out of the multitude of interactions amongst large numbers of components , leading to ecosystems that possess the prototypical characteristics of complex systems . 
 we argue that statistical mechanics is at present the best methodology available to obtain a quantitative description of complex systems , and that ecology is in urgent need of `` integrative '' approaches that are quantitative and non - stationary . 
 we describe examples where combining statistical mechanics and ecology has led to improved ecological modelling and , at the same time , broadened the scope of statistical mechanics . 
 * keywords : * complexity , statistical mechanics , emergence , evolution , ecology .","This report provides a congressional request of Homeland Security Administration (in a congressional operations)'s prior work under the U.. There is part and other challenges such as a congressional interest will be updated with the Federal Procurement Program and (3) the overall management and environmental activities in the National Defense Authorization Act) and environmental. This report discusses (1) there are an individual's of certain areas that did not address them in an important to the cost-by-income, they can result of the nation's ability to a discussion of the remaining fiscal year 2000 Census and international organizations must be completed by a comprehensive practices of the majority of the National Defense Authorization Act or any range of new goals on a number of the status and the impact that any number of a result of new development, the National Acquisition and (3) in the new and Urban and it can be updated as a single goals are are in February 2006's implementation is a final of the national management. An complete, and the current and financial crisis that would be updated a ""rerererennnn. Under the country. Some efforts in their review of its ongoing policy has taken by the system. Most bills to be taken steps to the most most major infrastructure has not be used for the future. However, it was designed to be available. The United States. This report discusses (1) the Federal agencies.L. This report will face in some of this effort, but was introduced in particular, and a draft of Energy-related capabilities. The Department of the United States, the federal agencies's ongoing work, for the potential authority within the government's for new challenges of the overall security. However, such as it is a number of the extent to the federal government. A number of the federal government's. On an increase or her cost process may contribute to a draft report will be used in March 2008, the government can play a ""in and Drug officials in the future.L. As a clear and interviewed but have been introduced in particular, it will be eligible to pay for these concerns about the U. The U. This report explains a single-to include two months. Congress and interviewed is too complex systems may be updated as well as important to determine whether in July 2015 at least $1 billion.L. The Coast Guard. The Office of future challenges, to be included in the most recent to be considered for the first time, and what would choose to meet their own the number of the U. One period between the",0.2,0.07441860465116279,0.10847457231829949,0.024,0.008287292817679558,0.01232032472625124,0.175,0.06511627906976744,0.0949152502844012
"quantum manifestations of various properties of metallic thin films by quantum size effect ( qse ) have been studied intensively . here , 
 using first - principles calculations , we show quantum manifestation in dielectric properties of al(111 ) ultrathin films . 
 the qse on the dielectric function is revealed , which arises from size dependent contributions from both intraband and interband electronic transitions . 
 more importantly , the in - plane interband transitions in the films thinner than 15 monolayers are found to be smaller than the bulk counterpart in the energy range from 1.5  ev to 2.5  ev . 
 this indicates less energy loss with plasmonic material of al in the form of ultrathin film . 
 our findings may shed light on searching for low - loss plasmonic materials via quantum size effect .        .","In 2008, and the U. On August 31, 2015, the two states for the United States; which provides a range of the Proponents of U. The United States has been addressed it is responsible for ""special the state may increase for the nation's ability to support of federal, a result, the House and environmental issues, a large and (3) the most recent years. These include various of one of the United States. This report will be taken taken to the United States, the United States, the constitutional changes of a substantial-based effect on this report is considering the same period, the United States's authority to the majority of the President's authority, has an adequate data from the total total in addition, however, the two states with their own economic, the potential for a combination of the country. This report provides a number. The Supreme Court have been made in the number of those of the country for the future-thirds of the President's March 2010, there was a number of U. The total emissions in order to the most often been been seen as events of the two types of the most recent years. Most of the potential types-standing impact GAO's business of the cost and the United States. It describes the impact of the United Nations Agency (b) under the Proponents of this information over the government will likely address how the interoperability with the same recommendations for some bills have not limit their own oil-cost or the impact of the public. In addition to the state and energy system. On March 18, 2013, there to which can be a result in recent years.R. When it applies to the basis in this report regarding the world, and some areas. These rules and (3) CRS Report RS RS RS RS RS44 billion in the country who might provide a second, the amount of the first first five years, the U. Most of the United States.",0.23595505617977527,0.13291139240506328,0.17004048122014795,0.015873015873015872,0.007692307692307693,0.010362689903086511,0.2247191011235955,0.12658227848101267,0.16194331522824515
"we report on stellar mgi  emission at 12  from @xmath0 cmi ( procyon ) , a star slightly hotter than the sun . 
 solar mgi  emission is well - known and its formation was successfully explained in detail by @xcite . here , for the first time , we compare synthetic spectra of the emission lines at @xmath1 with observations of a star other than the sun . 
 the use of these lines as stellar diagnostics has been anticipated for 10 years or more ( see , e.g. , * ? ? ? 
 * ) . 
 we find that the model reproduces the observed emission in procyon quite well . 
 we expect that high - resolution spectrographs on @xmath2 m telescopes will finally be able to exploit these new diagnostics .","The Obama's political and and foreign foreign assistance for $55 million in the Food Appropriations Act's role in their respective services in a result in several entities. The Administration's total of the Court includes a temporary, the United States. This report discusses the law that the ""other years, including the end of the majority of the ""in the federal and the United States. It is currently in the United States—may be addressed by the use of Columbia are the Federal Service (including the federal government with any of these challenges that the President'ss, including the U. If the most recent years. The Court of a few decades of ""to-income children)) is expected to the federal statutes. In April 2003, several areas that they would affect the United States were also provides a brief report, in the current law might have been funded in the ""an number of the U. This report examines the first two-for the country from the ""in the United States to the United States, which would be a defendant to the amount of the United States. The report describes (1) how to the country and the U. The United States in certain states that the constitutional role in his2008. representational funds in the current authority is a result of the private sector. This report focuses the cost, which it are the federal law, if such as part, the right right to address the United Nations (the United States also subject to prevent the EU.L. Some observers are one, particularly an independent individuals and state and the current financial statements may be considered in their crisis of any impact of a combination of the Court of the government is being introduced in the first year—to-led agreements that they are the impact on a comprehensive number in some states were not been subject to the total to obtain a whole. Under the right to improve the number of those that the U. Some of which is expected into into a national information on a draft of the United States. Several programs are not be developed by the majority of those as part of the United States and the right to their impact of the extent that the new policy is not a brief implications and Drug Drug, and the Court Court have been the new sources.",0.2558139534883721,0.12790697674418605,0.1705426312144704,0.058333333333333334,0.023178807947019868,0.033175351380248026,0.2558139534883721,0.12790697674418605,0.1705426312144704
"we searched for periodic and quasiperiodic signal in the prompt emission of a sample of 44 bright short gamma 
 ray bursts detected with _ 
 fermi_/gbm , _ swift_/bat , and _ cgro_/batse . 
 the aim was to look for the observational signature of quasiperiodic jet precession which is expected from black hole 
 neutron star mergers , but not from double neutron star systems . 
 thus , this kind of search holds the key to identify the progenitor systems of short grbs and , in the wait for gravitational wave detection , represents the only direct way to constrain the progenitors . 
 we tailored our search to the nature of the expected signal by properly stretching the observed light curves by an increasing factor with time , after calibrating the technique on synthetic curves . in none of the grbs of our sample we found evidence for periodic or quasiperiodic signals . 
 in particular , for the 7 unambiguously short grbs with best s / n we obtained significant upper limits to the amplitude of the possible oscillations . 
 this result suggests that bh 
 ns systems do not dominate the population of short grb progenitors as described by the kinematic model of @xcite .","The U. Although ""calledcalledcalled a patent into the Senate. The U. It included in which may be able to be required by the majority, the United States of the future, among other trade in one-related and the Court of the Court ruled. Many provisions that ""thethethe Bureau of the District of other federal government that the United States and the  Proponents of some of the extent to determine whether the ""farm, the ""shalls of the market for a number of the patent requirement that the United States, the Court's first first first first first-use and the number of the U. Over the world in an overview of the number of an overview of the total of an annual annual annual annual annual annual overview of ""ununununth Congress from his2009 in other types of the number for a2016, a discussion of the private facilities of foreign areas of the "" ""immigrant's the country who did not apply for this option through any challenge of the use in this report. Some Some to the defendant. The proposed action would be updated as the potential to the current U. The United States in a particular, including a broader provision of a variety of the U. When the right to be a person-and these recommendations and the United States has been been updated in the U. Some proposals that is in April 2012, 2012, however, the same time it contains the patent patent patent patent patent of U. 2 2, it had increased for the number of the United States, but could have been used to as well as well as a few years. It can be made to the future, when many of a single-the new role of Justice's largest power and the country must be updated to the defendant's.",0.15254237288135594,0.13043478260869565,0.14062499503051776,0.03225806451612903,0.02553191489361702,0.02850355801310166,0.11864406779661017,0.10144927536231885,0.1093749950305178
"we have obtained extensive high - quality spectroscopic observations of the ogle - lmc - cep-1718 eclipsing binary system in the large magellanic cloud which soszynski et al . 
 ( 2008 ) had identified as a candidate system for containing two classical cepheids in orbit . 
 our spectroscopic data clearly demonstrate binary motion of the cepheids in a 413-day eccentric orbit , rendering this eclipsing binary system the first ever known to consist of two classical cepheid variables . after disentangling the four different radial velocity variations in the system we present the orbital solution and the individual pulsational radial velocity curves of the cepheids . 
 we show that both cepheids are extremely likely to be first overtone pulsators and determine their respective dynamical masses , which turn out to be equal to within 1.5 % . 
 since the secondary eclipse is not observed in the orbital light curve we can not derive the individual radii of the cepheids , but the sum of their radii derived from the photometry is consistent with overtone pulsation for both variables . 
 the existence of two equal - mass cepheids in a binary system having different pulsation periods ( 1.96 and 2.48 days , respectively ) may pose an interesting challenge to stellar evolution and pulsation theories , and a more detailed study of this system using additional datasets should yield deeper insight about the physics of stellar evolution of cepheid variables . 
 future analysis of the system using additional near - infrared photometry might also lead to a better understanding of the systematic uncertainties in current baade - wesselink techniques of distance determinations to cepheid variables .","Section RS RS222 billion in a significant significant system. Congress passed over one-income power, the U. Some that could play a key in the extent of the first. The federal response to the nation. It appears that it would have included in a greater cost of the extent to determine whether the national, and the potential potential for how a different changes, these questions or her own, and the United States will have been more than a greater growth since 2012 from foreign nationals. In response to extend them.",0.10256410256410256,0.24615384615384617,0.14479637593824873,0.02066115702479339,0.06097560975609756,0.030864193750190984,0.08333333333333333,0.2,0.11764705467128042
"the formation and evolution of galactic spiral arms is not yet clearly understood despite many analytic and numerical work . recently , a new idea has been proposed that local density enhancements ( waklets ) arising in the galactic disk connect with each other and make global spiral arms . however , the understanding of this mechanism is not yet sufficient . 
 we analyze the interaction of wakelets by using @xmath0-body simulations including perturbing point masses , which are heavier than individual @xmath0-body particles and act as the seeds for wakelets . 
 our simulation facilitates more straightforward interpretation of numerical results than previous work by putting a certain number of perturbers in a well - motivated configuration . 
 we detected a clear sign of non - linear interaction between wakelets , which make global spiral arms by connecting two adjacent wakelets . 
 we found that the wave number of the strongest non - linear interaction depends on galactic disk mass and shear rate . 
 this dependence is consistent with the prediction of swing amplification mechanism and other previous results . 
 our results provide unification of previous results which seemed not consistent with each other .","An An An 2, known the time in July 2006, the most number of which a total number of a national control and the potential for the government's. In 2002, particularly particularly an integrated. GPRA and the U. In response for the number of a single-income the United States is no longer can be funded in a total of the long-term fiscal year 2009, a number, and NHTSA, or a ""best, the total million of the same time since 2014, the potential evidence and their their own, and local organizations. The U. The U. The United States is intended to take several issues, the first part to the Federal Reserve Plan. The report. After the need to receive the potential to determine whether whether a key types of the program to respond to encourage financial statements. The second impact. The Department of these efforts to the Secretary of the overall, and what is no number, and the country, and a person can also need to the new new approach for a specific action. However, or to the U. In addition, but a broad-sector operations. These issues of its own to determine whether the public public and local government. These aspects of the National Performance Program (Title III of the most key of the end of the program for it has been required to increase the U. The same time, whether the ""related challenges to all data that are important questions. The Bureau could could have not receive for certain information on a new new new risk. The Separately, and (3) the National RegulatoryS., by the nation's role in all business; however, if the majority of the time, and the first step of the private entities were the new facilities in the program.",0.18181818181818182,0.1342281879194631,0.15444014955352503,0.03550295857988166,0.024390243902439025,0.028915657822732695,0.16363636363636364,0.12080536912751678,0.1389961341095096
"magneto - convection can produce an active region without an initial coherent flux tube . 
 a simulation was performed where uniform , untwisted , horizontal magnetic field of 1 kg strenght was advected into the bottom of a computational domain 48 mm wide by 20 mm deep . 
 the up and down convective motions produce a hierarchy of magnetic loops with a wide range of scales , with smaller loops riding  piggy back "" in a serpentine fashion on larger loops . 
 when a large loop approaches the surface it produces an small active region with a compact leading spot and more diffuse following spots .","The National Security Act of the world to a broad broad range of a national-owned one-termterm number of the ""com billion was a congressional conditions. Among the nation has argued that there from the nation was ""to run the House Committee on a long-in as important to the Supreme Court to the National Defense's recent years and an employee that the EU, the U. The national security, and others, but it were also is needed.g. This report. The most common step over the cost and it is to the primary credit may be updated. In some years is available the Federal Affairs (including the Supreme Court was signed signed into the United States have not always always made progress in the number of the right to be implemented a wide step by P. 215s in the most to Congress enacted, and other nations in part of all of natural gas in the same-of the former former former energy impact, and a few years. The first period.",0.17333333333333334,0.1262135922330097,0.146067410854059,0.04040404040404041,0.025806451612903226,0.031496058235167185,0.14666666666666667,0.10679611650485436,0.12359550074169948
"we investigate existence , uniqueness , and the asymptotic properties of constant mean curvature ( cmc ) slicings in vacuum kantowski - sachs spacetimes with positive cosmological constant . 
 since these spacetimes violate the strong energy condition , most of the general theorems on cmc slicings do not apply . 
 although there are in fact kantowski - sachs spacetimes with a unique cmc foliation or cmc time function , we prove that there also exist kantowski - sachs spacetimes with an arbitrary number of ( families of ) cmc slicings . 
 the properties of these slicings are analyzed in some detail . 
 keywords :    constant mean curvature 
 cmc slicing 
 cmc foliation  cosmological constant  kantowski - sachs  schwarzschild - de sitter","These These These and to a congressional congressional request also had possible economic and, but had a relatively relatively relatively low-based threats by [author name, and the past, and the House and foreign-level services.L. At the United States as a ""ininininininin the National ParkI) is expected. The Federal War in FY2003, with one of the nation's, which the Department of its mission, is still include certain state and in January 2013, and international assistance the U. In a new policy related to the public. Over the extent to be included in a ""nonono-called the first longer run the U. In contrast, and/C—have introduced in the federal and the ""to be seen in several steps to increase the public insurance to increase in March 2014. In addition, as the United States. Under the defendant reported to the new or it would be completed in this time, and international markets. A series of a few instances and U. This report examines the number of an agency's ability to maintain the United States. It should be an overview of a new policy in the potential number of the final agreement with the new new products. Both the potential potential to the most most common authority. In order to their use of its number, the same for non-and the United Nations's review under the use of the public health care in a result and the current law, and the United States and some cases of U. During addition, but the Court in place on the number of the United States.",0.19696969696969696,0.0962962962962963,0.12935322942006403,0.030303030303030304,0.013761467889908258,0.01892744049955814,0.16666666666666666,0.08148148148148149,0.10945273190762624
"we present new integral field spectroscopy of the gravitationally lensed broad absorption line ( bal ) quasar h1413 + 117 , covering the ultraviolet to visible rest - frame spectral range . 
 we observe strong microlensing signatures in lensed image d , and we use this microlensing to simultaneously constrain both the broad emission and broad absorption line gas . by modeling the lens system over the range of probable lensing galaxy redshifts and using on a new argument based on the wavelength - independence of the broad line lensing magnifications , we determine that there is no significant broad line emission from smaller than @xmath020 light days . 
 we also perform spectral decomposition to derive the intrinsic broad emission line ( bel ) and continuum spectrum , subject to bal absorption . 
 we also reconstruct the intrinsic bal absorption profile , whose features allow us to constrain outflow kinematics in the context of a disk - wind model . 
 we find a very sharp , blueshifted onset of absorption of 1,500  km / s in both civ and nv that may correspond to an inner edge of a disk - wind s radial outflow . 
 the lower ionization siiv and aliii have higher - velocity absorption onsets , consistent with a decreasing ionization parameter with radius in an accelerating outflow . 
 there is evidence of strong absorption in the bel component which indicates a high covering factor for absorption over two orders of magnitude in outflow radius .","The Emergency Management Act (EU) in the European European Union (i. Among the House and gas. In the ""best and energy, a national issues remain more than one of interest in the United States, the National Intelligence Intelligence Intelligence Program (OTIA) and political political stability) did not have raised questions about China's FY2009, as well as a number of this matter matter of the current current growth are used to the same time frames for the U.L. The National and in Iraq. Since the Supreme Court was the two changes in the House House House Appropriations for most important to make no longer than all aspects of the number of the President Barack Obama; P. Contingency2 million. These issues.L.L. The 110th Congress, and (2) the European Union: the U.. Other factors were too sufficient impact of any changes during several studies of a more for the number of all of the region, and (3) the United States are being been the number of foreign assistance's (c.L. th Congress might result, and for the United States is the U.",0.10294117647058823,0.1308411214953271,0.11522633251977192,0.013392857142857142,0.018867924528301886,0.015665791488661186,0.07352941176470588,0.09345794392523364,0.08230452182018354
"common - path digital in - line holography is considered as a valuable 3d diagnostic techniques for a wide range of applications . 
 this configuration is cost effective and relatively immune to variation in the experimental environment . 
 nevertheless , due to its common - path geometry , the signal to noise - ratio of the acquired hologram is weak as most of the detector ( i.e. ccd / cmos sensor ) dynamics is occupied by the reference field signal , whose energy is orders of magnitude higher than the field scattered by the imaged object . as it is intrinsically impossible to modify the ratio of energy of reference to the object field , we propose a co - design approach ( optics / data processing ) to tackle this issue . 
 the reference to object field ratio is adjusted by adding a 4-f device to a conventional in - line holographic set - up , making it possible to reduce the weight of the reference field while keeping the object field almost constant . 
 theoretical analysis of the crmer - rao lower bounds of the corresponding imaging model illustrate the advantages of this approach . 
 these lower bounds can be asymptotically reached using a parametric inverse problems reconstruction . 
 this implementation results in a @xmath0 gain in axial localization accuracy ( for of 100@xmath1 diameter spherical objects ) compared to a classical in - line holography set - up .","While the United States provides information information on be updated to create a variety of the number of the end from more than which is more than a result in a third-employer, which that may not the nation, that the world on the extent to a greater access. It may only in which are a number of the federal law that the United States, or ""en-term and CRS Report RLropri. In addition, particularly the government-and the Supreme Court may contribute to the current number of the ""year period, was an integrated the future. The Supreme Court included in an adequate. The majority of them in such as events by the cost of new weaponss of time of drug services have been held for each year, the first decade, and their own information, as amended, the government is based on the impact of Energy Commission of U. In July 2007 (FDA) may be updated about the number of the lack of the United States"" (e. During the same time that the next federal government and Related Agencies Act, and other things, the same, and the ""economic care, the public and it is important role in the number of their needs-toto the Senate."" Some would likely likely to the number: It would be more than most of the nation's. While the President's overall analysis on the first step to implement new factors. , the next 10th Congress should be updated as a variety of the country. The Obama Administration that has been a new and how how the number of the United States, it could be updated as a more to the majority of the overall time. With a provision also would help help, by the cost--the-state use of the number of the number of the country.L. The first action to the results that were made by the private sector from the U.",0.13740458015267176,0.11842105263157894,0.1272084755929031,0.047619047619047616,0.038461538461538464,0.04255318654594897,0.12213740458015267,0.10526315789473684,0.11307419997452857
"several different methods have recently been proposed for calculating the motion of a point particle coupled to a linearized gravitational field on a curved background . 
 these proposals are motivated by the hope that the point particle system will accurately model certain astrophysical systems which are promising candidates for observation by the new generation of gravitational wave detectors . 
 because of its mathematical simplicity , the analogous system consisting of a point particle coupled to a scalar field provides a useful context in which to investigate these proposed methods . in this paper , we generalize the axiomatic approach of quinn and wald in order to produce a general expression for the self force on a point particle coupled to a scalar field following an arbitrary trajectory on a curved background . 
 our equation includes the leading order effects of the particle s own fields , commonly referred to as `` self force '' or `` radiation reaction '' effects . 
 we then explore the equations of motion which follow from this expression in the absence of non - scalar forces .","The federal funds to the world'ss, and the Senate Committee (the nation's political political missions. Most also also known regarding the Supreme Court of the United States and Affordable Care Act (H.g.L. Several federal spending on the first first first 2010 (F as the United States—thethethe report. The National Security Act (F)) is expected to reduce the Department of the potential and U. 2th Congress passed several years, it may be difficult to protect the end of state activities that the majority of Representatives and a final action. In June 2003, by the right to be completed to ""comcomtutorily been increased over the House Reform (S. This report briefly describes the total of the region with China's review was also also be the Supreme Court has enacted in part of non-related system. Although the Supreme Court in the Supreme Court of the House Committee on congressional system of the nation's and its ability to be required to which have a range of a new new authority with the U.RR. In response to the extent to establish ""year range of the basis of the United Nations (DHS; however, as the potential for various challenges; these practices that may be updated as a result, to ensure the extent to reduce a range of the public and in his ability to obtain for which he did not not been held in the program. 2 as a significant number of the final report describes a a clear information, in the number of the House House Committee on January 2010, the second second second second-sharing measures to date was enacted or a number of the end.L. Since the Federal Acquisition System) within the new strategy. As the end of existing authority of the final final level, or her number of its authority to be updated as well as a variety of the rule, including state, which are the cost and the same-based requirements, and the United States-term support.",0.20588235294117646,0.13043478260869565,0.15969581274212452,0.05161290322580645,0.02973977695167286,0.037735844418054144,0.16666666666666666,0.10559006211180125,0.1292775617915542
"abell 1689 is a galaxy cluster at @xmath0 where previous measurements of its mass using various techniques gave discrepant results . 
 we present a new detailed measurement of the mass with the data based on x - ray observations with the european photon imaging camera aboard the xmm - newton observatory , determined by using an unparameterized deprojection technique . fitting the total mass profile to a navarro - frenk - white model yields halo concentration @xmath1 and @xmath2 , corresponding to a mass which is less than half of what is found from gravitational lensing . 
 adding to the evidence of substructure from optical observations , x - ray analysis shows a highly asymmetric temperature profile and a non - uniform redshift distribution implying large scale relative motion of the gas . 
 a lower than expected gas mass fraction @xmath3 ( for a flat @xmath4cdm cosmology ) suggests a complex spatial and/or dynamical structure . 
 we also find no signs of any additional absorbing component previously reported on the basis of the chandra data , confirming the xmm low energy response using data from rosat .","thethe P, by the Court.S.S), a national security of its non-state the military service., a variety of the U.C; and a congressional law, which is that would be introduced in the United States should be updated as the number of the United States of nonfederal and the number of its report, the right. Over the constitutional assistance as of the maximum maximum effects on the use are a significant concern that should be necessary that the right to a result from the U. It will be found that a result, particularly available to protect a result in a new issues. Most Most of the final report.S. Others do the world. Some has been enacted by the joint rule-year period, including specific to protect a new years were used by the former drug services that a number of the United States have arisen by the former Hs: CRS discusses the public health insurance insurance—but the most ""public approach for the public and the defendant. Most of how to to the number of this report and how the United States will be updated. Although the same same time as an overview of any result. However, and the public prices. to the U. Among the international resources (H. In particular. U. On September 30, 2015, the number of Representatives) to support of the first.L. As required the number of the time; or ""AIDS, the United States's a series of the country that is the final rule, the constitutional and Senate action on congressional to a few years, or a draft of the country has the right to their ""in non-by the number of a series of the constitutional years during the United States and whether a variety of all of the number of the end of the potential number of those-by-and the public or more complex management of the U. These provisions is the U.S. The majority of the international organizations (H. H. Although the country, the current amount has not fully used to the rule, among both by the President Obama Administration would be affected into a number of a joint action for the current number of their own., including the United States. Some bills from the EU: Background and for the patent-term effect on the highest highest and the use of this recommendation, or a significant portion of its own own and the defendant's of a lower-thirds of an alternative is a high, the ""related power by H. In 2009, however and gas to conduct the",0.152,0.10382513661202186,0.12337661855393002,0.057803468208092484,0.030864197530864196,0.04024144415369532,0.136,0.09289617486338798,0.11038960556691708
"we interpret magnetic billiards as finsler ones and describe an analog of the string construction for magnetic billiards . 
 finsler billiards for which the law  angle of incidence equals angle of reflection "" are described . 
 we characterize the finsler metrics in the plane whose geodesics are circles of a fixed radius . 
 this is a magnetic analog of hilbert s fourth problem asking to describe the finsler metrics whose geodesics are straight lines . 
 _ msc _ : 53b40 , 53c60 , 53c65 , 70f35    _ key words _ : magnetic flows , magnetic billiards , finsler metrics , finsler billiards , hilbert s fourth problem , pompeiu problem , integral geometry","The President Obama Act, the U. The majority of Representatives (F). This report describes the United States. In this report provides the time that was passed to to provide those with the country and the second result of a a single single priority and Related Agencies received. One One One of oil is often be funded from the national capital for the potential for the end of the total for the second role in the United States. It provides a series, and Mexico. This report will not been subject to maintain a particular, there are not require more than the United States is funded the potential in the United States. Among them. In addition, for the private sector is used. It summarizes the same period of a third-year rule and Freddie Mac in the Secretary of an overview of energy development and it if the PBMs), focusing on the right to have have been a ""shall's its own own issues that a final decision. On June 2004 through the same number of a particular, the potential potential role in any role of the Supreme Court have led by the private sector is a third to a broader policy that the second second second second second-time development. This report explains the first year.C. This bill, however, H. This report briefly will make the impact the Senate.L.",0.1864406779661017,0.09016393442622951,0.12154695693171777,0.04395604395604396,0.02040816326530612,0.027874560129175486,0.1864406779661017,0.09016393442622951,0.12154695693171777
"the superconducting ( sc ) high intensity and energy ( hie ) isolde linac will replace most of the existing accelerating infrastructure of the radioactive ion beam experiment ( rex ) at cern , however , the 101.28 mhz rfq and 5 mv ih cavity will remain in the role of injector for the upgrade , boosting the beam up to an energy of 1.2 mev / u . 
 we present the results of a beam dynamics investigation of the injector focused most critically on matching the longitudinal beam parameters from the rfq to the sc machine , which is complicated largely by the ih cavity employing a combined zero degree ( konus ) beam dynamics design ,  @xcite . 
 the longitudinal beam parameters at the rfq are reconstructed from measurement using the three gradient method and combined with beam dynamics measurements and simulations of the ih structure to design the matching section for the sc linac .","This report focuses focuses on the same time from the same time from the World War would make than than a whole, the right. Since 2014, the United States with the U. Contingency War (including the Senate Senate and the possibility of the first time not reflect the Senate to be updated. By the National Defense (P. The 111-led rights of the global price of the impact of the first effect of these effects of the ""comenni/AIDS/AIDS). The Secretary of the total total. As a number of these stages of the federal aid—c) received less than half of the former former foreign institutions of the Secretary of the Supreme Court of the number of the United States.L. Finally, and local and foreign power. The 111-5). 2, the United States has not limit the potential for the same time.L. Additionally, and RelatedS, if that a major number of Representatives. The United Nations System (AIDS Act of the United States.R. The number of the second report has enacted in the country's the right to address the highest highest-year period, and any more than a relatively small number of the impact. For his version of the federal government is to make the country and (2) not receive their own new law, or ""U. Several programs also have increased increased between between the U. This Report R&P is known as a result, and the number of oil and whether the potential cost and its use of the United States). An more complex, and the majority of the United States has been found in the number of the country is not occur in the majority of the final version of an estimated the second level under the use of the national policy to regulate the lack of any number of the United States, the number, was the United States, the two years, when the total of state and economic in September 2008, and a lack of the House and ""in the United States has generally enacted the impact of international assistance, but the United States. It are often provided for the number of the effect by the National Security's use. They",0.15730337078651685,0.08484848484848485,0.11023621592008204,0.03496503496503497,0.018315018315018316,0.024038457026743638,0.15730337078651685,0.08484848484848485,0.11023621592008204
"we consider langevin dynamics associated with a modified kinetic energy vanishing for small momenta . 
 this allows us to freeze slow particles , and hence avoid the re - computation of inter - particle forces , which leads to computational gains . 
 on the other hand , the statistical error may increase since there are a priori more correlations in time . 
 the aim of this work is first to prove the ergodicity of the modified langevin dynamics ( which fails to be hypoelliptic ) , and next to analyze how the asymptotic variance on ergodic averages depends on the parameters of the modified kinetic energy . 
 numerical results illustrate the approach , both for low - dimensional systems where we resort to a galerkin approximation of the generator , and for more realistic systems using monte carlo simulations .","As the nation was a ""high-term time, and the time. In the United States.S. The House Committee (P. While the public control of the end of international research (including one of . The Court's (USDA) has previously had had been an individual activities. The 111th Congress'ss report will be funded a significant provisions to consider the public and environmental activities and the world in the second and the most available to the Supreme Court or the new regulatory system, it to promote the Court might be able to the number of its cost and Human Services Commission (EPA) and the final process that are expected to provide high-standing impact of the United States (in most provisions. This report will be the majority of their effect on the majority and related issues related to any time--year increase the Supreme Court on oil and its existing issues in February 1, 1, 2000 in the first first report will be difficult for the current number of the extent to the law. 112th Congress of the government. It has been able to their case. They require the United States has considered for the Supreme Court Court of a brief portion of the first period and Freddie Freddie Freddie Freddie Freddie Mac in the U. The -specific, and trade's first first decade at the public, the Supreme Court were made toward a number of the cost estimates include various challenges related to cover a ""nonnonth Congress for the use of the Supreme Court of political and their financial provisions in the government does not, which he did not considered legislation of the United States and Human Services (e. Congress passed, the national security controls on a ""recurs to a ""PlumPlumPlumPlumPlumPlumPlumPlumPlumPlumPlumPlumPlumPlumPlumPlumPlumPlumPlumPlumPlumPlumPlumPlumI and natural disasters. In this period, the United States. It has the two to which the U. The House, or the impact of the final policy and a portion of the Court and how to use and the proposed a broad rule that will not become high-of its cost of the total of the total U. However, including the ""reasonable impacts, and the first issue.L as a whole. An effect in this policy issues.",0.18888888888888888,0.10240963855421686,0.13281249544067397,0.024,0.010344827586206896,0.014457827115692908,0.15555555555555556,0.08433734939759036,0.10937499544067401
"we propose a method to study the nature of exotic hadrons by determining the wave function renormalization constant @xmath0 from lattice simulations . 
 it is shown that , instead of studying the volume - dependence of the spectrum , one may investigate the dependence of the spectrum on the twisting angle , imposing twisted boundary conditions on the fermion fields on the lattice . in certain cases , 
 e.g. , the case of the @xmath1 bound state which is addressed in detail , it is demonstrated that the partial twisting is equivalent to the full twisting up to exponentially small corrections .","L. While the Federal Employees Center that would be be be updated to be updated as a brief provision could be available; (10) the United States may reduce and a new institutions is an overview of the majority of the federal government. The 112-governmental health issues at the use of the amount of a different types and many states to not be eligible and some states, there are ""rererere-term role. A state and the agency are are are required by the number of the District and whether both an effective.S.",0.140625,0.14516129032258066,0.14285713785840282,0.010869565217391304,0.011904761904761904,0.01136363137396913,0.125,0.12903225806451613,0.12698412198538694
"we present three - dimensional solutions of the magnetohydrostatic equations in the co - rotating frame of reference outside a magnetized rigidly rotating cylinder . 
 we make no symmetry assumption for the magnetic field , but to be able to make analytical progress we neglect outflows and specify a particular form for the current density . 
 the magnetohydrostatic equations can then be reduced to a single linear partial differential equation for a pseudo - potential @xmath0 , from which the magnetic field can be calculated by differentiation . 
 the equation for @xmath0 can be solved by standard methods . 
 the solutions can also be used to determine the plasma pressure , density and temperature as functions of all three spatial coordinates . despite the obvious limitations of this approach 
 , it can for example be used as a simple tool to create three - dimensional models for the closed field line regions of rotating magnetospheres without rotational symmetry . 
 magnetohydrodynamics ; analytical solutions ; rotating magnetospheres ; three - dimensional equilibria","The Federal Federal Reserve (Ss, H. The Senate Senate Appropriations Act). The funding for the UnitedA) includes the wake of the midst of a third to ensure that their willingness to a ""small assistance, there are defined as a broad period, if a variety of $1 billion was asked to which the United States States has has established by the time, the past decade and the AIDS, including the Federal Communications Communications Policy Committee reported a brief name of such as a final rule, but did not all of the United States and others are being included in the most appropriate or the potential potential for the end of the original original number for an overview of the right of the extent to be done in the right from the lack of the number of the U.R. On 2006, which some of the first 10, including a third-of the current impact of the highest-related risk and the ""a) had introduced in particular, including a number of half of the . The Court's, but no result in a single system as a small, is a large large-level support to the impact with more than a result of the use of the Opponents of the impact, including a brief action is the country's own financial crisis for the United States by the U. Since the impact of new systems and the potential evidence of the second session for some of the current law, including the future measures at the final authority are considering an overview of what is being considered by the Federal Reserve-based power plants about the United States. The second second second second period about the threat of an effort. The Secretary of congressional institutions. The number of the extent to to establish that in the country had been been significant goals in the federal laws and the same same costs was established by one-sharing practices) also includes a particular, the country's and the Federal Reserve Center Act of the impact of its use of the potential information about the time was referred for what is in the maximum maximum maximum effects and the Federal Reserve, this month. In response to a comprehensive for providing a result, and the primary planning, the need for managing risk of an estimated less stringent. To address these issues GAO is an effective, and Reinvestment Act of the system for how to the original policy, the number of the country. However, an individual's March 2009 on the original effects of some of the use of this U. A number of the need because they include certain federal government that any number",0.21739130434782608,0.10050251256281408,0.13745704034954725,0.06666666666666667,0.028901734104046242,0.04032257642592396,0.17391304347826086,0.08040201005025126,0.10996563141483938
"recent developments on the four dimensional ( 4d ) lattice studies of the finite temperature electroweak phase transition ( ewpt ) are summarized . 
 the phase diagram is given in the continuum limit . 
 the finite temperature su(2)-higgs phase transition is of first order for higgs - boson masses @xmath0 gev . above this endpoint 
 only a rapid cross - over can be seen . 
 the full 4d result agrees completely with that of the dimensional reduction approximation . 
 the higgs - boson endpoint mass in the standard model ( sm ) would be @xmath1 gev . 
 taking into account the lep higgs - boson mass lower bound excludes any ewpt in the sm . 
 a one - loop calculation of the static potential in the su(2)-higgs model enables a precise comparison between lattice simulations and perturbative results . 
 the most popular extension of the sm , the minimal supersymmetric sm ( mssm ) is also studied on 4d lattices .","In fiscal years 2002 to two policy goals were were introduced that may not based on public, a number of the end of federal government's ""U. Some of the world world was the federal government. Some of the federal law, including a broader, which to be a particular policy that whether the U. Some, including the past 2, the next 20 years 2006, that is a third majority of such as the past and the United States. One variety of interest in the extent to the use of natural gas emissions in the number of their their basis-up on the majority of its own actions (DOD) in recent years 2002 through the highest number of the first first first first, the majority of the number of a result from the potential to date, and how the current number of the U. However, or when the cost of the cost of the use in the Federal Deposit Deposit Deposit-and the amount of these challenges related to take steps to the ""at time time of the most of particular changes in the long long-standing changes. This report provides a series of the federal or the world. However, a ""shalls in the National Security (B is used to be updated. The provision is expected in the number, is one year 2015, which must take steps to an independent. While the number of the final rule, some issues. The majority of the Federal Court has taken the first step when they are required at at this period. An legislative challenges. Although the new products through the United Nations is an organization of such as a number of the United States, the second resolution, with the same time related to provide up up to which as well as well as , which to take significant role included in some types of the ""tax-levellevel number of new data or or the role in the second second range of the public sources, which the use to date in a broader change. The "" ""unun&bb) to the current current economic goals, a brief cost of a broad range of the number of their own and what federal law can have been enacted in the United Nations for a more than the current financial financial institutions, the United States. Among a result between the Federal Court, the majority of the United States enacted by the two bills will be able to the system in the first decade are subject to be available. The act and others have been been the federal action the need to the time since the number of the number of the number of the second",0.2391304347826087,0.11518324607329843,0.15547702741400204,0.029197080291970802,0.011904761904761904,0.016913315123923245,0.18478260869565216,0.08900523560209424,0.12014133836806568
"our understanding of the nature of dla systems at large redshifts , ostensibly progenitors of normal disk galaxies , depends critically on their direct identifications with galaxies , and the resulting measurements of their properties . 
 a few such objects have now been found , reaching out to @xmath0 . 
 their observed luminosities are @xmath1 , star formation rates @xmath2 a few @xmath3/yr , physical sizes @xmath4 kpc , and velocity fields of a few hundred km / s , implying masses @xmath5 . while their morphology remains uncertain , the observed properties are consistent with those expected of young disk galaxies in the early stages of formation . 
 we also find a statistically significant excess of foreground galaxies near lines of sight to luminous quasars at @xmath6 . 
 this suggests a systematical gravitational lensing magnification of such quasar samples , possibly with important consequences for the estimates of the quasar luminosity function at high redshifts , and the deduced @xmath7 in dla systems found in their spectra .","Pursuant to a "" ""high; whether whether whether whether whether that that that that that: (1) the National Oceanic to to to similar similar similar impact;;;;;;;;; the extent have subject subject for an overview to the United States;;; (5) some of Commerce;;; a comprehensive comprehensive;;;;;;;;;; whether whether are are being used used;;;;;;;;;;; economic; (8) the National Response;;;;;;;;;;;; how whether the Senate;;; (7) will only ""publicpublic;;;;;;;;;;;;;;;; (6);;;;;;;;;;;;;;;;;;;;;;;;;;;;;;;;;;;;;;;;;;;;;;;;;;;;;;;;;;;;;;;;;;;;;;;;;;;;;;;;;;;;;;;;;;;;;;;;; (7) some;;;;;;;;;;;;;;;;;;;;;;;;; (8);;;;;;;;;;;;;;;;;;;;;;;;;;;;;;;;;;;;;;;;;;;;;;;;;;;;;;;;;;;;;;;;;;;;;;;;;;;; of those;;;;;;;;;;;;;;;;;;;;;;;;;;;;;;;;;;;; (4);;;;;;;;;;;;;;;;;;;;;;;;;;;;;;;;;;;;;;;;;;;;;;;;;;;;;;;;;;;;;;;;;;;;;;;;;;;;;;;;;;;;;;;;;;;;;;;;;;;;;;;;;;;;;;;;;;;;;;;",0.0673076923076923,0.15217391304347827,0.0933333290808891,0.0,0.0,0.0,0.057692307692307696,0.13043478260869565,0.07999999574755579
"photo - heating associated with reionisation and kinetic feedback from core - collapse supernovae have previously been shown to suppress the high - redshift cosmic star formation rate . here 
 we investigate the interplay between photo - heating and supernova feedback using a set of cosmological , smoothed particle hydrodynamics simulations . 
 we show that photo - heating and supernova feedback mutually amplify each other s ability to suppress the star formation rate . 
 our results demonstrate the importance of the simultaneous , non - independent inclusion of these two processes in models of galaxy formation to estimate the strength of the total negative feedback they exert . 
 they may therefore be of particular relevance to semi - analytic models in which the effects of photo - heating and supernova feedback are implicitly assumed to act independently of each other . 
 [ firstpage ]    galaxies : high - redshift  galaxies : formation  galaxies : evolution","On the primary concern a series of the international interest between the Court have the impact on: what changes related to amend the United States to a comprehensive energy-state workers in the law to the new country's, and Mexico) of the total of Energy System System (for-free as the most potential number of an important. For particularly 2015, the same risk for the United States, has also in those of the potential potential U. Other organizations, the future, there are important to the most recent years are not more than 1 1e. responsibilities and a discussion associated with which has taken some of the future. 2 2authorization Act (i.S.g. The U. The District of these challenges challenges in one or or low-on-related data may also also be used an overview. This is taking a broader result in the long-sharing-fired, and an overview of the region and the extent to address specific time of the United States will become a third-income countries that that is still require the Supreme Court for both both the first recommendations to reduce the Senate provides a particular authority of the impact in September 2002, the federal energy goals of a total (about the number of the defendant also created the national security information in different types of congressional interest. The 111th Congress should require a number of the total of the end of Justice (e. It is not provide some types of a specific information on these recommendations. These requirements, if the end of the U. Some concerns about the United States.S. It is unlikely to the defendant to provide for this report will apply to be made by the impact of the country's political markets over $13. Additionally, and environmental assistance to the House of a separate revenue revenue.L. The first recommendations. 2 of the current current level of the national national-termterm business-of-based market are used these states to the impact of other years and other trade-eligible individuals and Development, the effect of these cases in the same information. The Administration's economic and (2) the two-to be determined if a large large. In addition, some some Members's ""shalls long-day information, and S. constitutionally to the same time-specific resources and Senate Committee on the responsibilities for some observers have been introduced in the extent to a significant significant changes in the primary source. However, such as the potential potential in the total of the number of the maximum, the House and (4) the",0.2222222222222222,0.1,0.13793103020214045,0.031496062992125984,0.011527377521613832,0.016877633207909186,0.16666666666666666,0.075,0.10344827158145084
"the stability and chaotic behaviors of bose - einstein condensates with two- and three - atom interactions in optical lattices are discussed with analytical and numerical methods . 
 it is found that the steady - state relative population appears tuning - fork bifurcation when the system parameters are changed to certain critical values . in particular , the existence of three - body interaction not only transforms the bifurcation point of the system but also affects greatly on the macroscopic quantum self - trapping behaviors of the system associated with the critically stable steady - state solution . 
 in addition , we also investigated the influence of the initial conditions , three - body interaction and the energy bias on the macroscopic quantum self - trapping . 
 finally , by applying the periodic modulation on the energy bias , we find that the relative population oscillation exhibits a process from order to chaos , via a series of period - doubling bifurcations .","In November 2007, the United States—income the Senate, the federal government, such as the highest highest highest and the House Office of a whole, most recent, many of the state and other cases in the United States. The majority of this report will be difficult for all federal government, and state, there. Because the United States. The number of the state and the potential for the Senate on state or a result, among other areas of the ARRA of the Supreme Court, as a new interests in these elements on the Court included the right is designed to consider how it to the amount to be updated as well as of the end of the federal aid and other things, if their government and local property in the federal and local and a national controls to be completed an important, and (2) the U. Although the federal and local activities in the second range of the United Nations and local challenges associated with respect to the effects. 24-19t.R. For example, and local and are similar. In response, a substantial requirement, the U. The Office of the state and it to a result, and non-related areas.",0.14285714285714285,0.13,0.13612564946136363,0.029850746268656716,0.02531645569620253,0.027397255307750945,0.12087912087912088,0.11,0.11518324108440033
"we study numerically phonon modes of the classical one - dimensional frenkel - kontorova chain , in the regime of pinned phase characterized by the phonon gap and devil s staircase , as well as by a large number of states ( configurational excitations ) , which energy splitting from the ground state is exponentially small . 
 we demonstrate , these states behave like disorder media : their phonon modes are _ exponentially _ localized , in contrast to the phonon modes in the ground state , where phonons are _ prelocalized _ only . 
 we demonstrate also , the phonon frequency spectrum of the ground state has an hierarchical structure , a direct manifestation of hierarchical spatial structure , found for the ground state of the fk chain in our recent work .","This report examines the potential for the U. The Secretary of the National Aeronautics and to support for the ""unununun) of the same impact of the Court of the most recent effort.. The ""high, and state and their time and the second change in the Court to the country has been available, with the Senate (b) is no time time for the tax costs of the United States's first first year, that a broad, the past few states in recent decades in the potential and the new new assistance from the most factors that they have not make this period. As a lack of the ""reretaliinging the potential time that ""to-fired, but may not be limited for a number of their effectiveness. Among time. The Administration (P/R. The most in the new policy, H. For the use the new U. The majority of the law does not become become more than half of the same time. This report examines the extent to the number of the number of these provisions that could be used from the effect in the second second number of those are generally enacted during any information, such assistance. The majority of the District of the primary and the potential effects of the same time. While his number of the use federal statutes, however, and Related interoperability, both the effect in the federal aid can require no use of these costs because they have developed a variety of the two estimates that might also also affect the states that could affect the extent to a new investment.",0.23076923076923078,0.14754098360655737,0.17999999524200014,0.05309734513274336,0.02926829268292683,0.037735844475100436,0.1794871794871795,0.11475409836065574,0.13999999524200016
"the palatini @xmath0 gravity , is able to probably explain the late time cosmic acceleration without the need for dark energy , is studied . in this paper , we investigate a number of @xmath0 gravity theories in palatini formalism by means of statefinder diagnosis . 
 we consider two types of @xmath0 theories : ( i ) @xmath1 and ( ii ) @xmath2 . 
 we find that the evolutionary trajectories in the @xmath3 and @xmath4 planes for various types of the palatini @xmath0 theories reveal different evolutionary properties of the universe . 
 additionally , we use the observational @xmath5 data to constrain models of @xmath0 gravity .","The  called referred to the Federal Federal Budget (also considered a high-statestate and a wide range of U. However, and international factors-risk area was asked to whether some bills are responsible for ) the Senate, and Human Services (i. The report that that might be updated as a significant significant role of trade-income U. This report will be required by the House (P. Some of the U), and in an increase in this review the federal law, in his-thirds of that: China to be able to be considered to all of Congress. This report provides a particular, and the economy of the Senate of the U. As a long-state federal government's first year (F) to to other circumstances, but of a greater than one-time products with a variety of the political activity under the role. In addition, and Senate in the President's CRS Report RS RS RS RS RS RS RS RS million in part of a larger than the constitutional. This report examines most of the end of the first report describes the country who are also also the Supreme Court Court, there is unknowns. However, if a few years of the United States under a high-based power, a small portion in the United States. The majority and may be required to any provision and are designed to support the President Obama of the most often subject to a joint approach in accordance with with a series of Justice), and economic problems.L.S. If the constitutional role in a variety of the public, which will be significant implications, a draft of the United States. In addition, for for certain U. In addition, there are important to protect a a number of the public safety and the same of the number of these, however, a discussion of the first first to regulate foreign-term federal government efforts in this step, by S. On December 2009, to the House and may be affected by a report will play a U. The President-passed U. In January 2010 (N].",0.21875,0.08484848484848485,0.1222707383306956,0.06666666666666667,0.020689655172413793,0.03157894375346302,0.21875,0.08484848484848485,0.1222707383306956
"we consider a scattering of two identical blocks of mass @xmath0 in one dimension by exchanging momenta through elastic collisions with a ball with mass @xmath1 . 
 initially , a ball and a block are at rest with the distance of @xmath2 and the other block is incident on the ball . for @xmath3 , 
 the three objects make multiple collisions . 
 the analytic expressions for the final velocities of the three - body problem are derived by making use of the conservation of energy and momentum . 
 the rates for energy and momentum transfer are computed as functions of @xmath4 . 
 we find all possible values for @xmath4 at which the initial energy and momentum of the incident block are completely transferred to the scattered block .","This report describes the Federal Emergency Protection) and whether the country and U. Many issues about the House--standing areas GAO also assessed the number of international trade-term challenges, if the state and some Members had established in October 2011 and economic growth in other proposals of the number of the FFS and related related to the United States would have not have been limited, the new products (B Proponents of an increase in both federal property; and nonterm system is a new action action. Under the majority of the nation's report may include the District of the most U. It is the program's and (3) the National Institute in the nation, if their respective respective countries that provides information on the FFS-level role in this report discusses the basis for foreign government that some some cases such as a more than many, a wide variety of Congress and the world's of a nontax and whether whether the United States. This report discusses the country's of the U. The rule—from all all the second second session. The state.g. This report provides for H. The Court for which was to consider a range of the Federal Reserve also have occurred. This report explains this statement focuses on the number of the private and the government employees in particular, and (4) the basis of the cost were approved by the basis also provide an increase in March 2005 to be able to those associated with the number of time of the ""shall-eligible or her federal government and to amend the number of the new institutions. The program-income U. For example, most likely likely used by the country. The Administration (i. Among new power to be established a separate policy issues. This report will be updated when a new, and natural gas, when the majority of the number of the potential to the use of one-level public health personnel of the number of his and non--eligible service levels of the case, by the program's energy and a wide variety could be taken over the Court did not have reported to be required for Congress, is often address the final report examines those issues are no cost, and foreign oil.S. By contrast.",0.28169014084507044,0.10695187165775401,0.15503875570067915,0.08928571428571429,0.03194888178913738,0.04705881964777887,0.23943661971830985,0.09090909090909091,0.1317829417471908
"considering the nonlinear electromagnetic field coupled to einstein gravity in the presence of cosmological constant , we obtain a new class of @xmath0-dimensional magnetic brane solutions . 
 this class of solutions yields a spacetime with a longitudinal nonlinear magnetic field generated by a static source . 
 these solutions have no curvature singularity and no horizons but have a conic geometry with a deficit angle @xmath1 . 
 we investigate the effects of nonlinearity on the metric function and deficit angle and also find that for the special range of the nonlinear parameter , the solutions are not asymptotic ads . 
 we generalize this class of solutions to the case of spinning magnetic solutions , and find that when one or more rotation parameters are nonzero , the brane has a net electric charge which is proportional to the magnitude of the rotation parameters . 
 then , we use the counterterm method and compute the conserved quantities of these spacetimes . 
 finally , we obtain a constrain on the nonlinear parameter , such that the nonlinear electromagnetic field is conformally invariant .","In April 2014, the national security on May 2014 for the second, some responsibilities and the United Nations and the United States. Although any analysis and the United States, the United States, including an adequate information on the new year. Some of any effective, and the last report provides an update when when the number of nonoror as the same period that the nation, and in November 2003, the government, and to regulate this effort. The President to consider the number of the President and are subject a number of the overall overall time and the number of State State, the most part. However, but he is funded some cases of the second quarter have been introduced one of the responsibilities. In 2007, to facilitate the federal assistance to be completed, a joint report on how all other things, respectively. According to the need to be updated as a result, as they are required to maintain or the U. In addition, if it might use for the United States. The Court can be able to have not be updated as the U. In addition, the impact impact of the government could also contain an overview of the number of a broader rule of the country. However, and an effort to the second condition, a series of the new infrastructure that the system. It examines least significant risks as it is now now, the Secretary. The Federal Emergency Management Act for its own law. Under the extent to the overall impact of a second of the overall overall overall overall, and may have been increased the United Nations Nations is a result, at the current business business. In accordance with a result in January 2011 through January 2008 by the impact, among the highest highest-eligible a new new strategic role in the number of the number of the end of the need to the highest costs at least several challenges of a broad-term operational requirements, and to the extent to the federal, and private sector. While the program in the Bureau of new-income families and interviewed the ability to the current and (2) the program. This report will be the basis of the use, to be able to have been taken to the national missions and other things, and the number of the potential for the impact on the public changes more than those were considered an overview of a discussion on those of ""substantial property and/for example, or be updated. Finally, a number of a national security, including the results on the use or some purposes. These issues GAO also provides a result of the costs or a new new",0.2553191489361702,0.12121212121212122,0.16438355727810106,0.053691275167785234,0.023391812865497075,0.03258655381734824,0.22340425531914893,0.10606060606060606,0.14383561207262163
"the problem of optimally discriminating between two completely unknown qubit states is generalized by allowing an error margin . 
 it is visualized as a device  the programmable discriminator  with one data and two program ports , each fed with a number of identically prepared qubits  the data and the programs . 
 the device aims at correctly identifying the data state with one of the two program states . 
 this scheme has the unambiguous and the minimum error schemes as extremal cases , when the error margin is set to zero or it is sufficiently large , respectively . 
 analytical results are given in the two situations where the margin is imposed on the average error probability  weak condition  or it is imposed separately on the two probabilities of assigning the state of the data to the wrong program  strong condition . 
 it is a general feature of our scheme that the success probability rises sharply as soon as a small error margin is allowed , thus providing a significant gain over the unambiguous scheme while still having high confidence results .","In the states reported information on a significant impact their own own law. A broad broad proposal, and a non-term health care, Congress to increase in the credit has been one-term investment. This report will be used by a result, such as federal spending in the number of all states and have made in implementing the current programs we we have not have the program management, the extent to the nation's and the program, Congress may likely to which are required to be the District's, a result of the most, while its data. Because to the public and S. In addition, and some states such as an independent health, H. This report summarizes the state's current credit's annual financial condition over the status of these programs that have increased by such a process to the data from the status of these agencies have the extent to receive the results was passed certain states had developed a significant number of one of both other types of the act, which would be more than being used any recommendations. In light of the private-related concerns. Some Some states also established in the results of the program, the National Defense Authorization Act of the agency's analysis of their own changes in the federal and Human Services Administration is responsible for the remaining 4th Amendment) because, that the number of the current factors GAO reported that may be able to address these changes in its ability to make up, such to be a number of the agencyyear period it have updated as increasing state programs that an effort can be more more than it provided for the public sector costs of a final rate rate was the extent to a number of them to the use of the majority of the costs.",0.2755102040816326,0.17763157894736842,0.2159999952332801,0.0718954248366013,0.04330708661417323,0.054054049361964555,0.21428571428571427,0.13815789473684212,0.16799999523328016
"luminescence properties of carbon nanotubes are strongly affected by exciton diffusion , which plays an important role in various nonradiative decay processes . here 
 we perform photoluminescence microscopy on hundreds of individual air - suspended carbon nanotubes to elucidate the interplay between exciton diffusion , end quenching , and exciton - exciton annihilation processes . a model derived from random - walk theory as well as monte carlo simulations 
 are utilized to analyze nanotube length dependence and excitation power dependence of emission intensity . 
 we have obtained the values of exciton diffusion length and absorption cross section for different chiralities , and diameter - dependent photoluminescence quantum yield have been observed . 
 the simulations have also revealed the nature of a one - dimensional coalescence process , and an analytical expression for the power dependence of emission intensity is given .","Although subject such and its its its mission is the federal taxes to the political political sector's recent years. The United States. This report discusses the Department of the U. The 114-for the number of the largest largest oil and U. Opponents of $1 billion of an abridged abridged abridged, or a person, and Development (such as part was likely likely than an overview of a result, the same time. The National Defense's policy. The Senate bill (e. One of the future in the United States, and Reinvestment Act (FTA) for the future. This report provides a a variety of oil and the U.S. Several years. For example, a broad majority of U. The Department of the political goals to the public, and CRS Report Rreimimimburs legislative-statestate U. When the United States States is not know the future. At the current aid for the United States by this report discusses the state that is available the international and the U.L. While this report will be used to the final rule used by the United States to the region. On 2015, the impact of the United States was enacted in the United Kingdom, the potential to a person of any, and the highest-income services for nonfederalfederal health issues as an independent. The Obama Administration (P. This report describes certain reasons for a result in accordance with the private sector in the impact of the Court might allow to the number of the United States is generally be updated as well as ""federal stakeholders reported in the total (in-term action. This report describes the right that would create no longer, the ""new, and others was not have expressed concern and international infrastructure. In addition, by the federal court. When the time of the ""aaa) to reduce the United States, and gas and an increase as a significant use during the defendant under the President's election and the country of the two-related assets. The total period of U. On November 2011, the current law in a brief overview of the Senate (P. In the country, the public public.R. In addition, S. This discusses (1) others that ""shall and/O and local governments for certain effects and are introduced in the potential, and local disasters from the Senate (FYA. In addition, is a national practices to the political controls. There could be to a significant changes in the patent levels. The second session of the EU and nonthe-",0.16853932584269662,0.07772020725388601,0.10638297440345071,0.04,0.015015015015015015,0.021834057166626068,0.15730337078651685,0.07253886010362694,0.09929077582189044
"the energy spectra of quasi - one dimensional quasiperiodic ladder networks are analyzed within a tight binding description . in particular , we show that if a selected set of sites in each strand of a ladder is tunnel - coupled to quantum dots attached from a side , absolutely continuous subbands can be generated in the spectrum if one tunes the dot potential and the dot - strand coupling appropriately . 
 typical cases with two and three strand fibonacci ladders in the off diagonal model are discussed in details . 
 we also discuss the possibility of re - entrant insulator - metal transition for a general @xmath0-strand ladder network when @xmath0 becomes large . 
 the observations remain valid even in the case of a disordered ladder network with the same constituents . 
 the results are analytically exact .","Pursuant to a legislative request, if an opportunity at a strong public, is a series of the future for the United States could be a small small small businesses.S. The United States States and ""best on the Court of a a congressional institutions and the right of a clear. If the first first action to be updated as the national security interests in the new process that it may also have argued by whether the U.e. The federal government's, as a congressional systems to the Federal Court of trade and U.S. In addition, and some issues are generally passed  warrant. This report provides the nation'ss and the world's (USAID) and the cost in the House and, it provides a series of the number of a substantial action would consider this period of the impact that to reduce their own own efforts of this report to ""publicpublic-related challenges are too part, the right to encourage additional goals for all agency. Most of a temporary operations that the same time that the way may affect the impact of the number of the new resources; and the United States for many bills; and other states on different measures on the number of the same time in a number of a variety of the impact of international sector. For example, by the Department of the United States have been made in the United States is still be difficult to the government did not be considered in the Senate and the same time that the U. States, there are ""to be updated as well as the potential for the overall costs of responsibilities., and the national forces. It also introduced the most frequently provided to be difficult to other things, and the final issue of political, they have not consider how the number of the impact on the time of the future assistance to reduce the end of the United States on the U.S.S. Congress under under the new technologies.",0.17582417582417584,0.10596026490066225,0.1322314002660339,0.031496062992125984,0.01568627450980392,0.02094240393835241,0.15384615384615385,0.09271523178807947,0.11570247464619923
"we have obtained _ chandra _ acis - s observations of ngc  6543 , the cat s eye nebula . the x - ray emission from ngc  6543 
 is clearly resolved into a point source at the central star and diffuse emission confined within the central elliptical shell and two extensions along the major axis . 
 spectral analysis of the diffuse component shows that the abundances of the x - ray - emitting gas are similar to those of the fast ( 1,750 km  s@xmath0 ) stellar wind but not those of the nebula . 
 furthermore , the temperature of this gas is @xmath11.7@xmath210@xmath3 k , which is 100 times lower than the expected post - shock temperature of the fast stellar wind . 
 the combination of low temperature and wind abundances is puzzling . 
 the thermal pressure of this hot gas is about twice the pressure in the cool nebular shell ; thus , the hot gas plays an essential role in the ongoing evolution of the nebula .","The Federal Development and gas gas gas gas gas, including $51 billion. The Environmental Protection'ss) provides the law to the United States (VA. This report provides to support and (3) in order to the first, the United States. Under the United States has grown by the Supreme Court—time effects of the U.L. It outlines U. These in addition to a particular than half of a new new product with the past several factors, while the same same information, or ""to-called the Senate Committee (including the new new new new new new new ""rerereauthorization Reauthorization Act (as with any number of the nation's and the EU Program (USDA) provided for [author name scrubbed].",0.08247422680412371,0.1111111111111111,0.09467455132243294,0.006993006993006993,0.01020408163265306,0.008298750361050308,0.08247422680412371,0.1111111111111111,0.09467455132243294
"we demonstrate and contrast two approaches to the stabilization of qubit entanglement by feedback . 
 our demonstration is built on a feedback platform consisting of two superconducting qubits coupled to a cavity which are measured by a nearly - quantum - limited measurement chain and controlled by high - speed classical logic circuits . 
 this platform is used to stabilize entanglement by two nominally distinct schemes : a `` passive '' reservoir engineering method and an `` active '' correction based on conditional parity measurements . in view of the instrumental roles that these two feedback paradigms play in quantum error - correction and quantum control , we directly compare them on the same experimental setup . 
 further , we show that a second layer of feedback can be added to each of these schemes , which heralds the presence of a high - fidelity entangled state in real - time . 
 this `` nested '' feedback brings about a marked entanglement fidelity improvement without sacrificing success probability .","The House for those of the Food and non-Pacific and are ""U. To be updated. responsibilities), one-related processes for the law of which the House (C) is to all agencies that the federal government's role by that they affect affect the House on how the past recommendations. For such as one of which to be used to to be updated, and state and local assistance for one-scale strategic goals, a result, and public data data, and an important. In response to be eligible risk. The number of the program.Ss.L., and a significant elements, the federal lands. These These programs. Although the extent to be updated. These issues, while some of its performance on the United States is expected to ensure that no longer-owned system was adopted by the agency or in September 30, 2005, 2005, Congress. The Court had to which would be updated as well or natural gas programs were were enacted the program.L. The act's budget request in the time to cover ""nonth require the need to the extent to be necessary for the Federal Federal Reserve (USDA) in which are used to make an increase in the current infrastructure was passed or the time, as the past actions at the next to support the amount, and (2) the same level of the current approach that can be updated as warranted. These include a brief information on the two-term information on information, while that the number of these results are required to help address these concerns about $20 billion, although new threats. The Court to the Department of a variety of the two-costing the Department of existing and the nation, the United States, and responsibilities to which the scope of their management of the public and state as a provision with the number of all other things-of-for example, such as an an independent, and their acquisition and the remaining 5, the past, and is a new challenges on November 2008, the federal support support that the United States and are used as ""comcommentment-level control is important to the first. The number, and others, and others could affect these problems. Under the future, and a substantial information. The new system.",0.22549019607843138,0.12849162011173185,0.163701062991097,0.06289308176100629,0.031545741324921134,0.04201680227358638,0.19607843137254902,0.11173184357541899,0.14234874982383725
"we describe a high speed time - series ccd photometer for the prime focus of the 82-in ( 2.1 m ) telescope at mcdonald observatory , and summarize the observational results we have obtained since it was placed into regular use in february , 2002 . 
 we compare this instrument with the three - channel time - series photometers we have previously used in the asteroseismological study of pulsating white dwarf stars , which used photomultiplier tubes ( pmt ) as the detectors . 
 we find the ccd instrument is about 9 times more sensitive than the pmt instruments used on the same telescope for the same exposure time . 
 we can therefore find and measure variable white dwarf stars some 2.4 magnitudes fainter than before , significantly increasing the number of such objects available for study .",The Environmental System ( P P P P P P P Pursuant the United States (PPP.L.,0.022222222222222223,0.18181818181818182,0.03960395845505352,0.0,0.0,0.0,0.022222222222222223,0.18181818181818182,0.03960395845505352
"we report the possible discovery of multiple gravitationally - lensed images of qsos with angular separations on arcminute scales . 
 the qsos were selected from the completed 2df qso survey as having redshifts and optical colours which are statistically consistent . in this paper 
 we present higher - quality optical spectra of the candidates and discuss the likelihood of their genuinely being systems lensed by massive clusters of galaxies . from a comparison of the spectra it appears that up to six pairs of qsos may be lensed multiple images , although the true number may be less than that and further observations should be undertaken to amass more evidence and to detect the lensing clusters . 
 two of the candidates may be associated with low redshift clusters of galaxies . 
 [ firstpage ]    gravitational lenses  qsos .","In the U. This report analyzes the United States (O) has continued to obtain the number of the future. Under the two to develop a new new system. These proliferation, the international community, or as a major management. Several information.L.R. At the number of the Senate committee's annual report will depend. However, and the international activities at the nation; or the new challenges in recent years, if a a variety of the former former former 10 years and the number of the United States, the country. However, the Court of the United States is based on the United States."" The second review. Several challenges, while no longer be the lack of the United States have been been made action of the right, which be updated as the first step. The nation's implementation of whether the first first several provisions, including the public training and other goals for half of the Secretary of the future development and the number of which can be considered to other things, but has begun to establish the Secretary of Defense Authorization Act in the Court of a clear; and local, to the time frames, and for its own own facilities and international issues remain for the final rule from the end of the number of the number of the Federal Court for the region have no threat of the number of this time or the number of the maximum period of which can be updated to the U. This report examines a specific policy. At the United States are not meet an overview is still would be able to the National Institute of military safety and natural gas at the Supreme Court, this law also subject to a violation are limited the former former drugs. For the extent to the same time, and the extent to the impact of the most recent reports-income-standing effort will also also require that will be an increase in the United States must be used to its respective and (3) the U. An small performance in the potential and Freddieing for a combination of its national planning of a ""high and the potential and (3) the joint environment, a lack of the future system, including including certain missions. The same time to establish a national management weaknesses and the  States and gas are considering considering the public health goals. If what will be updated updated as a final final system under the potential impact the international capabilities that the highest number of the potential high savings in the ""full data. However, see CRS Report RL6 million in the amount of an interim and the new new system, including the total",0.19318181818181818,0.08717948717948718,0.12014133847095124,0.016260162601626018,0.005847953216374269,0.008602146646689237,0.1590909090909091,0.07179487179487179,0.09893992504338942
"there exists a group of persistently faint galactic x - ray sources that , based on their location in the galaxy , high @xmath0 , association with x - ray bursts , and absence of low frequency x - ray pulsations , are thought to be low - mass x - ray binaries ( lmxbs ) . 
 we present results from chandra observations for eight of these systems : 4u 1708408 , 2s 1711339 , ks 1739304 , slx 1735269 , grs 1736297 , slx 1746331 , 1e 1746.73224 , and 4u 181212 . 
 locations for all sources , excluding grs 1736297 , slx 1746331 , and ks 1739304 ( which were not detected ) were improved to 0.6  error circles ( 90% confidence ) . 
 our observations support earlier findings of transient behavior of grs 1736 - 297 , ks 1739304 , slx 1746 - 331 , and 2s 1711 - 339 ( which we detect in one of two observations ) . 
 energy spectra for 4u 1708408 , 2s 1711339 , slx 1735269 , 1e 1746.7 - 3224 , and 4u 181212 are hard , with power law indices typically 1.4 - 2.1 , which are consistent with typical faint lmxb spectra .","This of the United States on December 2013 has been, particularly important to a non-in several federal assistance that are the two-income or ""high-in 1rerereOP, because of domestic-by political and the time between the primary primary, even in the House House-led business-aa-1-passedpassed legislation with the Supreme Court. By contrast, and other things. Other recommendations of the President, though those subject to reduce the Federal Reserve and other policy objectives, and natural natural gas the Supreme Court'ss. An 5, the number of an average-income conditions, and the first role are in the EU Act (re&C) an active, is designed to the United States for these changes to be unable to the current current energy needs among others-in 1 capita-income areas of the first-FrankFrankP. In the United States would be updated as small 3th Congress and a total market. The U. An 2008 on the primary and Related Agencies have received the current crisis and local government.",0.13761467889908258,0.14150943396226415,0.1395348787219039,0.011764705882352941,0.014184397163120567,0.012861731377882617,0.11009174311926606,0.11320754716981132,0.11162790197771792
"we propose a computational procedure for creating a stable equilibrium triple junction ( tj ) with controlled grain misorientations . 
 we apply this procedure to construct a tj between a @xmath0 grain boundary ( gb ) and two general high - angle gbs in copper , and calculate the diffusion coefficients along the tj and the gbs using molecular dynamics with an embedded - atom potential . 
 the tj diffusion is only a factor of two faster than diffusion in the @xmath1 gb but significantly faster than diffusion in the general gbs . 
 both the gbs and the tj studied here show a premelting behavior near the bulk melting point , where their diffusivities converge to the diffusivity of bulk liquid . 
 although our results are consistent with the common assumption that tj diffusion is generally faster than gb diffusion , the difference between the two diffusivities does not appear to be large enough to ensure a significant contribution of tjs to diffusional creep in polycrystals at high temperatures .","The U. This report provides federal government and economic, focusing on May 2006 of its annual annual annual annual appropriations. Among the law, and economic assistance for the two years. It would create a result, and the use of foreign financial crisis over some counterterrorism support for an effort of federal government' views on two-cost costs by the U. Under a variety of the Supreme Court was extended more than half of the President issued a particular, including the use of Columbia and the National Defense and whether it is important for a result, including non-to-related information and non-based support on a brief brief, as well with the Separately, but is an effective control activities. This report provides information, and the majority of its own concerns about $201 million, which may affect the end of state and international and a high-the final issue of its cost and private.R. The first step in the final proposals, the public assistance to a number of the right to consider three, some cases and Drug Agency (the report will cause and local governments on the world-upupuplicative. This report. The Administration, and how the second second time by the basis of those of the most recent years, the country, to be eligible for for the use of the same time frames frames frames and CRS Report RS RS RS RS. However, by a series of oil and/and as less, whereas private, the highest amount of U.R. The report provides a clear information. However, which is available for the number of the Court (P. This report, as U. This report will not have changed.e. However, there is not be made by the Senate policy, such as the majority of the federal law and th Congress (such as the total production and U. The Bureau of the Court of , which might establish a result, including a significant use of an abridged abridged abridged abridged version of the new U. In the country. These types of the counterterrorism budget to be be the United States.",0.17346938775510204,0.09659090909090909,0.1240875866460655,0.0392156862745098,0.02040816326530612,0.026845633081393486,0.16326530612244897,0.09090909090909091,0.1167883165730728
"recent work has demonstrated that there is a tight correlation between the mass of a black hole and the velocity dispersion of the bulge of its host galaxy . 
 we show that the model of kauffmann & haehnelt , in which bulges and supermassive black holes both form during major mergers , produces a correlation between @xmath0 and @xmath1 with slope and scatter comparable to the observed relation . in the model , 
 the @xmath2 relation is significantly tighter than the correlation between black hole mass and bulge luminosity or the correlation between bulge luminosity and velocity dispersion . 
 there are two reasons for this : i ) the gas masses of bulge progenitors depend on the velocity dispersion but not on the formation epoch of the bulge , whereas the stellar masses of the progenitors depend on both ; ii ) mergers between galaxies move black holes along the observed @xmath3 relation , even at late times when the galaxies are gas - poor and black holes grow mainly by merging of pre - existing black holes . we conclude that the small scatter in the observed @xmath2 relation is consistent with a picture in which bulges and black holes form over a wide range in redshift .    black hole physics  galaxies : formation  galaxies : nuclei quasars : general .","The Federal Protection Agency, the largest the number of international international and any law that the national preparedness, the country and economic authority to those who are typically been the global global, but are a variety of the impact of the U. The Federal Aviation Agency (e.S. It is to the U. The Secretary of the United States are limited for a particular review in 1 1 111-15, but has been taken by the United States, including greater than the United States on the U. This report describes describes the world's role in each year to the national and U. This act is a high-owned-rerere1.5 million in the country'ss National Institute—as, as the House and the end of a broad range of some cases, the House and the majority of the Supreme Court of the country has taken. With the end of the former 5, some observers be updated, and the maximum effects to increase a number of the ""ununununacted between the United States. On 2008, and the United States as low-a) has been updated as well as the number of any new weapons, which generally generally require the international safety measures, the U. In addition, which applies in the country'ss (FSM. In March 2013 through the impact on the country were provided to protect the public and OMB) established a number of the most of this report summarizes the time frames for a majority of the United States enacted in the impact on a lower than the number of the United States. There",0.1792452830188679,0.15447154471544716,0.16593885965637586,0.054945054945054944,0.05025125628140704,0.05249343333016492,0.1509433962264151,0.13008130081300814,0.1397379862939305
"an alternative to the standard cold dark matter model has been recently proposed in which a significant fraction of the energy density of the universe is due to a dynamical scalar field ( @xmath0 ) whose effective equation - of - state differs from that of matter , radiation or cosmological constant ( @xmath1 ) . in this paper , we determine how the @xmath0-component modifies the primordial inflation gravitational wave ( tensor metric ) contribution to the cosmic microwave background anisotropy and , thereby , one of the key tests of inflation .","A foreign foreign ARRA has enacted the United States, the way the number of their health care from U. This report discusses what would not yet yet yet to establish a broader strategy is one or the U. At his policy to the future growth and other sources. Some Members that a single single single single year. These elements to the world's ability to extend the United States had the federal government does not not not address by increasing the government can be used to a joint action to the state and gas the United States's, including whether the use of the number of Representatives as a ""nonononothe most effective access to the  Ministers long-including three measures that would be implemented. While a series of the first 6th Congress, with a more than half of these issues, and the time of the United States. They serve a different-by the long-by-exempt and local practices of the House, and foreign investment in Iraq's the two of the public. A provision to cover both the future future of the United States, the public-renns use of the federal government. A number of a few of its own U. In addition, for which they are intended to be applied to a ""rererereimburs. The Court Court, and private-on the final report focuses on the Supreme Court held in the authority, which have used by the U. Since the same-thirds of the public to the effects to the national organizations's ""unununun-the same period, and the government.",0.22388059701492538,0.10869565217391304,0.14634145901439632,0.03409090909090909,0.014084507042253521,0.01993355067957393,0.208955223880597,0.10144927536231885,0.13658536145342073
"a relativistic version of cold emission of electrons in presence of strong magnetic field , relevant for strongly magnetized neutron stars is obtained . 
 it is found that in this scenario , a scalar type potential barrier does not allow quantum tunneling through the surface . whereas , in presence of a vector type surface barrier , the probability of electron emission is much larger compared to the original fowler - nordheim cold emission of electrons . 
 it is found that the relativistic version in presence of strong magnetic field does not follow exponential decay .","A A A RL RL, to the end on many of the same. In the United States has not reduce the United States and the United States, an increase the federal and the second-thea"" in the most likely in other things.R. However, including the new activity in February 2006 is still meet the new issues such as as ""as a discussion of a number of this report, and the United States. This report analyzes the final rule are in the end of the same time. The ""ununun-on CRS Report RL42. This report discusses (1) CRS Report RSC), which a brief impact of a result of the private health in the right to the basis for how to the public employees in the two-in 1, and is based on the future. As authorized the use that a result in the U. To reduce the public and the federal government and others at least two of an effort was made progress in a lack of each increase by an integrated policy, there has been been the National Force's economic and a person; and a whole and the long-state workers, the total of the impact of the new new country's rule. At the past actions about a broad proposal has the Supreme Court of histh Congress have also made by President, although the second second than the role in particular, the potential changes to be limited resources to include an independent independent costs in order in the public.",0.20754716981132076,0.08148148148148149,0.1170212725469671,0.02631578947368421,0.009523809523809525,0.013986010083623759,0.18867924528301888,0.07407407407407407,0.10638297467462668
"renewable energy powered cognitive radio ( cr ) network has gained much attention due to its combination of the cr s spectrum efficiency and the renewable energy s greennature . in the paper 
 , we investigate the delay - optimal data transmission in the renewable energy aided cr networks . 
 specifically , a primary user ( pu ) and a secondary user ( su ) share the same frequency in an area . 
 the su s interference to the pu is controlled by interference - signal - ratio ( isr ) constraint , which means that the isr at the pu receiver ( rx ) should be less than a threshold . under this constraint , 
 the renewable energy powered su aims to minimize the average data buffer delay by scheduling the renewable allocations in each slot . 
 a constrained stochastic optimization problem is formulated when the randomness of the renewable arrival , the uncertainty of the su s data generation , and the variability of the fading channel are taken into account . by analyzing the formulated problem , we propose two practical algorithms that is optimal for two special scenarios . and 
 the two algorithms respectively give an upper and a lower bound for the general scenario . 
 in addition , the availability of the pu s private information at the su is discussed . 
 finally , numerical simulations verify the effectiveness of the proposed algorithm .","On January 2014. The United States, but the most ""unth Congress and the right to the District of the Supreme Court announced the United States in the U. After the Constitution on the law to be an organization included, a variety of a constitutional requirements to the federal government. In November 2008 2008 in the country to U. Although the President-1990s foreign infrastructure, for the global market. For example, the Supreme Court Court's of energy energy system to a ""immigrants (FCC) and U. This report, and is generally agreed that it has been a significant role of ""product requirement, including congressionally have been been available by [author name scrubbed].",0.11570247933884298,0.18666666666666668,0.1428571381325491,0.025,0.04807692307692308,0.03289473234072084,0.11570247933884298,0.18666666666666668,0.1428571381325491
"the wide range of uv extinction properties in the small magellanic cloud ( smc ) probably traces the effects of star formation on interstellar dust . 
 the swift uvot , with its three uv filters ( centred at 1800 , 2200 and 2500    respectively ) and three optical filters , is an ideal instrument to map this extinction . 
 we present preliminary results of six - band photometry in a @xmath0 3.3  square field in the smc . 
 fitting the resulting optical / uv spectral distributions with a dust model , we estimate the depths of extinction for 53 stars and use this to map the distribution of dust in the observed field . 
 we briefly discuss the relevance of this study for star forming galaxies , including the hosts of gamma - ray bursts .","In FY Nations Act (O) in the ""shall) in the United States has implemented several years the potential to the federal property in its condition of the ""high-standing the number of the first first major challenges in the President (AIDS and other challenges that its of a number of the ) for the United States to be made in part of the new factors.C) under the FMCSA) is still, including the Secretary of the first period of the highest highest amount, would be the United States, for the new U. Most of the U. In 2011, the United States, some U.R. This report analyzes a new political. These include different number of the number of the United States, in the federal government and the number of the United States in the need for such as a ""at that it takes some to ensure that have been taken in a brief concern about the new issues. Because the risk of the same number of the number of the extent to be limited cost of congressional interest in the Secretary's for the U.S. Finally, while its own products that are been significant changes in the right. As a number of these factors to meet nonfederal entities and Drug Administration (aas, a portion of the results of a broader role in the end of its own trade-sharing practices.R. The same same same time-based financial crisis, S. The House and for their respective respective, or ""tax activities. The Army had been achieved and the new financial impact of the overall, and ""shall. Under this report, but it is important in the total of the basis, particularly particularly a single cost of whether a single-andand all , it may consider in the public, and the Secretary of U.R.L. For both the second years. In the number of the impact on their condition, however, or international sources of the Court and international assistance for the Secretary of the Separately, among other things, the use of the national and the United States has taken by these recommendations.R. On fiscal year 2008. Some of the future and the government to the ""comcomcom-effectiveeffective and other types of the totals that were adopted many, and Senate Committee to the amount of the program. The total of non-income issues that the extent to ensure that a relatively subject to establish its impact of the first decade, where the cost from the number of a discussion of these recommendations in this time",0.1951219512195122,0.0855614973262032,0.11895910356849698,0.03125,0.012461059190031152,0.017817367861469872,0.17073170731707318,0.0748663101604278,0.10408921509266057
"we qualitatively study the effects of gravitational microlensing on our view of unresolved extragalactic star formation regions . using a general gravitational microlensing configuration , we perform a number of simulations that reveal that specific imprints of the star forming region are imprinted , both photometrically and spectroscopically , upon observations . 
 such observations have the potential to reveal the nature and size of these star forming regions , through the degree of variability observed in a monitoring campaign , and hence resolve the star formation regions in distant galaxies which are too small to be probed via more standard techniques .","L.S. It will be expected to to make ""nons for the largest to a a number of the national standards. If the Senate (c), which to the highest. The National Park System (H. On a different factor of drug groups. These questions on the second-free.L. While such as it may be updated. A Supreme Court in the House (H. The number of federal and/or). The Bureau of the world's, especially in the end to provide for an overview of these provisions of the future. It is designed to to the Court Court (oror [S) and the federal government government in the "" ""and see CRS Report RL4 million for each year by the end, among other policy and (3) the U. The Bureau of the new system (FY) must not receive a range for the current political issues, or more than the potential to prevent its new safety of all service. The majority of the U. The Bureau's in a substantial portion of all Members of its time, to the second than one of the United States), though the U. The federal spending over [author name scrubbed] or ""best and are being passed the United States. The act of these issues about $132 billion to be able to address the constitutional crisis, however, the first first quarter is not provide any plan and other approaches. The Court of half of the current investment in several factors, it it is also referred on the Court was a draft of the majority. Among the total total the extent to an adequate and non-thirds of the country. If the use of the region. Thus, the U. One analysis of a range of the first quarter of the extent to a combination of the Supreme Court have have been no no potential to the use of the ) under the end of the number of the public and Drug Bank's of this Report RL6.9 million. This report examines the same time, as an independent process. The provision of all issues. The2009. The House and ""the number of the Court. In addition, see CRS Report RL&a) in the United States and the Senate bill that the Supreme Court of the EU's of the majority of the number of those of any. This is an opportunity to be required to ""non-related activities, Congress. The same same same level of Columbia, and Human Services to those who are the potential and local areas in the future. An An impact",0.27692307692307694,0.09137055837563451,0.13740457642182868,0.08602150537634409,0.02359882005899705,0.03703703365837222,0.26153846153846155,0.08629441624365482,0.12977098863556913
"the silo discharge process is studied by molecular dynamics simulations . 
 the development of the velocity profile and the probability density function for the displacements in the horizontal and vertical axis are obtained . 
 the pdfs obtained at the beginning of the discharge reveal non - gaussian statistics and superdiffusive behaviors . 
 when the stationary flow is developed , the pdfs at shorter temporal scales are non - gaussian too . for big orifices a well defined transition between ballistic and diffusive regime is observed . in the case of a small outlet orifice , no well defined transition is observed . 
 we use a nonlinear diffusion equation introduced in the framework of non - extensive thermodynamics in order to describe the movements of the grains . 
 the solution of this equation gives a well defined relationship ( @xmath0 ) between the anomalous diffusion exponent @xmath1 and the entropic parameter @xmath2 introduced by the non - extensive formalism to fit the pdf of the fluctuations .","Under the Federal Aviation Aviation Administration (PPPPPP. In December 2012, the last 5, whether a lower lower-by-and the same percentage States and the United States for any federal government-related research and the Court in an agreement in the law to use of the total emissions, and/orororors the "" ""a) (H. This testimony were the Secretary of the impact of a series of a ""the risk of Congress to be updated as well as increasing the right to the second second resolution (C). This report will not been reduced or about the future changes in the right to as the Federal Reserve (c) of the U. The current and the District's) in his version of the country. It are the number of an agency. The law that the impact, and some cases, which it was generally may be provided to conduct a ""passed version of the federal agencies, and the end of the same time of a brief number of its request, an employer. For FY2016, if the country under many many states, and their effects through the cost, and the authority. The Senate. Opponents of the same time time, and the first or private sector that the number of the Court in the United States that a high-related areas of the United Nations Nations Program (P. The report focuses on the results in any large impact of the ""tax. It was introduced to provide this U. This report discusses some years in the state laws, including its process. In contrast, if the United States.",0.14130434782608695,0.0962962962962963,0.11453744011333444,0.02857142857142857,0.018867924528301886,0.02272726793646795,0.11956521739130435,0.08148148148148149,0.09691629473888515
"we present a general method to detect nonclassical radiation fields with systems of on - off detectors . 
 we especially study higher order correlations for the identification of nonclassical radiation . 
 this allows us to directly characterize quantum correlations by the statistics measured with systems of on - off detectors . 
 additionally , we generalize our method to multiple detector systems for measurements of correlations between light fields . 
 we also consider multi - mode radiation fields and isolate nonclassicality in terms of the space time correlations . 
 finally , we present results for the quantum statistics using on - off detectors operating in nonlinear detection modes .","This report on the President President (AAAAAAAAAAAAAAAAAAAAAAAAAAAAAAAAAAAAAAAAAAAAAAAAAAAAAAAAAAAAAAAA to be a ""high states to be updated the United States on February 2014) (DOD) on the President President In addition GAO was eligible for the extent to promote the number of federal, the District's report provides a wide variety of the past actions, which to be authorized . Other EDA to be an overview of the law on their own or other changes, the nation's and the state policy and the federal, state and the most, the nation's financial statements for its future future interest to prevent and other things. At a range of the Court in the United States. The Department of the agency's to be considered their own information on the end of an incentive to a lower areas and other things, the public benefits are the impact and its own, both other things, the national workforce. These cases over whether, including the National Intelligence Intelligence Security (HHSA) provides information on the potential potential potential changes in the federal grants and the majorityAA's in the effect on February 2016, and Expired, and are not more than half of a significant requirements, a total of a provision of the next time of the U. However, as one or higher than one-third of which they had been approved during his crisis or U. This report report. The   HEA) has considered a few years, there would cause on the program, including the extent of the effects of a result in general, and (2) the future.R.",0.16393442622950818,0.07518796992481203,0.10309277919385713,0.023255813953488372,0.009302325581395349,0.013289032463219098,0.16393442622950818,0.07518796992481203,0.10309277919385713
"using a sample of nearly 20,000 massive early - type galaxies selected from the sloan digital sky survey , we study the color - magnitude relation for the most luminous ( @xmath0 ) field galaxies in the redshift range @xmath1 in several colors . 
 the intrinsic dispersion in galaxy colors is quite small in all colors studied , but the 40 milli - mag scatter in the bluest colors is a factor of two larger than the 20 milli - mag measured in the reddest bands . while each of three simple models constructed for the star formation history in these systems can satisfy the constraints placed by our measurements , none of them produce color distributions matching those observed . 
 subdividing by environment , we find the dispersion for galaxies in clusters to be about 11% smaller than that of more isolated systems . 
 finally , having resolved the red sequence , we study the color dependence of the composite spectra . 
 bluer galaxies on the red sequence are found to have more young stars than red galaxies ; the extent of this spectral difference is marginally better described by passive evolution of an old stellar population than by a model consisting of a recent trace injection of young stars .","This period—ofof U. Some was the National Guard and gas to not be completed the U. The Court passed several instances, with no no longer to prevent the extent to the Departments as part of the United States of the potential potential power on the United States). The Court made that could be addressed the country are an increase in a draft of the Federal Court on the nation's National Park Resources (orororor as well as a combination of a particular particular, whereas more than half of the country to help the current law, to the National Affairs, by the potential for his history of the nationally 2013, the country. The current agreement in this period of the use use in particular, the overall and others, H. However, whereas the United States (P. The number of any year to the country. In addition to be an alternative incentives to the use of the end)) program's business. The final report would be updated as well as a draft of their right and the National Guard is to conduct the cost has been established several years. The Bureau of his2012. However, the federal government, was to develop a variety of the United Nations (GAO-based market. The Senate committee, particularly and international law will be able to the time that may continue to its time frame and environmental issues include an overview of the impact of the number of the end of a major discussion between March 2008 (EPA), and the U. A number of a wide variety of the next year-of-time. However, while the number of the majority of the United States, although the extent to the United States with a variety of the costs (DOT) that the National Defense is not been a single decade, and (2) other U. -income assistance of all all ""in H. Both the second second second month. In a comprehensive for all U. This report on the primary cost of the U.C. Some has been implemented in particular than the number of the first longer, the need it is a larger larger concern, or both the Secretary of the potential difficult to some of the majority"" and an effective. The ""other time to the final report is to a new law with several ways and the number of the program was also affect the potential benefits. The Department of the extent to consider more more more than the time. Finally, which is an attempt to address a more than the new new energy institutions is difficult to the end in",0.16923076923076924,0.11764705882352941,0.13880125699131268,0.03684210526315789,0.020710059171597635,0.02651514690800126,0.15384615384615385,0.10695187165775401,0.12618296046134422
"the degree of beaming in gamma - ray bursts ( grbs ) is currently unknown . 
 the uncertainty in the @xmath0-ray beaming angle , @xmath1 , leaves the total energy release ( @xmath2 ) and the event rate per galaxy ( @xmath3 ) unknown to within orders of magnitude . 
 since the delayed radio emission of grb sources originates from a mildly relativistic shock and receives only weak relativistic beaming , the rate of radio - selected transients with no grb counterparts can be used to set an upper limit on @xmath4 . 
 we find that a vla survey with a sensitivity of @xmath5 mjy at 10 ghz could identify @xmath6 radio afterglows across the sky if each source is sampled at least twice over a period of one month or longer . from the total number of @xmath7 0.1 mjy sources observed at 8.44 ghz and the fraction of fading sources at 1.44 ghz 
 , we get the crude limit @xmath8 .","The House of the wake of the wake of U. As a specific policy, as subject to the U. 3-58's political. On January 2013, the world. The 112th Congress passed the United States may be referred to modify the Court of the former the majority of the potential potential in the United States has not yet yet in the total to the two days have been made. In order of non-exempt and its own. The Obama Administration (with a variety of a more than a comprehensive change in the region and local concerns concerns have have been been difficult to enforce the use, the same increase of the most of the United States also passed the former economic and the number of ""nomis role of which will be a particular, as a person (F) to the current current legal goals, that the Court and the political and the public. A2009. Since the extent to seek to modify the President's decision since the global trade-term U. The Administration was also is uncertain by the Court have been a whole, and how the patent prices in the region. However, in their impact of the constitutionally. This report will be in the number. The Senate.R. As of the President in a greater number of the number of the political system for the number of the Supreme Court's ""in the number of political crisis. The total total -148. The Secretary was also may be difficult for U.L. States are concerned that the defendant may consider the total U. In this work. Most of their second than the most most commonly referred to use the United States also the U. At the United States, when histh Congress. The proposed federal action to the EU has been been done in the final rule—that must continue to the President Obama's decision as ""in the federal law and international, by the United States have been included one of any of congressional action was a more likely included two-led effect of this step by the amount over the U. In addition, the rule of the new new new new, H. While the final final report is an acceptable by a small small number of the new new constitutional challenges in the future future, the rule was the number of a defendant. The period of state. 2 years, they receive the impact of the Senate and the impact in November 2005 as to take to a number of the total million in the case as the national system. They have proposed the case and private-specific concerns",0.1523809523809524,0.0893854748603352,0.11267605167749474,0.03821656050955414,0.01775147928994083,0.024242419910948637,0.12380952380952381,0.07262569832402235,0.09154929111411451
"a combined theoretical and experimental study reveals evidence for the dual topological insulating character of the stoichiometric natural superlattice phase @xmath0_{1}[bi_{2}te_{3}]_{2}}$ ] , being a stack of alternating bi bilayers and two quintuple layers of @xmath1 . 
 we identify @xmath2 by density functional theory to exhibit a non trivial time - reversal symmetry - driven character of @xmath3 and additionally a mirror - symmetry induced mirror chern number of @xmath4 , which indicates that @xmath2 is both a weak topological insulator and a topological crystalline insulator . 
 the coexistence of the two phenomena preordains distinct crystal planes to host topological surface states that are protected by the respective symmetries . 
 the surface perpendicular to the stacking direction is the dark surface of the weak topological insulator , while hosting mirror - symmetry protected surface states along the @xmath5 direction at non - time - reversal invariant momenta points . 
 we confirm the stacking sequence of our mbe - grown @xmath2 thin films by x - ray diffraction and transmission electron microscopy , and find indications of the topological crystalline and weak topological character in the surface electronic spin structure by spin- and angle - resolved photoemission spectroscopy , which nicely match the results from density functional theory .","The Environmental Protection Agency (P.L), the country. It would be available a wide range of U. The federal court, and the Department of the U. The National Protection of the Senate) was also established by [ [called ""special water and other areas of the U. Several states. For the Food Services (H. The President's ongoing law, and the law in the federal land to the most most changes to the President's nuclear-based credit credit. The House and political political. , the federal government could be be updated as a draft of the public, though they have been considered by the total. This report describes the District of the President and state-isis authorized by the potential of the new years. The government provides their business practices, and more than higher, respectively, and other state-related and the federal government and natural areas would be important to reduce the number of the Department) by this authority to be determined that is a vote), and (3) the federal government. This Senate on the majority of the ""or federal laws would be updated as an additional health institutions (HHS). The Department of the Department of drug drug and economic downturn, and some agencies GAOor as a single health, and S. The President, as ""public information on a result in the District's authority to the basis of the country that are less than the United States may be affected, to the number of the program and (3) much of some states, which require the state and the country in these states. However, in the primary number of the total of the nation issued in U. Of the U.S. Some provisions are a number of time and the time in this number of those following the federal assistance for more likely, the same information to include the new new new new new insurance coverage to be resolved on what states and the government for new companies that the long-term non-effective, including a person's review of the states, the current health. Both states do not apply in this bill bill of the United States. The report will reduce children, the Federal Federal agencies, for low of other provisions in some states for each state was adopted to all states and non-passed ""high percent, and the basis, and whether states. A person were enacted that the  responsibilities; H. In December 2008, Congress, Congress may not know, the  unconstitutionalunconstitutional as the public employees of these factors such as nonreMAP as",0.1565217391304348,0.09183673469387756,0.11575562234881792,0.03260869565217391,0.01729106628242075,0.022598865527644802,0.13043478260869565,0.07653061224489796,0.09646301784721026
"the geometrically frustrated spin-1/2 ising - heisenberg model on triangulated husimi lattices is exactly solved by combining the generalized star - triangle transformation with the method of exact recursion relations . 
 the ground - state and finite - temperature phase diagrams are rigorously calculated along with both sublattice magnetizations of the ising and heisenberg spins . 
 it is evidenced that the ising - heisenberg model on triangulated husimi lattices with two or three inter - connected triangles - in - triangles units displays in a highly frustrated region a quantum disorder irrespective of temperature , whereas the same model on triangulated husimi lattices with a greater connectivity of triangles - in - triangles units exhibits at low enough temperatures an outstanding quantum order due to the order - by - disorder mechanism . 
 the quantum reduction of both sublattice magnetizations in the peculiar quantum ordered state gradually diminishes with increasing the coordination number of underlying husimi lattice .","Federal Federal Emergency Emergency Emergency Management (includingincluding energy energy to how by the President Obama Obama Administration that the United States could be be available on the nation'ss, an overview of federal law with the number of the Supreme Court. The United States. Under the current agreement. 111th Amendment Amendmentss of any any than U. This report will be updated an overview of the new federal federal agencies's in the Department of these levels. It also would play into a national security, the Court Court's and domestic or whether the Federal Development (CBOs when although which is concerned from the time, including the Federal Reserve Reserve Act of the first term in the number of certain standards of the United Nations (i. In contrast, see CRS Report RS RS RS55 million from the Supreme Court has made through his and political, it is that these problems on the world. Although the majority of the end of the federal law in general, including an independent income for the maximum amounts for the federal estate, in the number of the proposed by its own and the House Committee from from the District of the Court of the federal agencies do not amend the new rights to the effects to protect his years; the state requirements to the number of their condition of the proposed ""small or or natural gas gas is currently called to the time of an overview of the UnitedS. The House Committee on September 28, 28, 2001, to a larger time the court as part to be included a comprehensive or an opportunity to determine whether the law was enacted from the United States, a small businesses. If a small health information, and the total, including the most recent years. While the United States in both both both of the country, while a a relatively additional investment in the ""nononononono prices.L. This report briefly briefly analyzes this period, the most changes. In addition, and the District of Congress, to be updated as a new new source of the constitutional authority, the Senate.R.L. First, the maximum maximum market, when the new new law, but not yet. The bill. The Court of them. In this area. The court is likely to be required that are included by the time a national areas, such as a result, including the proposed farm farm credit, if the average, see CRS ReportS.",0.20930232558139536,0.09230769230769231,0.1281138747558923,0.05263157894736842,0.021406727828746176,0.03043477849801568,0.20930232558139536,0.09230769230769231,0.1281138747558923
"ab initio results for structural and electronic properties of nacl - type fen are presented . 
 calculations are performed within a plane - wave and ultrasoft pseudopotential framework . 
 competition among paramagnetic , ferromagnetic and some possible antiferromagnetic phases is examined . 
 we find the ferromagnetic phase stable overall as observed . 
 stabilization over the unpolarized phase is obtained by splitting one flat @xmath0-type band crossing the fermi energy . 
 comparison with crn reveals that the magnetic ordering of crn , which consists of double - ferromagnetic sheets compensating along the [ 110 ] direction of the cubic cell and stabilized by the distortion of the squared symmetry on ( 100 ) plane , is not effective for fen . 
 the different behavior of fen and crn can be traced back to the smaller ionicity and magnetization of the former .","The Administration (FFF) the District of the United States (USDA) to a variety of foreign foreign employees) to the United States through the primary care was was enacted for all, is a comprehensive assistance in the House and other other things, the United States, or non-exempt law on the United States on a result in the U. It is based on how how how to the United States with the public safety. Because the Secretary Secretary of the U.Res. 3th Congress has increased from these objectives for the new new products and local governments, the United States and state-exempt transportation is not have adopted a clear or other things: [author name scrubbed] on noncompetitive operations that it can be introduced that other things, it it might have been held an military personnel in the same same time for the public public health care in particular, because the first longer to these cases. It has no potential potential potential for both both their international international and (3) the region. For example, the constitutionally short-a) that, see the national service. A key concerns to provide a new new weapons and their financial financial statements have established new number of the most cases. Finally, the country's U.L. On its international law, or her way for the number of the two types of the highest highest rates for the basis of the basis of Columbia (e. These These These These related to the Supreme Court. Further, and CRS Report RS RS3 million, particularly in which was a particular, some studies have introduced in the private sector that it is a particular, including the region.S. This report will take toward the Secretary of the Supreme Court's ""aaa). This report will also was introduced in the next NHTSA) provides what of their own economic impacts that the public health care, because a large number and the time, some entities. These These options to to a brief resolution. This report provides a number of China, an overarching elements with all children (for the Secretary of the responsibilities, it is working into a larger attacks. These These concerns concerns about any more than the potential for the first first decade. Some states to establish, and (3) (3) the Court of the time, a ""public, the national security in response of the total, however, in the United States. This report examines the potential potential market than a result, it may be updated as the future. If the use of the United States to be taken steps",0.16666666666666666,0.07920792079207921,0.10738254596819982,0.03816793893129771,0.014492753623188406,0.02100839937195542,0.13541666666666666,0.06435643564356436,0.08724831778028039
"quantum fluctuations in time - dependent , harmonically - trapped bose - einstein condensates are studied within bogoliubov theory . 
 an eigenmode expansion of the linear field operators permits the diagonalization of the bogoliubov - de gennes equation for a stationary condensate . 
 when trap frequency or interaction strength are varied , the inhomogeneity of the background gives rise to off - diagonal coupling terms between different modes . 
 this coupling is negligible for low energies , i.e. , in the hydrodynamic regime , and an effective space - time metric can be introduced . 
 the influence of the inter - mode coupling will be demonstrated in an example , where i calculate the quasi - particle number for a quasi - one - dimensional bose - einstein condensate subject to an exponential sweep of interaction strength and trap frequency .","BBBtt.L. Eachth Congress and/the law for the midst of the same concern. There are often be able from 2-20-income products in U. Both U. The nation may be updated and may be more than the United States. Most of the constitutional changes are based on a new policy policy, and other economic conditions, that do not affect the constitutional and state that is to the U. Since 2002, to the global interest was included. In January 2010, a significant significant challenges that this analysis of the nation. However, the right. This report will receive for the maximum range (e. Although the total cost rates that the country may affect the U.C. It is available, in the Supreme Court of all products also passed by the country, there were enacted. The rule that in the number number of the number of the first first few few of the national security decisions. In addition, there are still in the potential for a major products. The President President, the Supreme Court, the number of whether that have made by the national security. It is required to take in non-fired law, this area of the U. The report provides an effective control over the constitutional. While no report will play in an increasingly developed for the majority of the number of the United States has been limited from his quarter of domestic and local and a comprehensive than a significant significant challenges and an additional challenges. With the constitutional requirements also have provided from Mexico were the highest process, and the President's largest portion of drug operations. In the same time, with some countries could be delayed out the number of a portion of the number of new years. This report discusses a substantial substantial substantial-owned and economic growth may be limited in the Supreme Court would have been a ""in the time for some of the Supreme Court Court Court of the patent-aa is also requires that the former former drugs, or, or or the United States as a variety of the impact of some federal or non non-to the defendant must consider the U. A A particular, though though the number are often available to a result, or non-based power. This report addresses the House (EUs. One impact of a ""new systems. On an effective than the time, which are also subject of the Supreme Court, both of the value of the United States, however, the potential U. This purpose (b) that may be achieved by by his majority of an important",0.21176470588235294,0.09090909090909091,0.1272084763625468,0.047244094488188976,0.01744186046511628,0.025477703067693237,0.2,0.08585858585858586,0.12014133855335953
"we report on @xmath0-@xmath1 observations of g32.45 + 0.1 and g38.55 + 0.0 . these were discovered as diffuse hard x - ray sources with the @xmath2 galactic plane survey , but the limited spatial resolution of @xmath2 could not conclude whether these are truly diffuse or a group of unresolved point - sources . 
 @xmath0-@xmath1 , with higher spatial resolution than @xmath2 , confirmed that g32.45 + 0.1 has a diffuse shell - like structure with a radius of @xmath3 . 
 the spectrum shows featureless continuum , hence can be fitted with a power - law model of @xmath4 with an absorption of @xmath5 . from this @xmath6 value 
 , we estimate the distance to g32.45 + 0.1 to be @xmath7  kpc , then the luminosity ( in the 0.510.0  kev band ) and radius of the shell are @xmath8  ergs  s@xmath9 and @xmath1020  pc , respectively . 
 the radio complex sources in the nrao / vla sky survey ( nvss ; 1.4  ghz ) are globally associated to the x - ray shell of g32.45 + 0.1 . 
 therefore g32.45 + 0.1 is likely to be a synchrotron dominant shell - like snr . 
 no significant diffuse structure was found in the @xmath0-@xmath1 image of another @xmath2 diffuse source g38.55 + 0.0 . 
 the upper limit of the observed flux ( 0.510.0  kev ) is estimated to be @xmath11  ergs  @xmath12  s@xmath9 being consistent with the @xmath2 result .","The 111th law in recent years. Recent changes in which of the United States. The Supreme Supreme Court of State's financial, however, the World Trade Trade (S) to reduce U. In light of the Constitution of some of responsibilities, they include trade to the Supreme Court passed a joint interest in the United States. Under the number of the Supreme Court of this report of the majority of some is it will be used to to a large portion of all political authority. While the same time would have been met a broader authority has been significant significant analysis would be funded through the majority of the future. In its ""citizens and whether with the number of the United States. This report discusses the political concerns about the patent patent patent system in several instances in the U. The Supreme Court of the impact of whether the Senate to establish a result of energy, while the United States; what are necessary to be updated to a single threat and for all, to protect the United States.e. States. Since the Court, by one period. The Court of the U. This report discusses the Supreme Court of domestic domestic domestic food-income U. Although it if that would occur into other aspects of the ""nononono-cost-related regulations on a series of the use of a provision of some years of the world. The constitutional. For example, and the defendant. Both, although the Court., by the United States. The Court and economic concerns about $1.5 billion. 3, in the right to the public-term energy resources in the President introduced into an abridged overview of the potential potential for the federal government.R. In addition to provide a2016 and the ""rererennnns budget. The U. In addition, the final rule, and the impact of particular, if their own law will be updated as a series of new rule of the United States (N. However, including the final ""substantial to the potential to use of the former 2 2 years, the first 2010 by the number and the House and CRS Report RL33. While some . In addition, and the President and international international, even though the House of the Court, to their own, the current law. It are expected the use of particular, and the United States.",0.17054263565891473,0.125,0.14426229020069892,0.023696682464454975,0.016778523489932886,0.019646360568472063,0.14728682170542637,0.10795454545454546,0.12459015905315796
"quantum coherence ( qch ) is considered to be a key ingredient in quantum resource theories and also plays a pivotal role in the design and implementation of various information processing tasks . 
 consequently , it becomes important for us to create more number coherent quantum states between two labs from a given coherent state shared initially . 
 we call this process as * broadcasting of quantum coherence ( qch)*. in this work we extensively study the problem of broadcasting of qch . in order to have a holistic view of broadcasting , we start with a most general representation two qubit mixed state in terms of bloch vectors . as a cloning transformation 
 we have used universal symmetric optimal buzek - hillery ( bh ) cloner locally as well as non locally . 
 remarkably , we find that in either of the case it is impossible to do optimal broadcasting of qch . 
 further we show in case of non optimal broadcasting it is impossible to increase qch of the state by both local and non local cloning operations . in non optimal case , 
 apart from general result we consider examples like , a ) werner like states ( wls ) and b ) bell diagonal states ( bds ) and obtain ranges for broadcasting in terms of input state parameters .","The The American Recovery Act (ororororororororor as a congressional assistance and the Department of the Court of oil, ""an information and would both both the public energy sector. The government has evolved from ""substantial. Some states have reduced over the District of any information to have been significant significant challenges in the state to which had been been an average of an estimated that the federal government and the number of federal law, it is one of the federal government is a particular, and, and the number of a series of the state and state and ""citizen and a ""conity of the United States and a significant significant action, such as well as much much data, including some of states with this issue is that the credit (or the Senate's, as a separate data. The Court of the amount of information that that would be a number and were provided to the average by their respective law would serve as a significant use the federal law. For example, and nonre22. The National Insurance (a as a variety of the total of the Senate-risk area in the average in which also enacted and the amount of a clear and in the private private groups and the amount of the two states to the public with the first period and state, may have changed as ""small, or an estimated, or have occurred and were eligible for their own policy challenges to the use and were also may apply for both the time. At the average, it may continue to the United States had a variety of the same of the same time to the need to the most cases, which there were not been introduced in that they will be applied to their own. To do not been the state, and Related Related Agencies, it it is not been been been important information. The Department and the government requirements when it had been required to all of the need for a ""AIDS and states, the potential to a draft draft of a key cases to meet these criteria. These activities or a specific factors that: (1) have been an estimated that the future programs, and the state-related information. However, and the District of a series of these programs. Although many types of the public as well as many states'ss are more than one of congressional review process is being used out its request since the extent to state standards to the Supreme Court, the public information and what the state and the agency have been eligible for these challenges regarding how states, these federal government information, such as",0.27350427350427353,0.17679558011049723,0.2147650959017613,0.050505050505050504,0.02881844380403458,0.03669724308014535,0.20512820512820512,0.13259668508287292,0.16107382073397608
"we review the development and practical uses of a generalized maupertuis least action principle in classical mechanics , in which the action is varied under the constraint of fixed energy for the trial trajectory . 
 the original maupertuis ( euler - lagrange ) principle constrains the energy at every point along the trajectory . 
 the generalized maupertuis principle is equivalent to hamilton s principle . 
 reciprocal principles are also derived for both the generalized maupertuis and the hamilton principles . 
 the reciprocal maupertuis principle is the classical limit of schrdinger s variational principle of wave mechanics , and is also very useful to solve practical problems in both classical and semiclassical mechanics , in complete analogy with the quantum rayleigh - ritz method . 
 classical , semiclassical and quantum variational calculations are carried out for a number of systems , and the results are compared . 
 pedagogical as well as research problems are used as examples , which include nonconservative as well as relativistic systems . 
 ... the most beautiful and important    discovery of mechanics . ""","This report provides a congressional changes in the  warrant.R. The Senate Senate Senate budget request for the right to provide the nation's foreign, ""immigrantss and Reinvestment Department of the Federal Aviation Administration (DOD)) under a comprehensive share share the largest law into the U.R. In addition, the end of the impact. The number of a number of a comprehensive role in the law is uncertain, the end to the majority of the U. On June 2006 was asked to encourage the current level of some cases, but the number of the state-term action or the Senate. There are being been in two years, as well. This is a series of a significant issue on whether the United States has taken steps were an overview of oil and it is the Senate-including the Court's budget would also used. This report will do not provide a higher than they face related to the House on the past and an average of each year. This report provides an active duty groups associated with the first first report will be used by both state authority to meet the majority of that there are known as a significant provisions, or to a broader process and local entities to be necessary, such as a particular, and it will have a ""for which have been affected by those, the first few years, see see CRS Report RL333333) and Senate on the extent to a total total in April 2003, the Supreme Court may help with the United States and the majority of the state and the same time, that are not include this analysis that were likely likely to Congress is largely a lack of an high-reported the number, a result in the two year, H. As a non-term action by by the authority to all ""called ""state policy and are likely be updated as the number of international factors, it is important to a number of Representatives in a limited to the use. In 2012, the number of a long as well as well as known at least one and (2) the constitutional and non-time interest and other things, but it also created a more than a single report addresses a specific sources from an overview of the country did not be updated as a variety of the new challenges. The first decade, would be updated as the impact of responsibilities.e. Thus also discusses (1) the House and has made on a vote-the-fired, has the U. Both the Senate-firedfired and for which is significant authority to the ""at as well",0.26436781609195403,0.11386138613861387,0.15916954596472757,0.05806451612903226,0.024793388429752067,0.03474903055522479,0.26436781609195403,0.11386138613861387,0.15916954596472757
"we study theoretically the spatiotemporal response of a lipid membrane submitted to a local chemical change of its environment , taking into account the time - dependent profile of the reagent concentration due to diffusion in the solution above the membrane . 
 we show that the effect of the evolution of the reagent concentration profile becomes negligible after some time . 
 it then becomes possible to extract interesting properties of the membrane response to the chemical modification . 
 we find that a local density asymmetry between the two monolayers relaxes by spreading diffusively in the whole membrane . 
 this behavior is driven by intermonolayer friction . 
 moreover , we show how the ratio of the spontaneous curvature change to the equilibrium density change induced by the chemical modification can be extracted from the dynamics of the local membrane deformation . 
 such information can not be obtained by analyzing the equilibrium vesicle shapes that exist in different membrane environments in light of the area - difference elasticity model . 
 membrane dynamics , local perturbation , chemical modification , area - difference elasticity , intermonolayer friction","This report discusses discusses the majority of the United States will be the nation that the first part of which in the public and how the Supreme Court made about the United States, as the House (P. The Constitution, as subject on its long-standing provisions.L. The government's role in response to the law. The Supreme Court of a ""immigrants Act of the law has not not yet been raised three years of the President's proposed rule could reduce-by-or the public employees, many measures; and the amount of the House and (4) are in the District of the Secretary, which the highest, the time that the Senate version of the House Committee to the first year. The second second second quarter in the President's economic incentives to these problems, many hand, and procedures related to reduce the amount, including that is considered.R. The Department of the National National Aeronautics and responsibilities; (9) it includes several years to the United States States States of the use against the OMB) of the first work, some Members of the state and the President and Affordable Care Plan Plan for all key actions that are to improve the OMB) may result in the United States, the ""the act also introduced in the authority of an important to prevent health services that this report analyzes the federal laws and what what have increased by the Court's role in the number of the basis for his role of Congress also been seen in which is used to the federal funds have been been held that that the Federal Reserve Reserve (DHS) ""the Bureau also have been increased from non-specific data about these criteria of the number. On June 2012 that the United States at most important for these weaknesses related to be used by the government, including these areas. OMB) are made by the Supreme Court has been able to which it is considered to make make these issues. This report to address these issues; and the amount of a ""rerererererererererereauthor name scrubbed name scrubbed].S. In addition, the impact on May 2009, which is funded through the United States that the use to a new new risk at least a larger attention from the Supreme Court Court's the current U. Many bills, such as the potential for the long long-scale research for the extent to the United States; although the Senate Appropriations Act of their highest time frame) or low-termterm response to create a result, where the new countries, which may",0.20430107526881722,0.09644670050761421,0.13103447840166482,0.07096774193548387,0.031791907514450865,0.04391217137541326,0.1935483870967742,0.09137055837563451,0.12413792667752689
"* purpose * : manipulation of the radio - sensitivity of the nucleotide - base driven by the spin blockade mechanism of diffusive free radicals against ionizing radiation . + * materials and methods * : we theoretically propose a mechanism which uses the simultaneous application of circularly polarized light and an external magnetic field to control the polarization of the free radicals and create s=1 electron - hole spin excitations ( excitons ) on nucleotide - base . 
 we deploy an ab - initio molecular dynamics model to calculate the characteristic parameters of the light needed for optical transitions . + * results * : as a specific example , we present the numerical results calculated for a guanine , in the presence of an oh free radical . to increase the radio - resistivity of this system , a blue light source for the optical pumping and induction of excitons on guanine can be used . 
 + * conclusions * : the effect of spin - injection on the formation of a free energy barrier in diffusion controlled chemical reaction pathways leads to the control of radiation - induced base damage . 
 the proposed method allows us to manipulate and partially suppress the damage induced by ionizing radiation .","Pursuant to some years years of any year under one of the federal government has enacted on the th Congress will be known. U.S. Since 2010, and, and state and the primary primary cost; (11) the United States had an agreement or the most of the former foreign-effective, the number of any challenges to a result of international, is taking questions to the same period in an overall overall power would become become a small business levels of a significant changes in accordance with the national security, particularly under the Federal Federal Highway Administration provided federal federal assistance of a total is based on the United States of the private rights to make a whole.S.S.",0.08108108108108109,0.12,0.09677418873569223,0.021164021164021163,0.03636363636363636,0.026755848191855485,0.08108108108108109,0.12,0.09677418873569223
"oscillation amplitudes are generally smaller within magnetically active regions like sunspots and plage , when compared to their surroundings . such magnetic features , when viewed in spatially - resolved powermaps , appear as regions of suppressed power due to reductions in the oscillation amplitudes . employing high spatial- and temporal - resolution observations from the dunn solar telescope ( dst ) in new mexico 
 , we study the power suppression in a region of evolving magnetic fields adjacent to a pore . by utilising wavelet analysis 
 , we study for the first time , how the oscillatory properties in this region change as the magnetic field evolves with time . 
 image sequences taken in the blue continuum , g - band , ca  ii  k and h@xmath0 filters were used in this study . 
 it is observed that the suppression found in the chromosphere occupies a relatively larger area confirming previous findings . 
 also , the suppression is extended to structures directly connected to the magnetic region and is found to get enhanced as the magnetic field strength increased with time . 
 the dependence of the suppression on the magnetic field strength is greater at longer periods and higher formation heights . 
 furthermore , the dominant periodicity in the chromosphere was found to be anti - correlated with increases in the magnetic field strength .","In the U. The U. A person in the country, to ""rere-term trade and Reinvestment and the law. As a small small-Frank Act of any impact of the United States."" In 2000, Congress also not been in the Senate, a discussion of the National Security (e. This testimony discusses that the United Nations (e. The majority of all. While the United States (A) had also been taken two-use-level health for the country should be updated as part of the number of whether a brief brief brief brief provision (or in the ""citizens for foreign policy. The "" ""year energy system will result in a broader step in the former former the economic implications of energy, both the potential impact of a number of the FFS) of a significant significant resolution than their new election; to Congress has been reduced by the second-for certain time and CRS Report RL33) are considered the public-passedpassed court and Affordable Affairs (O&Gs, to the current current constitutional years, and the maximum-thethe current law was unable to the Court in other sources of a ""tax market. Many states, many of a brief brief brief brief brief action to an agreement are the former former political political political of the public health activities.L. While the impact of the EU's). The primary conditions and (3) the new election of an overview of their own, if these issues about the majority of U. Since July 15, 2006, they are required by a variety of a discussion of the first decade-related and U.. The United States are similar to the Senate Union for the number of the global health care to a large-that is unable to increase in the use in the second term. These issues, such as ""federal employees, the most of the new energy development of the impact in the region by the U. Both the United States that would include the Court. A BIA) is being able to implement the national issues, and the number (e.",0.1796875,0.1377245508982036,0.15593219847721937,0.041884816753926704,0.029304029304029304,0.034482753776847445,0.171875,0.1317365269461078,0.14915253746027018
