abstract,generated,rouge1-r,rouge1-p,rouge1-f,rouge2-r,rouge2-p,rouge2-f,rougel-r,rougel-p,rougel-f
"to demonstrate the feasibility of studying the epoch of massive galaxy cluster formation in a more systematic manner using current and future galaxy surveys , we report the discovery of a large sample of proto - cluster candidates in the 1.62 deg@xmath0 cosmos / ultravista field traced by optical / ir selected galaxies using photometric redshifts . by comparing properly smoothed 3d galaxy density maps of the observations and a set of matched simulations incorporating the dominant observational effects ( galaxy selection and photometric redshift uncertainties ) , 
 we first confirm that the observed @xmath1 comoving mpc scale galaxy clustering is consistent with @xmath2cdm models . using further the relation between high - z overdensity and the present day cluster mass calibrated in these matched simulations , we found 36 candidate structures at @xmath3 , showing overdensities consistent with the progenitors of m@xmath4 m@xmath5 clusters . taking into account the significant upward scattering of lower mass structures , the probabilities for the candidates to have at least m@xmath6 m@xmath5 are @xmath7 . for each structure , about @xmath8 of photometric galaxy candidates are expected to be true proto - cluster members that will merge into a cluster - scale halo by @xmath9 . with solely photometric redshifts , 
 we successfully rediscover two spectroscopically confirmed structures in this field , suggesting that our algorithm is robust . 
 this work generates a large sample of uniformly - selected proto - cluster candidates , providing rich targets for spectroscopic follow - up and subsequent studies of cluster formation . 
 meanwhile , it demonstrates the potential for probing early cluster formation with upcoming redshift surveys such as the hobby - eberly telescope dark energy experiment and the subaru prime focus spectrograph survey .","we find find to the presence of which from the results of the standard model is the two disk between the presence of @xmath3 galaxies with the @xmath0 which the light of this is used for the energy in the data are detected . the cluster in the @xmath2 and the presence of the first ( bs @xmath1 in . we show that @xmath2 and the data from a model ) and the cluster of the accretion to present at a few the @xmath5 in large enough as @xmath1 . recent system with a a large galaxies are important to understand , the galaxy of the evolution of the , such than the existence of the formation . we found for non - , @xmath0 is to the ) s@xmath9 and @xmath0 stars , . in the total of magnitude , which was used the . we show that the two ray and one of galaxy ) @xmath1 , @xmath0 symmet in particular in the , can be observed in the existence of these are given , @xmath0 ) ) . we conclude that the first ) and the energy stars in fig . a a few results are obtained into non - of the ) and we investigate the low low energies and the high @xmath0 . the mass - ray formation ) , we find that its x - photon and a low @xcite . let us to high - plane , @xmath0 gev is still use . the source of low - ray luminosity of the data for anisotropy emission - in the : c. the star is the model of these results of the model to the existence of their high - ray emission of the gas for the present that inhomogeneivity or of a mass . we discuss these results for angn and @xcite , respectively : , the firstpage s . the presence at the , in the star lines and @xmath10 and . the mass @xmath1 m m m@xmath4-n s is the redshifts radiativeative emission from a a larger than than the presence of the ; the energy energy , that ( ) ) . the radio x - luminosity , @xmath3 ",0.23668639053254437,0.33613445378151263,0.27777777292848194,0.056818181818181816,0.05415162454873646,0.055452860067582564,0.21893491124260356,0.31092436974789917,0.25694443959514857
"this talk gives an elementary introduction to the basic properties of positronium . 
 recent progress in theoretical studies of the hyperfine splitting and lifetime of the ground state is reviewed . 
 sensitivity of these precisely measured quantities to some new physics effects is discussed . 
 # 1o(#1 )    = by -1    bnl - het-99/38 + hep - ph/9911455 + november 1999","the strong in the spin - based on the single x - dimensional energy theory of freedom of the effect are given a few . a quantum mechanics and it is observed model the spin - temperature in the experimental values of the time and the surface ) and in the observed observed method ) , such as to be related to the second - ray - of our calculations in the observed the ) is well wellped in single - body systems . these parameters are also found the other hand of the , we suggest the first first data of the energy @xmath6 and , the first values of both the critical critical - dimensional dimensional - wave transition rates of the results results of the . for , in the system to the ) , @xmath2 . . the other hand . a two - like - time - particle ( fig . we can be interpreted as a function for @xmath0label , the two two - scale systems , @xcite , is not shown in the first in the spin ( so far - up to the most @xmath0 ( @xcite , the low - band is the standard structure of this article . the experimental experimental data hamiltonian @xmath3 as one - , where @xmath1dd] . these these two - dimensional and the effect with the ) , the spin - to the spin , respectively , as not only only the interaction in agreement of the two - , there are not the critical systems : , the ] . this theory show that the spin - - temperature @xmath1 ] , @xmath5 @xmath33 . the ferm - like , the two qubit @xmath6 , the same temperature dependence of the interaction as the phase of the phase phase between the results are well in this paper . from their @xcite , we find its super - space , @xmath1 ngc , ) , which are @xmath5 radiative dms ( @xmath1 , a . the evolution of the standard function , the , we provide no x - dependent states . we show that the the critical to use the @xmath9 . ] ) , a singlet . in a system s ",0.20408163265306123,0.07352941176470588,0.10810810421387888,0.03571428571428571,0.006920415224913495,0.011594200179122669,0.20408163265306123,0.07352941176470588,0.10810810421387888
"we derive the exact solution for the optical conductivity @xmath0 of one hole in the holstein-@xmath1-@xmath2 model in the framework of dynamical mean - field theory ( dmft ) . 
 we investigate the magnetic and phonon features associated with polaron formation as a function of the exchange coupling @xmath2 , of the electron - phonon interaction @xmath3 and of the temperature . 
 our solution directly relates the features of the optical conductivity to the excitations in the single - particle spectral function , revealing two distinct mechanisms of closing and filling of the optical pseudogap that take place upon varying the microscopic parameters . 
 we show that the optical absorption at the polaron crossover is characterized by a coexistence of a magnon peak at low frequency and a broad polaronic band at higher frequency . 
 an analytical expression for @xmath0 valid in the polaronic regime is presented .","the @xmath0 and @xmath6 @xmath1 at @xmath1 , @xmath1 memagnetic , the results suggest of a single - - scale of @xmath0 , @xmath0 . a quantum frequency of the photonn and @xmath1 to the two - , @xmath0 and @xmath0 at @xmath2 and @xmath1 and @xmath2 , we propose propose the first first @xmath1-@xmath10 , a a large @xmath0-son mass transition , @xmath1 . . by our algorithm will lead to the local scale of of the transition . in this and @xcite gaussian the energy @xmath0-@xcite is the ) in the first first order in the system are shown in the high - like @xmath1 is a , the , the l - dimensional ( ) , and @xmath1 is more high - body mass of the case of , we find that the eigen",0.23863636363636365,0.3559322033898305,0.28571428090888057,0.05343511450381679,0.06086956521739131,0.05691056412684292,0.19318181818181818,0.288135593220339,0.23129251220139765
"we consider meson radiative decays within the framework of @xmath0 gauge symmetry . 
 this approach is based on the linear sigma - model extended by the gauge and quark - meson interactions . 
 physical content and parameters of the model are discussed . 
 theoretical predictions for some radiative decays of vector mesons are in a good agreement with the experimental data .","we present the model of other other systems is not not no agreement with the corresponding to a single - state . the . this paper we present two fields of ir - photon data , an arbitrary model in the @xcite , thus to the fermi density spectrum for a large . the presence of a factor factor at small temperature at all an results will show that for the presence of the @xmath0 are expected for the results of the quantum fields . , [ ) , [ first , the @xmath5 ) has been calculated at tb of the presence of an important way . in the ) . these properties of the time - ray scattering of the photon systems with @xmath0@xmath6 , e. the eigenmagnetic photon , a small small ) the @xmath11 . however , as the system of two particle , we have the experimental study on a new analysis of general analysis of - waveity and @xmath0 and which we find that are small - band is , and @xmath35 are consistent with a , where @xmath1 and @xmath1-p _ cm",0.4090909090909091,0.1956521739130435,0.2647058779757786,0.08928571428571429,0.02976190476190476,0.04464285339285746,0.3409090909090909,0.16304347826086957,0.2205882309169551
"persistent currents and drude weights are investigated for the tight - binding approximation to one - dimensional rings threaded by a magnetic flux and with potential given by some almost - periodic substitution sequences with different degrees of randomness , and for various potential strengths . 
 the drude weight @xmath0 distinguishes correctly conductors and insulators , in accordance with the results shown by the currents . in the case of insulators 
 the decay of @xmath1 for large ring lengths @xmath2 provides an estimate for the localization length of the system . 
 it is shown that the more random the sequence does not imply the smaller conducting properties . 
 this discrepancy between the hierarchy of disorder of the sequences and the capacity of conduction of the system is explained by the gaps in the energy spectra . 
 + pacs numbers : 73.23.ra , 73.20.dx , 73.23.-b","the effective correlation for the system . the current interaction is more example , a a fixed phase - band to a @xmath1 ] and @xcite ) and its optical energy ) and a non - rays in other other systems is possible . we use @xmath5 , however . in an important conditions can lead to the main contribution of the phase transition in this technique . . this is @xmath0 a function . when the mass theory . the dynamics and magnetic field ) , but however , @xmath2 and @xmath0 . our analytical expressions is the ground field in the non - - , . in 2 , is a significant description of a low temperatures .",0.20430107526881722,0.2878787878787879,0.23899370583600343,0.0364963503649635,0.046296296296296294,0.040816321600666984,0.1935483870967742,0.2727272727272727,0.22641508948380215
"motivated by the recently proposed parallel orbital - updating approach in real space method @xcite , we propose a parallel orbital - updating based plane - wave basis method for electronic structure calculations , for solving the corresponding eigenvalue problems . in addition , we propose two new modified parallel orbital - updating methods . compared to the traditional plane - wave methods , our methods allow for two - level parallelization , which is particularly interesting for large scale parallelization . 
 numerical experiments show that these new methods are more reliable and efficient for large scale calculations on modern supercomputers . 
 density functional theory , electronic structure , plane - wave , parallel orbital - updating .","in the corresponding corresponding corresponding state in a standard system ) we have the ground - . the thermal structure of the two - of two temperatures in the @xmath1 in the . this paper of the , where @xmath2 (math1 ) , the non - up to the first first - fson states is @xcite . the magnetic fields [ , including the magnetic order to describe the eigenson and @xmath0 .",0.2,0.3170731707317073,0.24528301412424355,0.031914893617021274,0.047619047619047616,0.03821655570449166,0.15384615384615385,0.24390243902439024,0.188679240539338
"we present an implementation of the hierarchical tree algorithm on the individual timestep algorithm ( the hermite scheme ) for collisional @xmath0-body simulations , running on grape-9 system , a special - purpose hardware accelerator for gravitational many - body simulations . 
 such combination of the tree algorithm and the individual timestep algorithm was not easy on the previous grape system mainly because its memory addressing scheme was limited only to sequential access to a full set of particle data . 
 the present grape-9 system has an indirect memory addressing unit and a particle memory large enough to store all particles data and also tree nodes data . 
 the indirect memory addressing unit stores interaction lists for the tree algorithm , which is constructed on host computer , and , according to the interaction lists , force pipelines calculate only the interactions necessary . in our implementation , the interaction calculations are significantly reduced compared to direct @xmath1 summation in the original hermite scheme . for example , we can archive about a factor 30 of speedup ( equivalent to about 17 teraflops ) against the hermite scheme for a simulation of @xmath2 system , using hardware of a peak speed of 0.6 teraflops for the hermite scheme .","we present it has been observed ( lhc , we report on the cluster carlo approach , the optical and a high hole in the optical optical flux of magnitude of anisotropy to this present a significant way of the large evolution of the star ly systems in the star star star , and the stellar stellar background data into a first - , in . our study of agn . the local zeeman and and the number of its two particles @xmath0 iso - . we argue that all a few values of the . as a , @xmath7 , respectively . in the energy of @xmath1 . these results provide the magnetic field for the central analysis of the surface mass is @xmath2 and and in fig , and the first - type ) was also also be , which also study the data at this , @xmath0 ev , at the model , the . the system with the presence of the second . the data . , i. = msm.",0.25925925925925924,0.3111111111111111,0.2828282778696052,0.0670391061452514,0.08108108108108109,0.07339449045778074,0.21296296296296297,0.25555555555555554,0.23232322736455474
"the ideals of the eighteenth century s age of enlightenment are the foundation of modern democracies . 
 the era was characterized by thinkers who promoted progressive social reforms that opposed the long - established aristocracies and monarchies of the time . 
 prominent examples of such reforms include the establishment of inalienable human rights , self - governing republics , and market capitalism . 
 twenty - first century democratic nations can benefit from revisiting the systems developed during the enlightenment and reframing them within the techno - social context of the information age . 
 this article explores the application of social algorithms that make use of thomas paine s ( english : 17371809 ) representatives , adam smith s ( scottish : 17231790 ) self - interested actors , and marquis de condorcet s ( french : 17431794 ) optimal decision making groups . 
 it is posited that technology - enabled social algorithms can better realize the ideals articulated during the enlightenment . 
 = 1    collective decision making , computational governance , e - participation , e - democracy , computational social choice theory .","we construct a a new new simulations of the framework suggest that the center of high temperature analysis of stars , how the number of its photometric models , including the high resolution . while no al et al , a single ray model on single resolution are the central . we suggest that ) @xmath0 is to investigate the same sample at the existence of nonequilibrium is the existence of - , both two cases . the same cluster source by the sample of the magnetic fields and numerical results , and the standard results of the discovery . our system of the existence of physics is an important , . it was consistent to our two fields puls",0.10909090909090909,0.18181818181818182,0.13636363167613655,0.018518518518518517,0.02857142857142857,0.02247190534023583,0.09090909090909091,0.15151515151515152,0.11363635894886383
"we demonstrate that a stochastic model consistent with the scaling properties of financial assets is able to replicate the empirical statistical properties of the s&p 500 high frequency data within a window of three hours in each trading day . 
 this result extends previous findings obtained for eur / usd exchange rates . 
 we apply the forecast capabilities of the model to implement an explicit trading strategy . 
 trading signals are model - based and not derived from chartist criteria . in - sample and out - of - sample tests indicate that the model performs better than a benchmark asymmetric garch process , and expose the existence of small arbitrage opportunities . 
 we discuss how to improve performances and why the trading strategy is potentially interesting to hedge volatility risk for s&p index - based products . 
 anomalous scaling ; memory ; intraday returns ; intraday strategy .","a wide wide model of freedom of the surface . this work of . the , our studies , , and a strong field ( c.",0.07291666666666667,0.4117647058823529,0.1238938027535438,0.014925373134328358,0.09090909090909091,0.02564102321827768,0.07291666666666667,0.4117647058823529,0.1238938027535438
"in this work we describe the latest results for the measurements of the hyperfine structure of antiprotonic @xmath0he . 
 two out of four measurable super - super - hyperfine sshf transition lines of the @xmath1 state of antiprotonic @xmath0he were observed . 
 the measured frequencies of the individual transitions are @xmath2  ghz and @xmath3  ghz , with an increased precision of about 43% and 25% respectively compared to our first measurements with antiprotonic @xmath0he [ s. friedreich _ 
 et al . _ , 
 phys . 
 lett . 
 b 700 ( 2011 ) 16 ] . they are less than 0.5  mhz higher with respect to the most recent theoretical values , still within their estimated errors . 
 although the experimental uncertainty for the difference of @xmath4  ghz between these frequencies is large as compared to that of theory , its measured value also agrees with theoretical calculations . 
 the rates for collisions between antiprotonic helium and helium atoms have been assessed through comparison with simulations , resulting in an elastic collision rate of @xmath5  mhz and an inelastic collision rate of @xmath6  mhz .    version","the experimental experimental system . this paper ,. the function of the @xmath1 : c-@xmath0 is used in agreement with the @xmath3 and @xmath5 and @xmath1 are due to be , @xcite . we find for @xmath1 and the magnetic @xmath4 to the the case @xmath3 and @xmath5 . the @xmath0-b . the @xmath0-@xmath0 is a. in each linear state @xmath1 ) , . thus @xmath5 , ,left , one are well well as a ) : . the results that that the initial parameters of @xmath2@xmath6-6-f , for the super - wave field , the , @xmath3 . ( @xmath1)@xcite and @xmath14 is the same @xmath1-da ) and @xmath6 in this is the . as @xmath26 ss of the spin - dimensional , the firstpage ) , we note @xmath0 - ] . the eqeq . for @xmath3 _ , an important model , and @xmath8 $ ) _ . anisotropy , is the temperature @xmath0@xmath1 , i. we find such as a. the ) @xmath3 ) @xmath11 _d in a _ ( in the magnetic @xmath2 : j. [ j. to be @xmath0o@xmath1 : l. while then a new , as well - equilibrium @xmath0 , the . the standard material and @xmath0 and e. if for @xmath0 . the critical model . + ) a new new value @xmath0-p. by @xmath5. [ fig . let temperature @xmath2 @xmath1 . the quantum state of @xmath0 _ a good state @xmath2 the total @xmath4 , , ) for @xmath10 at @xmath8 , such that @xmath4 ) are in contrast , the number of @xmath11 to",0.27350427350427353,0.3018867924528302,0.2869955107072332,0.05421686746987952,0.03862660944206009,0.04511277709587303,0.27350427350427353,0.3018867924528302,0.2869955107072332
"this paper studies secrecy transmission with the aid of a group of wireless energy harvesting ( weh)-enabled amplify - and - forward ( af ) relays performing cooperative jamming ( cj ) and relaying . 
 the source node in the network does _ simultaneous wireless information and power transfer ( swipt ) _ with each relay employing a power splitting ( ps ) receiver in the first phase ; each relay further divides its harvested power for forwarding the received signal and generating artificial noise ( an ) for jamming the eavesdroppers in the second transmission phase . in the centralized case with global channel state information ( csi ) , we provide closed - form expressions for the optimal and/or suboptimal af - relay beamforming vectors to maximize the achievable secrecy rate subject to individual power constraints of the relays , using the technique of semidefinite relaxation ( sdr ) , which is proved to be tight . a fully _ distributed _ algorithm utilizing only local csi at each relay is also proposed as a performance benchmark . 
 simulation results validate the effectiveness of the proposed multi - af relaying with cj over other suboptimal designs .    artificial noise , cooperative jamming , amplify - and - forward relaying , secrecy communication , semidefinite relaxation , wireless energy harvesting 
 .    [ section ] [ section ] [ section ] [ section ] [ proposition ] [ section ] [ section ] [ section ]","a small energy @xmath1 = pionsmm are the three - . the second - based measurements of their optical structure structure within the two - to to be considered @xmath1 , with an large state , . we show that the . the local @xcite , while @xmath1 ly , @xmath0 ) for @xmath1 and and @xmath2 , j. the second - ray emission between all this model of the first optical and @xmath3 eq t b(i@xmath2(bss the time @xmath18 .e. one ( 6 , respectively .",0.1652892561983471,0.3448275862068966,0.22346368277020076,0.02926829268292683,0.075,0.042105259119729545,0.1322314049586777,0.27586206896551724,0.1787709453400332
"in energy harvesting ( eh ) network , the energy storage devices ( i.e. , batteries ) are usually not perfect . in this paper , we consider a practical battery model with finite battery capacity , energy ( dis-)charging loss , and energy dissipation . 
 taking into account such battery imperfections , we rely on the lyapunov optimization technique to develop a stochastic online control scheme that aims to maximize the utility of data rates for eh multi - hop wireless networks . 
 it is established that the proposed algorithm can provide a feasible and efficient data admission , power allocation , routing and scheduling solution , without requiring any statistical knowledge of the stochastic channel , data - traffic , and eh processes . 
 numerical results demonstrate the merit of the proposed scheme . 
 stochastic optimization , energy harvesting , battery imperfections , wireless networks .","a new new method of the system . the surface . the large - ) . the energy @xmath00 . the sample , while also made on the existence of adiab + . this process , or the experimental results results were not not not not be observed .",0.12359550561797752,0.36666666666666664,0.18487394580891187,0.022556390977443608,0.075,0.0346820773697755,0.11235955056179775,0.3333333333333333,0.16806722311983624
"a toy model for magnetic extraction of energy from black hole ( bh ) accretion disk is discussed by considering the restriction of the screw instability to the magnetic field configuration . 
 three mechanisms of extracting energy magnetically are involved . 
 ( [ eq1 ] ) the blandford - znajek ( bz ) process is related to the open magnetic field lines connecting the bh with the astrophysical load ; ( [ eq2 ] ) the magnetic coupling ( mc ) process is related to the closed magnetic field lines connecting the bh with its surrounding disk ; and ( [ eq3 ] ) a new scenario ( henceforth the dl process ) for extracting rotational energy from the disk is related to the open field lines connecting the disk with the astrophysical load . 
 the expressions for the electromagnetic powers and torques are derived by using the equivalent circuits corresponding to the above energy mechanisms . 
 it turns out that the dl power is comparable with the bz and mc powers as the bh spin approaches unity . 
 the radiation from a quasi - steady thin disk is discussed in detail by applying the conservation laws of mass , energy and angular momentum to the regions corresponding to the mc and dl processes . 
 in addition , the poloidal currents and the current densities in bh magnetosphere are calculated by using the equivalent circuits . 
 black holes , physics of black holes , infall , accretion , and accretion disks , relativity and gravitation 97.60.lf , 04.70.-s , 98.62.mw , 95.30.sf","in our results , while the high magnetic field with different ) in a system : the most most two - phase and and anisotropy of the large in one may be only s , where an additional superfluid method for the first firstpage . we can be understood as large - ray emission and we show that with the presence of the first first first than the @xmath0 . the radio - based on a single single gas gas . the magnetic field ) . however . one - ray source may be used this purpose between the source of the formation . such a agn , in this paper , we we find that and a observed in a significant number , iitr with all all a low field over a strong .",0.11475409836065574,0.19718309859154928,0.14507771555639093,0.023255813953488372,0.04201680672268908,0.02994011517354583,0.10655737704918032,0.18309859154929578,0.1347150212558728
"we present analysis of c7.0 solar flare of febrary 17 , 2013 , revealing a strong helioseismic response ( sunquake ) caused by a very compact impact in the photosphere . 
 this is the weakest known c - class flare generating a sunquake event . to investigate possible mechanisms of this event , and to understand the role of 
 accelerated charged particles and photospheric electric currents , we use data from three space observatories : ramaty high energy solar spectroscopic imager ( rhessi ) , solar dynamics observatory ( sdo ) and geostationary operational environmental satellite ( goes ) . 
 we find that the photospheric flare impact does not spatially correspond to the strongest hxr emission source , but both of these events are parts of the same energy release . 
 our analysis reveals a close association of the flare energy release with a rapid increase of the electric currents , and suggests that the sunquake initiation is unlikely to be explained by the impact of high - energy electrons but may be associated with a rapid current dissipation or a localized impulsive lorentz force .","in the star star star star star galaxies using large . the . we have the galactic galactic galactic galactic stars ( r. the second mass ( , and a function , we also discuss non - ray ray disk disk in in the x - emission sources , and ) with the x - resolution formation of the formation .",0.10810810810810811,0.375,0.1678321643581594,0.023255813953488372,0.08333333333333333,0.03636363295206644,0.0990990990990991,0.34375,0.1538461503721454
"standard analytical chemical evolution modelling of galaxies has been assuming the stellar initial mass function ( imf ) to be invariant and fully sampled allowing fractions of massive stars to contribute even in dwarf galaxies with very low star formation rates ( sfrs ) . 
 recent observations show the integrated galactic initial mass function ( igimf ) of stars , i.e. the galaxy - wide imf , to become systematically top - heavy with increasing sfr . 
 this has been predicted by the igimf theory , which is here used to develop the analytical theory of the chemical evolution of galaxies . 
 this theory is non - linear and requires the iterative solution of implicit integral equations due to the dependence of the igimf on the metallicity and on the sfr . 
 it is shown that the mass  metallicity relation of galaxies emerges naturally , although at low masses the theoretical predictions overestimate the observations by 0.30.4 dex . 
 a good agreement with the observation can be obtained only if gas flows are taken into account . in particular , we are able to reproduce the mass  metallicity relation observed by lee et al . 
 ( 2006 ) with modest amounts of infall and with an outflow rate which decreases as a function of the galactic mass . 
 the outflow rates required to fit the data are considerably smaller than required in models with invariant imfs .    stars : abundances  stars : luminosity function , mass function 
 supernovae : general  galaxies : evolution  galaxies : dwarf  galaxies : star clusters : general","the photon , , a , and that is the star , , this article ) , is much well as those ) . in the results are , , for small resolution resolution , are are expected at each , and of a , : ; we analyze the system , , m , the galaxy galaxies galaxies . the low clusters have the energy , and two types of the first ray disk - level of the formation in the mass of the solar models @xmath0 i - to the high temperatures chandra ) . it is the large galaxies is , the mass of the star star . the star star star formation of the ray - ray ray ray stars tb , one for the mass and x - photon , @xmath22 , we show that the , . with the , and @xmath5 of the low temperature ) and this was the high resolution radio mass ( see , ly on the formation and the gas . + . these regions of @xcite , m m - induced induced by the black hole hole sources ) eq . the firstpage chandra _ * _ x - of the _ the ray of a source of a formation formation . we cans to obtain those that the model for the x -math9 , such radio matter matter energy the @xmath12 . the data and the time at fig , b - field and the most other that the . . _ university of the stellar mass of the results results has very high - - , so - time to a , at the low energy with time time for the firstpage . the ray emission on recent galaxies . [ fig , s. the presence at the high . this is @xmath1 . at @xmath8 ) . we describe the star , . ( . as in this model ( b ; this problem , such in the low - time galaxy @xmath4 . the red_ x dwarf dwarf dwarf lines and their gas , and a single - , and in the stellar redshift , @xcite . in the source of the ) is in this is an , the observed in a ray and , we use the model",0.302158273381295,0.336,0.31818181319587935,0.05531914893617021,0.04421768707482993,0.04914933343648765,0.26618705035971224,0.296,0.28030302531709145
"the dynamics of the recombination in ultrastrong atomic fields is studied for one - dimensional models by numerical simulations . 
 a nonmonotonic behavior of the bound state final population as a function of the laser field amplitude is examined . 
 an important role of a slow drift of an electron wave packet is observed .","the transition from the same @xmath0 is an optical density of large @xmath1 and @xmath0 is is in a large scale in the magnetic field , are also have a few - induced to to the results for the system : cmd modes with the results results are investigated that ( @xmath0 and they are shown for the observed invariant temperature @xmath9 , and @xmath0 @xmath8 . in such as @xmath1 has a first energy is presented . , are important model . we find a a critical . it shows our analysis of ionity of two different range of @xmath3 , the total - like @xmath2 ] [ fig hz , but not be well as high - like the number of other time - scale @xmath1 cm_ k.",0.3,0.15,0.19999999555555567,0.0,0.0,0.0,0.275,0.1375,0.183333328888889
"the main goal of the alice experiment is to study the properties of the hot and dense medium created in ultra - relativistic heavy - ion collisions . 
 the measurement of the particles is an important tool to understand particle production mechanisms and the dynamics of the quark - gluon plasma ( qgp ) . 
 we report on the production of k@xmath0 , , and in proton - lead ( ) collisions at @xmath1 = 5.02 tev and lead - lead ( ) collisions at @xmath1 = 2.76 tev measured by alice at the lhc 
 . the comparison of the hyperon - to - pion ratios in the two colliding systems may provide insight into strangeness production mechanisms , while the comparison of the nuclear modification factors helps to determine the contribution of initial state effects and the suppression from strange quark energy loss in nuclear matter .","the two - mass space - - . in the thermal . when a more results that the total magnetic fields the total momentum to only only in large mass mass . the corresponding to the energy energy energy - . this calculation of the the two two - line , we use of the , respectively . this way to the quantum ( fmc model a simple simple simple data @xmath0 is a finite mass at large temperature and the , the other hand , @xmath7 by their . the presence of the number of an interesting analysis . we study the case and @xmath3 , where @xmath3 . we find these cases , for the , the first - frequency of the @xmath3 , the @xmath0 , k. a large @xmath1 , we study of the magnetic field s , characterization of @xmath0 . let",0.20238095238095238,0.25,0.22368420558171756,0.03875968992248062,0.041666666666666664,0.040160637576813894,0.17857142857142858,0.22058823529411764,0.19736841610803335
"we study the joint spectral properties of photon pairs generated by spontaneous parametric down - conversion in a one - dimensional nonlinear photonic crystal in a collinear , degenerate , type - ii geometry . 
 we show that the photonic crystal properties may be exploited to compensate for material dispersion and obtain photon pairs that are nearly factorable , in principle , for arbitrary materials and spectral regions , limited by the ability to fabricate the nonlinear crystal with the required periodic variation in the refractive indices for the ordinary and extraordinary waves .",we study the new results of the total source of the interaction in in the observed . the main main background ratio on the function of the model . an ideal . from the existence of such . we find that which is similar ( f.,0.1,0.20689655172413793,0.13483145628077278,0.03409090909090909,0.07692307692307693,0.047244090232500854,0.1,0.20689655172413793,0.13483145628077278
"we propose a general numerical approach that can be used to study the invasion fitness of a mutant in evolutionary models and to determine evolutionary singular strategies when the competitive exclusion principle holds . 
 we illustrate this method with a mass - structured individual - based chemostat model . 
 we assume that the mutations are rare and that the resident population is large , in which case the mutant population can be viewed , on a short time scale , as evolving in a constant environment . 
 both deterministic and stochastic models can be proposed to describe such a problem . 
 we exploit a previously derived mathematical relationship between these models to derive a general method for analyzing the invasion fitness of stochastic models . 
 our method is based on a deterministic reduced model for which it is straightforward to determine the feasibility of invasion and the convergence - stable evolutionary singular strategy . 
 [ [ keywords ] ] keywords : + + + + + + + + +    adaptive dynamics , invasion fitness , chemostat , evolutionary singular strategy , growth - fragmentation model , individual - based model , survival probability , eigenvalue . 
 [ [ mathematics - subject - classification - msc2010 ] ] mathematics subject classification ( msc2010 ) : + + + + + + + + + + + + + + + + + + + + + + + + + + + + + + + + + + + + + + + + + + + + +    92d15 , 92d25 , 35q92 , 45c05 .","a solution solution of the star formation formation in the . we show that the local local local . for the hb and the system of their host . the galaxy ) , while the star - ray - ray ray ; one of the first type of neutron neutron stars ; the . we conclude that . here the gaussian mass and agn we study of the galactic galactic galactic halos of an large - body body ( a a a single flux for which are the most of the magnetic field of the galaxy or , the large a single quarks and the star systems , while astrophysical types of a low - like the same disk disk , it is considered ( ebls , while many and a good features between which also be used by using non - ray ray in its cluster . our data . , and well - field function of the same and in the @xmath6 s ( for the disk . the model by the standard model , the black hole : , '' of these results ( a a single - to explain such sources will be . our results . the model of the . we show the . we identify the optically with the other hand . thus is . , where each of their new models . in this observation , such a , the energy : qcd .",0.2897196261682243,0.29245283018867924,0.29107980720668303,0.0425531914893617,0.041666666666666664,0.04210525815844935,0.21495327102803738,0.2169811320754717,0.21596243631466433
"in this paper the benefits provided by multi - cell processing of signals transmitted by mobile terminals which are received via dedicated relay terminals ( rts ) are assessed . 
 unlike previous works , each rt is assumed here to be capable of full - duplex operation and receives the transmission of adjacent relay terminals . 
 focusing on intra - cell tdma and non - fading channels , a simplified uplink cellular model introduced by wyner is considered . 
 this framework facilitates analytical derivation of the per - cell sum - rate of multi - cell and conventional single - cell receivers . 
 in particular , the analysis is based on the observation that the signal received at the base stations can be interpreted as the outcome of a two - dimensional linear time invariant system . 
 numerical results are provided as well in order to provide further insight into the performance benefits of multi - cell processing with relaying .","the electron spectrum of the function of the effect of various potential model and the . the effective . the . we have . we perform a wide temperature of a system , , , and we show for any possibility of the case . it is shown that for a few quantum quantum model , which are @xmath0 and ( fig . the two - level of supersymmetric field . the results show that we have been given that the @xmath6 is a direct study study of . we find that this is also be interpreted that a simple simple simple @xmath6 , the two - particle spin - of ) . we calculate a single - photometry of the phase , + + . in @xcite ) are found that the function of the standard results that both as the phase in the ) . the results results that which may anisotropies . an effective effective effective interaction can astrophysical , the time time - phase of the ground state of the number of the second , we can be first - phase @xmath1 is the value , we find a two supernormalization @xmath1 is the total field . @xmath2 we find the superfluid of the effect of the system : @xmath2 _ in . the , the corresponding @xmath1 . we investigate with quantum lattice , which is is a unique . the non - . however , when our experimental results of the time of them @xcite . our studies ( as compared with the standard model , @xmath6 . to all of the non - like a small structure . the ) we have a small @xmath0 ; and non - qubits is found that if isotropic . at the system from general values could be a new case of the non - brillorillorillo2 ceply to the . the second - dimensional state @xmath0 in the superconductivity ) hz - photon field by the model , the model for @xmath12 is the field can be proposed to be a. we have been used the local level distribution in the ) ) , and the two - of these new information is the , a finite - dimensional ( [ fig . we use using an important sample . [ , and",0.3,0.22388059701492538,0.25641025151581565,0.125,0.0625,0.08333332888888913,0.3,0.22388059701492538,0.25641025151581565
"until the mystery of confinement is understood from the first principles , so called _ soft physics _ remains an important area of research , providing valuable information on underlying dynamics of strong interactions at long distances . in this review an attempt is made to summarize recent experimental results on multiparticle production in   and on diffraction at hera . 
 # 1#2#3#4#1*#2 * ( # 4 ) # 3 0_phys . 
 rev . _ 2df_2^d(3 )    x 
 lpnhe/9610 + november 1996 +    * soft interactions + and diffraction phenomena * +   +     +   + plenary talk + -2pt given at the 28@xmath0 international conference on high energy physics , + warsaw , 25 - 31 july , 1996","we demonstrate the model that for for the most higher number of the @xmath0 . this paper . we use the sample of a new data , it was not not be . the superconductors ] ( @xmath0 as such a large line with the critical model for general study the @xmath3 . the number of our data with the presence of the , and the @xmath0 and ir state . an important important model with the ly we note that the ) we find that that that the quantum order to observe that our approach is discussed in the present a first - , which is the quantum point , @xmath7 of magnitude of a significant model , we prove this new data has a azir .",0.18181818181818182,0.2153846153846154,0.19718309362725664,0.009009009009009009,0.009009009009009009,0.009009004009011784,0.15584415584415584,0.18461538461538463,0.1690140795427496
"we report on an on - going analysis of high - resolution uv spectra of hot hydrogen - rich central stars of planetary nebulae ( cspn ) , obtained with the hubble space telescope and fuse . 
 since uv spectra of many cspn are dominated by fe and ni lines , we intend to use them as temperature indicators to check the cspn temperature scale we have derived earlier from cno ionization balances . 
 furthermore , the observed line strengths of heavy metals show large variations between different objects suggesting a possible spread in abundances 
 . we will determine abundances of iron group elements by quantitative spectral analyses with non - lte model atmospheres .","it is a very recent study of a new new physics , the most in high high mass distribution of their system . the data by the t ) ; the sample of  firstpage . our numerical way for small small stars , ) : , and the observed observed in this present ) , . an two clusters using a function of the low rays is the magnetic field in the photometry with the formation )  single - redshift , and photon emission in a new new new observations of stars , and stars. * l. , , h . for agngngn line",0.17647058823529413,0.2542372881355932,0.20833332849633499,0.037037037037037035,0.043010752688172046,0.03980099005272209,0.16470588235294117,0.23728813559322035,0.19444443960744612
"this paper proposes a robust control method based on sliding mode design for two - level quantum systems with bounded uncertainties . 
 an eigenstate of the two - level quantum system is identified as a sliding mode . 
 the objective is to design a control law to steer the system s state into the sliding mode domain and then maintain it in that domain when bounded uncertainties exist in the system hamiltonian . 
 we propose a controller design method using the lyapunov methodology and periodic projective measurements . 
 in particular , we give conditions for designing such a control law , which can guarantee the desired robustness in the presence of the uncertainties . 
 the sliding mode control method has potential applications to quantum information processing with uncertainties .    quantum control , 
 sliding mode control , bounded uncertainty , periodic projective measurement , lyapunov methodology .",the presence of the magnetic fields . it is more more possible possible for a new simulations of the standard problem that the number of . + in an effective . the number is is the interaction within this theory of a function of the order ] . our model that it is shown that the single energy is the average . the @xmath5 .,0.14864864864864866,0.3142857142857143,0.2018348580254188,0.025210084033613446,0.057692307692307696,0.035087715065832734,0.14864864864864866,0.3142857142857143,0.2018348580254188
"we have carried out extensive equilibrium molecular dynamics ( md ) simulations to study the structure and the interfacial properties in the liquid - vapor ( lv ) phase coexistence of partially miscible binary lennard - jones ( lj ) mixtures . by analyzing the structural properties as a function of the miscibility parameter , @xmath0 
 , we found that at relatively low temperatures the system separates forming a liquid a - liquid b interface in coexistence with the vapor phase . at higher temperatures and , @xmath1 
 , we found a temperature range , @xmath2 , where the liquid phases are wet by the vapor phase . here 
 , @xmath3 represents the wetting transition temperature ( wtt ) and @xmath4 is the consolute temperature of the mixture . 
 however , for @xmath5 , no wetting phenomenon occurs . for the particular value , @xmath6 , we analyzed quantitatively the @xmath7 versus @xmath8 , and @xmath9 versus @xmath10 phase diagrams and found , @xmath11 , and @xmath12 . 
 we also studied quantitatively , as a function of temperature , the surface tension and the adsorption of molecules at the liquid - liquid interface . 
 it was found that the adsorption shows a jump from a finite negative value up to minus infinity , when the vapor wets the liquid phases , suggesting that the wetting transition ( wt ) is of first order . 
 the calculated phase diagram together with the wetting phenomenon strongly suggest the existence of a tricritical point . 
 these results agree well with some experiments carried out in fluid binary mixtures .","the results of the existence of our results of the mean density density field of light or e. it is be to the first that we develop @xmath2 . we find the initial . this problem of a function of the effective effective system of all - of the local potential . we identify all the number for an ideal properties of the quantum quantum systems , . we compute the data with numerical results that a large - of the dynamics ; this way of the time , while the magnetic field in . this this letter @xmath5 of the @xmath0 , and the model the system of the same is @xmath0 is obtained from the spin spin - state are studied , the ground dimensional coupling ( p. for a very different to the same in this approach were used to @xcite , however . the other other hand . in in this case and @xmath1 phenomenological approach . we have been based on the first evidence of @xmath1-d of the system , are the kev . the total space . the probability of a given by the first firstpage , we show that , the energy of all all the linear fields also also investigate the model were found for the results are expected ) . we discuss the @xmath1 on the first non - , and @xmath11 . for the s. for the two - scale , and a few state @xmath4 . @xmath6 with the critical and @xmath5 _ h. we show this paper which can be calculated for the case is due to be ] , the one that the non - - energy @xcite : a consequence of the standardly to describe the function of the @xmath17 ) , in large phase is the energy , respectively . this theory , the time @xmath0 phase @xmath1 is the experimental effects . our studies . @xmath2 , the presence of low - in the system . the energy gaussian potential with a. the experimental experimental experimental method and we propose it has been used ] in the total s of , see l. @xmath2 . for the quantum quantum hall is a low - field in the quantum , since @xmath1 are observed @xmath14 , we obtain",0.31297709923664124,0.2789115646258503,0.2949640237935407,0.08771929824561403,0.06535947712418301,0.07490636214787728,0.2748091603053435,0.24489795918367346,0.258992800771958
"the stability , electronic and optical properties of single - walled carbon nanotubes ( cnts ) and graphene noncovalently functionalized with free - base tetraphenylporphyrin ( tpp ) molecules is addressed by density functional theory calculations , including corrections to dispersive interactions . 
 we study the tpp physisorption on 42 cnt species , particularly those with chiral indices ( @xmath0,@xmath1 ) , where @xmath2 and @xmath3 . 
 our results show a quite strong @xmath4-@xmath4 interaction between tpp and the cnt surface , with binding energies ranging from 1.1 to 1.8  ev , where higher energies can be associated with increasing cnt diameters . 
 we also find that the tpp optical absorptions would not be affected by the cnt diameter or chirality . 
 results for the tpp physisorption on graphene show a remarkable stability with binding energy of 3.2  ev , inducing a small redshift on the @xmath4-stacked tpp absorption bands . 
 the strong graphene - tpp interaction also induces a charge transfer from tpp to graphene , indicating a @xmath0-type doping mechanism without compromising the graphene structure .","a super - type . from the firstpage cm . a new new type type - field , . the presence of the case of non - dimensional supergiant . we derive the average . we show that it was studied the two - free and @xmath1 . the @xmath2 . . we consider a large - body . the initial states @xmath0-iii , we find that other hand , the , @xmath2 :math7 is @xmath1 of the magnetic field . the total energy @xcite :math4 , the main results present present only eq , to be the magnetic field is given a a _ j. [ fig .",0.16981132075471697,0.3050847457627119,0.21818181358751157,0.006060606060606061,0.010752688172043012,0.0077519333738985405,0.1509433962264151,0.2711864406779661,0.1939393893450873
"we propose a scheme to characterize the non - markovian dynamics and quantify the non - markovianity via the non - classicality measured by the negativity of quantumness . by considering a qubit in contact with a critical ising spin bath and introducing an ancilla 
 , we show that revivals of negativity of quantumness indicate the non - markovian dynamics . 
 furthermore , a normalized measure of non - markovianity based on the negativity of quantumness is introduced and the influences of bath criticality , bath temperature and bath size on the non - markovianity are discussed . 
 it is shown that , at the critical point , the decay of non - markovianity versus the size of spin bath is fastest and the non - markovianity is exactly zero only in the thermodynamic limit . besides , non - trivial behaviours of negativity of quantumness such as sudden change , double sudden changes and keeping constant are found for different relations between parameters of the initial state . finally , how the non - classicality of the system is affected by a series of bang - bang pulses is also examined .","we present the main main solution of the two - dependent photon - induced by the @xmath0-ray symmetry . these observations for magnetic magnetic field field is expected to - red - dimensional wave ) . the local , which is described by many models ( [ : , c - , we prove that about @xmath1 . we discuss a single temperature s ] . we demonstrate that the , the system , and , which has been measured with its high - loop . our results we consider two magnetic phase phase by , .",0.17582417582417584,0.26666666666666666,0.211920525012061,0.033112582781456956,0.056179775280898875,0.04166666200034775,0.16483516483516483,0.25,0.19867549189947822
"a detailed and systematic density - functional theory ( dft ) study of a series of early transition - metal carbides ( tmc s ) in the nacl structure is presented . 
 the focus is on the trends in the electronic structure and nature of bonding , which are essential for the understanding of the reactivity of tmc s . 
 the employed approach is based on a thorough complementary analysis of the electron density differences , the density of states ( dos ) , the band structure , and the real - space wave functions to gain insight into the bonding of this class of materials and get a more detailed picture of it than previously achieved , as the trend study allows for a systematic identification of the bond character along the different bands . 
 our approach confirms the presence of both the well - known tm 
 c and tm  tm bonds and , more importantly , it shows the existence and significance of direct c 
 c bonds in all investigated tmc s , which are frequently neglected but have been recently identified in some cases [ solid state commun . * 
 121 * , 411 ( 2002 ) ; phys . 
 rev . 
 b * 75 * , 235438 ( 2007 ) ] . new information on the spatial extent of the bonds , 
 their _ k_-space location within the band structure , and their importance for the bulk cohesion is provided . 
 trends in covalency and ionicity are presented . 
 the resulting electron - structural trends are analyzed and discussed within a two - level model .","we propose that a simulation results on the existence of these properties of the time ) of two - , and three order - state of the presence of the stellar , the data has been found that the new parameters . we find that has been detected in the high - orbit potential : a : @xmath2 . we we show an an effective effective temperature of the sample for the same data of @xmath2 . the firstpage ngc",0.11428571428571428,0.34782608695652173,0.17204300702971448,0.04149377593360996,0.1388888888888889,0.06389776003592994,0.07857142857142857,0.2391304347826087,0.11827956616949949
"large - scale planetary or stellar magnetic fields generated by a dynamo effect are mostly attributed to flows forced by buoyancy forces in electrically conducting fluid layers . 
 however , these large - scale fields may also be controlled by tides , as previously suggested for the star @xmath0-boo , mars or the early moon . by simulating a small local patch of a rotating fluid 
 , @xcite have recently shown that tides can drive small - scale dynamos by exciting a hydrodynamic instability , the so - called elliptical ( or tidal ) instability . by performing global magnetohydrodynamic simulations of a rotating spherical fluid body , we investigate if this instability can also drive the observed large - scale magnetic fields . 
 we are thus interested by the dynamo threshold and the generated magnetic field in order to test if such a mechanism is relevant for planets and stars . rather than solving the problem in a geometry deformed by tides , we consider a spherical fluid body and add a body force to mimic the tidal deformation in the bulk of the fluid . 
 this allows us to use an efficient spectral code to solve the magnetohydrodynamic problem . 
 we first compare the hydrodynamic results with theoretical asymptotic results , and numerical results obtained in a truely deformed ellipsoid , which confirms the presence of the elliptical instability . 
 we then perform magnetohydrodynamic simulations , and investigate the dynamo capability of the flow . 
 kinematic and self - consistent dynamos are finally simulated , showing that the elliptical instability is capable of generating dipole dominated large - scale magnetic field in global simulations of a fluid rotating sphere .","an upper ) s , we can found found found for experimental data , . this result @xmath1 , and it not not explain a model ] , with a single - . in the same and @xmath2 , e - s , but can occur with a set of the data . the mass in the two - . in a new result of the presence of the x - qubit . we show that an data . the stellar . for the gaussian model , , as , , there exists @xmath6 , + , respectively , , , while the @xmath3 . , and using a new model in which can be achieved on the ) the , and the cluster . in the firstpage , we show that is the present present for the local mass line and for the high emission ngc ) . we argue that it is be used the observed in contrast . this approach , , _ t . * , a simple ) and two - time to obtain the universe ) s , and the most physical system was detected at at different . the other observations of the , . however , bs kev . this region for @xmath5 , and we consider the local galaxy , + ) @xmath2 @xmath1-1-llsm . the galactic xmm ; eigenity and the energy , the existence of both mass ( . rev ) , in their x and the first - f. 2 kev : p, the system on the photon . , @xcite . the eq . it not @xmath0-band is the most two two ( fig ) eq , we find that these objects , m + the , the first , but not be seen by a new system . for @xcite , e@xmath4 , and @xmath6 , the observed in which is given , 2 ) s , ) and the results in the light in the two - , the local structure . although the large mass at our present a single hole - line line and the redshift has been well in the standard results ",0.23741007194244604,0.24444444444444444,0.2408759074098248,0.06584362139917696,0.058394160583941604,0.06189554627523059,0.2158273381294964,0.2222222222222222,0.2189780971908467
"we propose a concept for production of high power coherent attosecond pulses in x - ray range . 
 an approach is based on generation of 8th harmonic of radiation in a multistage hghg fel ( high gain high harmonic free electron laser ) configuration starting from shot noise . 
 single - spike phenomena occurs when electron bunch is passed through the sequence of four relatively short undulators . 
 the first stage is a conventional `` long '' wavelength ( 0.8 nm ) sase fel which operates in the high - gain linear regime . 
 the 0.1 nm wavelength range is reached by successive multiplication ( 0.8 nm @xmath0 0.4 nm @xmath0 0.2 nm @xmath0 0.1 nm ) in a stage sequence . 
 our study shows that the statistical properties of the high - harmonic radiation from the sase fel , operating in linear regime , can be used for selection of radiation pulses with a single spike in time domain . 
 the duration of the spikes is in attosecond range . 
 selection of single - spike high - harmonic pulses is achieved by using a special trigger in data acquisition system . 
 the potential of x - ray sase fel at tesla at desy for generating attosecond pulses is demonstrated . since the design of xfel laboratory at tesla is based on the use of long sase undulators with tunable gap , no special place nor additional fel undulators are required for attophysics experiments . 
 the use of a 10 gw - level attosecond x - ray pulses at x - ray sase fel facility will enable us to track processes inside atoms . 
 ,    , and","we extend measure of x - optical and xmm - a a a new method to the observed observed in star formation of different two rays with the solar observations are obtained from from a large . this present a simple case of the . we discuss the stellar energy data of the observed - ray ray binaries in in @xmath0 . recent recent method for the stars and the two - ray galaxy galaxy clusters is applied in the main and the first as a high phase , it is . the @xcite , and of the energy as a new new new emission at high gas the observed from the radio sources in fig , we have been found that the two - xtds the photometric redshift , we analyze a function of the ray ( m , with a a similar models which is the , , the photometric evolution of the , '' '' '' stellar gas and the . @xmath4 ) ghz spectrum are detected of the observed , @xmath1 , @xmath3 , and the ray ray emission in @xmath3 . such that the first firstpage , and a single - scale at low - ray luminosity @xcite , i i. for a significant study the the host host galaxies of the cosmic law law law in ref , and the main main main main to present a @xmath3 @xmath1 in this : kpcpc ) , or the observations has been consistent with the observed in a high mass @xmath0 from three - ray sources . however at a small @xmath1 , it is the x - orbit to the ray sources is consistent with an , there are similar mass on the two orders of the h. we find that this approach could been calculated the galactic resolution and @xmath1 . @xmath3 m / keywords . ( 2011 , and @xmath1 . the . gaussian isol , we find @xmath3 emission through the energy of the radio mass ( @xmath1 . finally hamiltonian , we find that the presence of the x - rays ts . for @xmath6 ( i. the @xmath0 / . @xmath1 and @xmath1 , @xmath1 is @xmath5 of light s . @x",0.23703703703703705,0.24060150375939848,0.2388059651495323,0.06866952789699571,0.05653710247349823,0.06201549892291668,0.2074074074074074,0.21052631578947367,0.2089552188808756
"we consider a hubble expansion law modified in the infra - red by distance - dependent terms , and attempt to enforce homogeneity upon it . as a warm - up 
 , we re - derive the basic kinematics of a friedman robertson walker universe without using standard general relativistic tools : we describe the expansion with a ` hubble velocity field ' rather than with a four dimensional metric 
 . then we extend this analysis to the modified hubble expansion and impose a transformation for velocities that makes it identical for all comoving observers , and therefore homogeneous . 
 we derive the modified equation for light ray trajectories and other geometrical properties that are incompatible with the general relativistic description . 
 we speculate that this extended framework could help addressing cosmological problems which are normally explained with accelerating expansions .","all study the , including the erer emission hamilton observations of the photon . we conclude that that a factor of the system , a.",0.07526881720430108,0.4117647058823529,0.1272727246595042,0.0,0.0,0.0,0.07526881720430108,0.4117647058823529,0.1272727246595042
"we present an optical imaging study of 20 southern - sky nova remnants which has resulted in the discovery of four previously unknown nova shells  v842 cen , rr cha , dy pup and hs pup . 
 the study has also revealed previously unobserved features in three other known shells 
 those of bt mon , cp pup and rr pic . 
 the images of bt mon , v842 cen , rr cha , dy pup and hs pup have been processed using several deconvolution algorithms ( richardson - lucy , maximum entropy and clean ) in addition to straightforward point - source subtraction in an attempt to resolve the shells from the central stars . 
 the use of four different methods enables us to make a qualitative judgement of the results . 
 notably , the shell of rr pic displays tails extending outwards from clumps in the main ejecta similar to those previously detected in dq her . 
 novae , cataclysmic variables  circumstellar matter  techniques : image processing","we analyze the other emission a magnetic simulations ) the new stars can not be used to the large hadron - rays to the , and the radio radio luminosity for the firstpage ) . we find a ray and non - like @xmath4 , but then a present the emission ( firstpage , with the x - light spectra , we discuss the same same spectra using a star star hz , which may may be well agn disk . a disk . these results , we present present present present from the low photometry , or that @xmath2 . in order in this paper is a central simulations , we discuss a high - . , @xmath1 ( , and the galaxy emission ; @xmath1-1-tor , , we observe a ray source of the most most of @xmath1 , , the model in @xmath2 ir model in the , and the sample to be measured with a few @xmath10 . this work can be large star clusters , the two two gas inelastic flux the ) ) . the mass @xmath2 . these galaxies ] ) , or we discuss the same model , . they are discussed . we report results , we also find the m msc , a low energy density is the black holes . the low @xmath5 and the stellar in a ray data , we have been suggested as the ) , and high - , h h. _ department of @xmath3 and @xmath2 . this would show that this case is presented , m. the formation ( @xcite , the solar density of the observations are studied the cluster ( , as a a 2",0.22549019607843138,0.19166666666666668,0.20720720224007805,0.041379310344827586,0.025423728813559324,0.03149605827736171,0.18627450980392157,0.15833333333333333,0.17117116620404202
"population iii stars forming in the infant universe at z=30 heralded the end of the cosmic dark ages . 
 they are presumed to be assembled in so - called minihaloes with virial temperatures of a few thousand k where collapse is triggered by molecular hydrogen cooling . 
 a central question concerns their final masses , and whether fragmentation occurs during their formation . 
 while studies employing lagrangian codes suggest fragmentation via a self - gravitating disk , recent high resolution simulations indicated that disk formation is suppressed . here 
 we report the first high - resolution large - eddy simulations performed with the eulerian grid - based code enzo following the evolution beyond the formation of the first peak , to investigate the accretion of the central massive clump and potential fragmentation . for a total of 3 halos , we see that a disk forms around the first clump . 
 the central clump reaches @xmath0  solar masses after 40 years , while subsequent accretion is expected at a rate of @xmath1 solar masses per year . in one of these halos , additional clumps 
 form as a result of fragmentation which proceeds at larger scales . 
 we note that subgrid - scale turbulence yields relevant contributions to the stability of the protostellar disks . 
 we conclude that the first protostar may reach masses up to @xmath2 , which are only limited by the effect of radiative feedback .","we discuss the . on the carlo field . the ) # 3 , # 1 # 2 : # 1 # 2 # 1 # 1 # 2 # 1 # 1 . + * *#2 # 2 , # 1 # 1 # 1 , # 1 . , . # 1 # 2 # 2 radi ( ( # 2 * # 1 1 # 1 1 # 1 )) s , as ms # 1 #; p. d * * *d # 2 ) . # 2 # 2 . # 1 # 2 * . # 1 # = = # 1 # 2 2 # 1 # 1 # 1 # 1 # 2 _ * * # 2 # 1 * * and # 1#2 # 1#2#2 t *",0.04195804195804196,0.1875,0.06857142558302055,0.0,0.0,0.0,0.04195804195804196,0.1875,0.06857142558302055
"we use both an hi - selected and an optically - selected galaxy sample to directly measure the abundance of galaxies as a function of their `` baryonic '' mass ( stars + atomic gas ) . 
 stellar masses are calculated based on optical data from the sloan digital sky survey ( sdss ) and atomic gas masses are calculated using atomic hydrogen ( hi ) emission line data from the arecibo legacy fast alfa ( alfalfa ) survey . by using the technique of abundance matching , 
 we combine the measured baryonic function ( bmf ) of galaxies with the dark matter halo mass function in a @xmath0cdm universe , in order to determine the galactic baryon fraction as a function of host halo mass . 
 we find that the baryon fraction of low - mass halos is much smaller than the cosmic value , even when atomic gas is taken into account . 
 we find that the galactic baryon deficit increases monotonically with decreasing halo mass , in contrast with previous studies which suggested an approximately constant baryon fraction at the low - mass end . 
 we argue that the observed baryon fractions of low mass halos can not be explained by reionization heating alone , and that additional feedback mechanisms ( e.g. supernova blowout ) must be invoked . 
 however , the outflow rates needed to reproduce our result are not easily accommodated in the standard picture of galaxy formation in a @xmath0cdm universe .","a a theoretical model of various photon galaxies that a single particle velocity and stars of the large gas of the h3 which is an accurate role of several several evidence of the formation of a high x - field is shown that the energy of a more massive . the radio - , their emission ( i. it is calculated when the . the high - mass mass and more more more than @xmath3 and and star for two particles , in the most , we consider ; a first than one as agn , , which is not a wide field . we also find that is studied in the star by the most most analysis is not not @xcite in the high enough as to perform the source ) and @xmath2 , but the data , a wide range of the large resolution of the formation . it is in a factor of these analysis of the mass , , we derive a standard standard model . here as @xmath1 , however are obtained in the energy . an external model ( fig hamilton in the results are a singlettt . however . there is a new sample of the , we discuss the observed in this model show a standard method can used for the results the standard simulations hamilton to @xcite . as the mass of the presence of our results are used to this is the stars in least ,@xmath0 , we show that the redshift kerr , and @xmath1 ; ps have been used in the galactic evolution of the emission . the star clusters of the radio radio radio sources are observed in the galactic galactic galactic galactic galactic galaxies",0.2835820895522388,0.3333333333333333,0.30645160793574405,0.06132075471698113,0.05555555555555555,0.05829595913772691,0.27611940298507465,0.32456140350877194,0.2983870918067118
"analysis of a database of solar coronal mass ejections ( cmes ) and associated flares over the period 1996 - 2007 finds well - behaved power law relationships between the 18    flare x - ray fluence and cme mass and kinetic energy . 
 we extrapolate these relationships to lower and higher flare energies to estimate the mass and energy loss due to cmes from stellar coronae , assuming that the observed x - ray emission of the latter is dominated by flares with a frequency as a function of energy @xmath0 . for solar - like stars at saturated levels of x - ray activity , the implied losses depend fairly weakly on the assumed value of @xmath1 and are very large : @xmath2  yr@xmath3 and @xmath4 . in order to avoid such large energy requirements 
 , either the relationships between cme mass and speed and flare energy must flatten for x - ray fluence @xmath5  erg , or the flare - cme association must drop significantly below 1 for more energetic events . 
 if active coronae are dominated by flares , then the total coronal energy budget is likely to be up to an order of magnitude larger than the canonical @xmath6 x - ray saturation threshold . 
 this raises the question of what is the maximum energy a magnetic dynamo can extract from a star ? for an energy budget of 1%  of @xmath7 , the cme mass loss rate is about @xmath8  yr@xmath3 .","the mass gas gas at @xmath0 , for for an additional reds of - to understand the inner than , and the star , we have been suggested the galaxy stars with with the time - ray ray ray ray ray ray objects for the firstpage ia , at high high - ray ) , but , . the high energy - ray from the time ( cs of the total formation of the formation of the x - ray star in the formation is observed at @xcite , the observed : galaxies . it is only the inner emission @xcite at the . for the , we found that and the stellar emission of the ray emission . the redshifts , agn ) smpc-ts and we discuss discuss that the large @xmath4 . , and the emission _ x - ray emission of @xmath1 and @xmath2 eq . the , one of the ray , the galaxy . while an an observations in the magnetic mass mass kev star galaxies @xmath0 , a mass mass for the magnetic magnetic flux spectrum is detected with a large large star star star . the lt. our properties , and the @xmath4 ) and . for the mass of one the observed , as to the source , the present present in a a simple . the accretions may found in order . the most of this object . it is not @xmath1- / , for the . the observed in star of the large mass of the source by the . in the x - rays of its i. ( fig . the presence of , with the x - ray burst . @xmath1 , @xmath16 with a present a central sample ) , '' @xmath1 is found that the observed at a a simple model to the stellar hole - ray source is also also find that the @xcite , we show that is a quasar - star star formation of @xmath5 s s ( 1 @xmath6 was shown that the . : . furthermore : x - ray emission from the magnetic field , s , at two - , for the optical and @xmath1@xmath1 , such such an , , ",0.32116788321167883,0.3793103448275862,0.3478260819909701,0.07207207207207207,0.05904059040590406,0.06490871715892718,0.24817518248175183,0.29310344827586204,0.2687746985917606
"we analyze the transport properties of a semiconductor based bilayer system under non - equilibrium conditions with special emphasis on the charge transfer statistics in the regime dominated by the exciton transport . 
 we consider two different models . in one of them 
 the transport occurs incoherently and is dominated by incoherent tunneling processes of individual excitons , while in the other system no disorder is present and transport processes are fully coherent . 
 we find that the strength of cross correlations of currents in different layers is only insignificantly affected by the disorder and shows up similar behaviour in both systems . 
 we discuss possible experimental realizations and make predictions for measurable quantities .","we present an way to the current is presented , in the system to some some results on an first that a function indicate this work ) in their model is a large large - mass @xmath5 , we find a first than the method . we present a a model can be identified , respectively : , for @xmath0 ) , and at a low temperature - , the two values of the properties of @xmath0 , and the first a consequence of , for the light or the interaction of the method shows a @xmath0-ray method method . in @xmath1 , @xmath2 can be performed in the @xmath2 . this paper . as . in our findings in the time energy of , and @xmath2 is given by the local local field ) . our results in a function in the properties of .",0.24675324675324675,0.2878787878787879,0.26573426076385165,0.0380952380952381,0.03225806451612903,0.03493449285101423,0.19480519480519481,0.22727272727272727,0.2097902048197957
"high - field magnetic white dwarfs have been long suspected to be the result of stellar mergers . however , the nature of the coalescing stars and the precise mechanism that produces the magnetic field are still unknown . here 
 we show that the hot , convective , differentially rotating corona present in the outer layers of the remnant of the merger of two degenerate cores is able to produce magnetic fields of the required strength that do not decay for long timescales . 
 we also show , using an state - of - the - art monte carlo simulator , that the expected number of high - field magnetic white dwarfs produced in this way is consistent with that found in the solar neighborhood .","we investigate study of a new new results ) . the x - - forming galaxies and . the main luminosity of this work by the ) , our observations . in the star star of galaxy , the , and more than a a function of a mass mass from the present experimental results of the . the system was observed observations that the evolution of the @xmath22 . these objects and an galaxy , ss may present present present present : general in the , is only that the main model is the star star ]",0.15789473684210525,0.24489795918367346,0.19199999523328012,0.04504504504504504,0.06172839506172839,0.0520833284554041,0.15789473684210525,0.24489795918367346,0.19199999523328012
"within the mode - coupling theory ( mct ) for the evolution of structural relaxation in glass - forming liquids , correlation functions and susceptibility spectra are calculated characterizing the rotational dynamics of a top - down symmetric dumbbell molecule , consisting of two fused hard spheres immersed in a hard - sphere system . 
 it is found that for sufficiently large dumbbell elongations , the dynamics of the probe molecule follows the same universal glass - transition scenario as known from the mct results of simple liquids . 
 the @xmath0-relaxation process of the angular - index-@xmath1=1 response is stronger , slower and less stretched than the one for @xmath1=2 , in qualitative agreement with results found by dielectric - loss and depolarized - light - scattering spectroscopy for some supercooled liquids . for sufficiently small elongations , 
 the reorientational relaxation occurs via large - angle flips , and the standard scenario for the glass - transition dynamics is modified for odd-@xmath1 responses due to precursor phenomena of a nearby type - a mct transition . in this case , 
 a major part of the relaxation outside the transient regime is described qualitatively by the @xmath2-relaxation scaling laws , while the @xmath0-relaxation scaling law is strongly disturbed .",we investigate the central light light - scale with the large and other star . with those of the model is proposed method . a novel density density of a new calculations in the results are very very very large large field _,0.10256410256410256,0.41379310344827586,0.16438355846031152,0.015789473684210527,0.07692307692307693,0.02620087053641266,0.07692307692307693,0.3103448275862069,0.12328766804935269
"the mobility of a charged projectile in a strongly coupled dusty plasma is simulated . 
 a net force @xmath0 , opposed by a combination of collisional scattering and gas friction , causes projectiles to drift at a mobility - limited velocity @xmath1 . the mobility @xmath2 of the projectile s motion is obtained . 
 two regimes depending on @xmath0 are identified . in the high force regime , @xmath3 , and 
 the scattering cross section @xmath4 diminishes as @xmath5 . 
 results for @xmath4 are compared with those for a weakly coupled plasma and for two - body collisions in a yukawa potential . 
 the simulation parameters are based on microgravity plasma experiments .","we calculate a new new effect of the fer . while the model @xmath1 is a few as a : @xmath3 . we find that there is in the @xmath0 to the @xmath1 of the initial - temperature @xmath2 . in the single - field can be also @xmath0-0- - in this allows to @xmath2 as two two spin states @xmath0 , with the effect of the field , @xmath10 , @xmath2 which leads to the , @xmath0 and @xmath1 @xcite . we discuss the temperature is also be @xmath1 . [ . ( @xmath3 for the experimental models of the interaction and @xmath1 . the quantum . [ . the ground state as long - body number of @xmath6 @xmath2 , ( see a @xcite and we also be @xmath2 . the two - induced at the local mass @xmath2-r , such as @xmath0-0-0-n . in the total evolution between the , which is @xmath1 @xmath1@xmath0 : g. [ b , @xmath0-0-body ) . ( i. using the two particles which has has been proposed at the data can give a , the spin - orbit of the energy scale @xmath3 @xmath0 ( 2bdd and two order . as a single - dimensional and the existence of @xmath0 , we define an , while the , @xmath4 . , @xmath1 and @xmath13 is the @xmath0 . in this is to the @xmath0 . @xmath1-ns is be fig ) . the quantum quantum in the local theory on this is due to that of its supersymmetric field function of the order and @xmath4 , we can be able to the , with the , @xmath4 _ * w. we show the , eq . the @xmath1 . for @xmath0 . in the case can be first different . i. the single temperature temperature , as the , this approach @xmath9 hamiltonian @xmath5 ",0.3235294117647059,0.19298245614035087,0.24175823707764768,0.06796116504854369,0.02834008097165992,0.03999999584636778,0.3088235294117647,0.18421052631578946,0.2307692260886367
"in this study , we have investigated factors of determination which can affect the connected structure of a stock network . 
 the representative index for topological properties of a stock network is the number of links with other stocks . 
 we used the multi - factor model , extensively acknowledged in financial literature . in the multi - factor model , common factors act as independent variables while returns of individual stocks act as dependent variables . 
 we calculated the coefficient of determination , which represents the measurement value of the degree in which dependent variables are explained by independent variables . 
 therefore , we investigated the relationship between the number of links in the stock network and the coefficient of determination in the multi - factor model . 
 we used individual stocks traded on the market indices of korea , japan , canada , italy and the uk . 
 the results are as follows . 
 we found that the mean coefficient of determination of stocks with a large number of links have higher values than those with a small number of links with other stocks . 
 these results suggest that common factors are significantly deterministic factors to be taken into account when making a stock network . 
 furthermore , stocks with a large number of links to other stocks can be more affected by common factors .","our numerical results models to to the universe universes . the , i - bodyly to the existence of a low - ray level of the number of them and theirstrophysical field of nonlocality ( . a model . both in the single mode . the cluster @xmath2. this model in these data is possible to a standard standard . in the same results for a data and large large in the , where their center - phase , , with the inner - formation  @xmath28 at @xmath2, we have obtained for @xmath4 = a .",0.2,0.3392857142857143,0.2516556244726109,0.03614457831325301,0.07058823529411765,0.04780876046094548,0.2,0.3392857142857143,0.2516556244726109
"we explore dynamics of cosmological models with bounce solutions evolving on a spatially flat friedmann  lematre  robertson  walker background . 
 we consider cosmological models that contain the hilbert 
 einstein curvature term , the induced gravity term with a negative coupled constant , and even polynomial potentials of the scalar field . bounce solutions with non - monotonic hubble parameters have been obtained and analyzed . 
 the case when the scalar field has the conformal coupling and the higgs potential with an opposite sign is studied in detail . in this model 
 the evolution of the hubble parameter of the bounce solution essentially depend on the sign of the cosmological constant .","the quantum quantum limit of the existence of the same model from the same same of its structure of a given . the most of different number of the initial field in this paper . for the . we have been studied . the @xmath3 ) and @xmath0 , we present a model have been found using a significant solutions , where the first order of - ) and the second systems for this result of @xmath0-0-ray function of these results for this effect of . these than the number of the data have developed a similar simulations from the transition with order . the data to the time dependence of @xcite , we compare of a novel values have been observed the spin systems and photon line , if the corresponding to a large spectrum , and , we derive agn . the model we then both the data , the same data to the number of quantum ( vininors , they are made , they they exists the effect in fig fig ) for the method which have been applied , the current current current and a high high - ray emission by a single frequency , the energy @xmath3 the existence of the . for the , @xmath2 and the standard sample . we consider our algorithm , such a magneticly at @xmath2 - . this result with a new model , we report of the . the field and photometric equation on , h. . we derive different phase is the total phase in the other - ray ( @xmath1 with , but have been explained . the field of the evolution in which is anisotropy of the . the time @xmath8 are calculated at a few few number @xmath3 , and the surface . the phase in the , j. these results and @xmath2 and @xmath3 is also obtain be detected in the data to be seen in detail , @xmath1 and the . the number of their simple approach of @xmath1 ) socc k. we propose that an energy . ) and @xmath1 gev , including a low - photon system @xmath2 . for high @xcite . we have been found that of the local @xmath30 s",0.3333333333333333,0.1619718309859155,0.2180094742714675,0.10204081632653061,0.03424657534246575,0.05128204751926392,0.30434782608695654,0.14788732394366197,0.1990521282999035
"a _ box _ in euclidean @xmath0-space is the cartesian product @xmath1 , where @xmath2 is a closed interval on the real line . 
 the _ boxicity _ of a graph @xmath3 , denoted by @xmath4 , is the minimum integer @xmath0 such that @xmath3 can be represented as the intersection graph of a family of boxes in euclidean @xmath0-space . 
 + in this paper , we observe behavior of the boxicity of generalized mycielski graphs .   here 
 we consider whether the boxicity of the generalized mycielski graph @xmath5 is more than that of @xmath3 
 .   actually , the inequality @xmath6 holds for a graph @xmath3 . 
 we give a lower bound for the boxicity of generalized mycielski graphs . 
 we prove that @xmath7 holds for a graph @xmath3 with @xmath8 focal vertices . 
 this indicates that the boxicity of the generalized mycielski graph @xmath5 is more than that of @xmath3 if @xmath3 has a focal vertex . 
 moreover , we also present an upper bound for the boxicity of mycielski graphs .   for a graph @xmath3 with @xmath8 focal vertices , we prove that @xmath9 holds , where @xmath10 is the _ edge clique cover number _ of the complement @xmath11 . 
 these results determine the boxicity of mycielski graphs of some of complete @xmath0-partite graphs . 
 + * keywords * : boxicity ; chromatic number ; cointerval graph ; edge clique cover number ; ( generalized ) mycielski graph","we report on the analysis of the quantum quantum simulation from the framework of a single orbit models . we introduce a function of different results in this system is not be large , we show that is an firstpage . we find that we find that the , but an nonrelrelativation effect , we find that the method @xcite , as the , and @xmath1 of the results and the system is no than their results in the phase between the @xmath1 ( @xcite . the data are also show that this analysis is the results in this paper of the effect of a single space between @xmath0 . the critical properties ) is @xmath4 to a new new new results from the . the data by the dynamics obtained is given the large @xmath0 on the number . to the spin - type spectrum . weyl number of of the case of the existence of the , we use of superposition of the ground state in this technique is @xmath2 . at the two photons . in the two magnitudes ) with the function , which has been detected on the ground state can be large large large and . since the phase . , @xmath4 pacs.g. , in the .",0.2857142857142857,0.3181818181818182,0.30107526383165684,0.059880239520958084,0.06097560975609756,0.06042295572548668,0.2653061224489796,0.29545454545454547,0.2795698874875709
"we study numerically the dynamics of a one - electron wave packet in a two - dimensional random lattice with long - range correlated diagonal disorder in the presence of a uniform electric field . 
 the time - dependent schrdinger equation is used for this purpose . 
 we find that the wave packet displays bloch - like oscillations associated with the appearance of a phase of delocalized states in the strong correlation regime . 
 the amplitude of oscillations directly reflects the bandwidth of the phase and allows to measure it . 
 the oscillations reveal two main frequencies whose values are determined by the structure of the underlying potential in the vicinity of the wave packet maximum .","an an role ) of the @xmath6 is no temperature . the energy @xmath5 , the phase @xmath4 . in the one to each @xmath3 as @xmath1 . we use the local energy and @xmath2 is @xmath0 in the two - ) p. in a large and @xmath9 and @xmath0 in a given @xmath2 is a very similar to the total total @xmath2 to anisenberg phase phase @xmath0 m md , the same @xmath3 , @xmath1 .",0.16666666666666666,0.2926829268292683,0.21238937590727552,0.049019607843137254,0.07462686567164178,0.05917159284758976,0.1527777777777778,0.2682926829268293,0.1946902608630278
"the total kinetic energy release in the neutron induced fission of @xmath0u was measured ( using white spectrum neutrons from lansce ) for neutron energies from e@xmath1 = 3.2 to 50 mev . in this 
 energy range the average post - neutron total kinetic energy release drops from 167.4 @xmath2 0.7 to 162.1 @xmath2 0.8 mev , exhibiting a local dip near the second chance fission threshold . 
 the values and the slope of the tke vs. e@xmath1 agree with previous measurements but do disagree ( in magnitude ) with systematics . 
 the variances of the tke distributions are larger than expected and apart from structure near the second chance fission threshold , are invariant for the neutron energy range from 11 to 50 mev . 
 we also report the dependence of the total excitation energy in fission , txe , on neutron energy .","the first first results from a large galaxies galaxies galaxies in in a wide photon luminosity model of the @xcite . we show that in the disk . the high star invariant mass of the local energy and a system , we argue that the photometric photometry of the results , i. this way , are in its luminosity is the low resolution , we provide the other hand , where @xmath4 ) , as a low . it are obtained from the formation , we introduce an ideal and @xmath0 , and the , ms * , and which are a , r - called , , we can become large , the , i. [ 1 / m - ray photon formation @xcite , the energy as well on the second - ray spectra are described in fig , , which can be achieved in a large redshift ) ,, we use the observed . this is a function of the , while these objects . our observations . ( i 2 . .",0.23809523809523808,0.23255813953488372,0.23529411264775096,0.03968253968253968,0.03289473684210526,0.03597121806531822,0.21428571428571427,0.20930232558139536,0.2117647008830451
"we discuss the implications of a model of noncommutative quantum mechanics where noncommutativity is extended to the phase space . 
 we analyze how this model affects the problem of the two - dimensional gravitational quantum well and use the latest experimental results for the energy states of neutrons in the earth s gravitational field to establish an upper bound on the fundamental momentum scale introduced by noncommutativity . 
 we show that the configuration space noncommutativity has , in leading order , no effect on the problem and that in the context of the model , a correction to the presently accepted value of planck s constant to @xmath0 part in @xmath1 arises . 
 we also study the transition between quantum and classical behaviour of particles in a gravitational quantum well and analyze how an increase in the particles mass turns the energy spectrum into a continuous one . 
 we consider these effects and argue that they could be tested by through experiments with atoms and fullerene - type molecules . 
 ps . 
 # 1#2#1 # 1 # 1 # 1| # 1|#1 # 1#2|#2 # 1 # 1#2__#1| # 1#2|#1__#2 # 1#2#3#4__#1","we compare the standard , @xmath3 , . the two - orbit field , which is a few - in the phase from the electron , including a consequence of non - mass wilson quantum field and is obtained and @xmath0-de state of all the . we derive its . we have been reported a non - @xmath0 is the magnetic field or the order . we also calculate the model is the second and @xmath4 ) is the local photon dynamics . the results of the critical point functions of an important way to be not found that the , and anisotropy to @xmath0 , @xmath0 . the second modes of - energy is independent evalues of an finite and @xmath0 are similar to determine the . it is much , i. we discuss the case of the critical order model to - order is given as @xcite ] , for the number of the system . * keywords . the . by the effect . the , where @xmath6 , and @xmath1 and renormalization is @xmath4-ms. the @xmath0-sons for the linear system . a magnetic field function for the initial fields ] we investigate the order @xcite .",0.27522935779816515,0.3125,0.29268292184937544,0.07058823529411765,0.06976744186046512,0.07017543359666259,0.24770642201834864,0.28125,0.2634146291664486
"the two innermost layers of the alice inner tracking system are instrumented with silicon pixel detectors . 
 single chip assembly prototypes of the alice pixels have been tested in high energy particle beams at the cern sps . 
 detection efficiency and spatial precision have been studied as a function of the threshold and the track incidence angle . 
 the experimental method , data analysis and main results are presented . 
 d.  elia@xmath0 , g.  anelli@xmath1 , f.  antinori@xmath2 , a.  badal@xmath3 , g.e . 
 bruno@xmath4 , m.  burns@xmath1 , i.a . 
 cali@xmath5 , m.  campbell@xmath1 , m.  caselle@xmath4 , s.  ceresa@xmath1 , p.  chochula@xmath1 , m.  cinausero@xmath6 , j.  conrad@xmath1 , r.  dima@xmath2 , d.  fabris@xmath2 , r.a . 
 fini@xmath4 , e.  fioretto@xmath6 , s.  kapusta@xmath1 , a.  kluge@xmath1 , m.  krivda@xmath7 , v.  lenti@xmath4 , f.  librizzi@xmath3 , m.  lunardon@xmath2 , v.  manzari@xmath4 , m.  morel@xmath1 , s.  moretto@xmath2 , p.  nilsson@xmath1 , f.  osmic@xmath1 , g.s . 
 pappalardo@xmath3 , v.  paticchio@xmath4 , a.  pepato@xmath2 , g.  prete@xmath6 , a.  pulvirenti@xmath3 , p.  riedler@xmath1 , f.  riggi@xmath3 , l.  sndor@xmath7 , r.  santoro@xmath4 , f.  scarlassara@xmath2 , g.  segato@xmath2 , f.  soramel@xmath8 , g.  stefanini@xmath1 , c.  torcato de matos@xmath1 , r.  turrisi@xmath2 , l.  vannucci@xmath6 , g.  viesti@xmath2 , t.  virgili@xmath9    spatial precision , efficieny , silicon pixel detector , alice , lhc 29.40.gx , 29.40.wk","we investigate the properties of the effect to the first first , the results which allow time of these evidence for . the new simulation of the . the new data are expected to the phase .",0.049586776859504134,0.2727272727272727,0.0839160813125337,0.005263157894736842,0.03333333333333333,0.009090906735537798,0.049586776859504134,0.2727272727272727,0.0839160813125337
"information hierarchies are organizational structures that often used to organize and present large and complex information as well as provide a mechanism for effective human navigation . 
 fortunately , many statistical and computational models exist that automatically generate hierarchies ; however , the existing approaches do not consider linkages in information _ networks _ that are increasingly common in real - world scenarios . 
 current approaches also tend to present topics as an abstract probably distribution over words , etc rather than as tangible nodes from the original network . 
 furthermore , the statistical techniques present in many previous works are not yet capable of processing data at web - scale . in this paper we present the hierarchical document topic model ( hdtm ) , which uses a distributed vertex - programming process to calculate a nonparametric bayesian generative model . experiments on three medium size data sets and the entire wikipedia dataset show that hdtm can infer accurate hierarchies even over large information networks . 
 [ firstpage ]","we report ( at an photometric region . we present different , . the : . we demonstrate the discovery of the sample , . using recent results of @xmath1 , @xmath4 to study ) ) er . the galactic data that the time can be @xmath0 , @xcite , they and the second order space space of the system @xmath2 is alice over @xmath2 the second second time - type : @xmath2 . we obtain the most data data in which should be firstpage . the two - mass and , respectively ) and . , is the best , they are small number ) , and the , ( cd - field , the detection of the detection in this paper the kev ] + dhz . such than @xmath2 ) @xmath2 , which is known than that the case of each sub - dimensional ) i. a , or @xmath6 we are axisymmetric and @xmath5 in the presence of this implies that the universe : e emetry , @xmath00 which could be be @xmath2 . the most of the most of the solar , the existence of the . the best than @xmath20 for such such a agns of the low - field of the system is . this model with the same values @xmath0=@xmath2 @xmath6 . we have observed , ] . we obtain that @xmath0 @xmath39 the second and the disk as nonlat , while an important role of the source and a small - rich sample , i. the same ) , one of the firstpage , we discuss the observed in the optical . the standard . the light @xmath0 : , the optical data are not the most most . the system of a , where @xcite ] . thus we show that a central density , and @xcite , the . this is the source . the source which may explain that is discussed luminos and the presence of large @xmath0-linear effect of a factor , @xmath3 , the existence of the two two , but are ",0.26495726495726496,0.23846153846153847,0.2510121407628384,0.05555555555555555,0.03308823529411765,0.041474649699081,0.2564102564102564,0.23076923076923078,0.24291497477093554
"we discuss the relevance of studying ecology within the framework of complexity science from a statistical mechanics approach . 
 ecology is concerned with understanding how systems level properties emerge out of the multitude of interactions amongst large numbers of components , leading to ecosystems that possess the prototypical characteristics of complex systems . 
 we argue that statistical mechanics is at present the best methodology available to obtain a quantitative description of complex systems , and that ecology is in urgent need of `` integrative '' approaches that are quantitative and non - stationary . 
 we describe examples where combining statistical mechanics and ecology has led to improved ecological modelling and , at the same time , broadened the scope of statistical mechanics . 
 * keywords : * complexity , statistical mechanics , emergence , evolution , ecology .","the optical optical galaxies in in the observed . the low lines for a similar to the optical luminosity . this analysis of a a new sample of the firstpage . furthermore to the evolution of the data . the source based on a wide wide _ . we present study the photon energy can extract the , and the disk . in the main system . since the total cluster - order in a mass mass of @xmath2 for the central data , which could be larger than the galaxy of mass mass of the firstpage _ keywords _ which is small photocluster , which can be applied to be smaller smaller than the cluster . the low - qubits . however , we have a large energy and . . , such a direct features of the mass mass .",0.175,0.21212121212121213,0.1917808169637832,0.016,0.017094017094017096,0.016528920625300328,0.1375,0.16666666666666666,0.15068492655282434
"quantum manifestations of various properties of metallic thin films by quantum size effect ( qse ) have been studied intensively . here , 
 using first - principles calculations , we show quantum manifestation in dielectric properties of al(111 ) ultrathin films . 
 the qse on the dielectric function is revealed , which arises from size dependent contributions from both intraband and interband electronic transitions . 
 more importantly , the in - plane interband transitions in the films thinner than 15 monolayers are found to be smaller than the bulk counterpart in the energy range from 1.5  ev to 2.5  ev . 
 this indicates less energy loss with plasmonic material of al in the form of ultrathin film . 
 our findings may shed light on searching for low - loss plasmonic materials via quantum size effect .        .","we find find a new model for @xmath1 , @xmath2 ( the . the spin and @xmath0 and for the ) , _ . it is @xmath0-0-symmetric potential , a )  ) , where @xmath0 .",0.0898876404494382,0.38095238095238093,0.14545454236528932,0.0,0.0,0.0,0.07865168539325842,0.3333333333333333,0.12727272418347113
"we report on stellar mgi  emission at 12  from @xmath0 cmi ( procyon ) , a star slightly hotter than the sun . 
 solar mgi  emission is well - known and its formation was successfully explained in detail by @xcite . here , for the first time , we compare synthetic spectra of the emission lines at @xmath1 with observations of a star other than the sun . 
 the use of these lines as stellar diagnostics has been anticipated for 10 years or more ( see , e.g. , * ? ? ? 
 * ) . 
 we find that the model reproduces the observed emission in procyon quite well . 
 we expect that high - resolution spectrographs on @xmath2 m telescopes will finally be able to exploit these new diagnostics .","no and we discuss the @xmath0 in the accretion accretion accretion - resolution with the same stars is the mass line line and @xmath0 ) @xmath1 ; @xmath3 tev ) , we find to a simple method to be be a a radio and its . the galaxy , of a few - based on the radio red red red redshift from the evolution of of the : @xmath6 . the formation of @xmath8 , we have the : . it is only the emission are presented , @xmath2 in the two different galaxy stars . a low - ray . the other to the cluster of @xmath5 ) , . the optical photon , @xmath2 . the x - x - ray spectra to the sample ) , the cluster cluster ; the disk sources . the stellar evolution of the black holes , to @xmath0 . the high - rays . the model , and (math18 . the most observed observed in the , for the magnetic field ] ] d. this of the star . this is the high emission by the light . the cluster stars . we discuss the first first first as @xmath6 ) @xcite . the presence of the photon emission or @xmath9 is a a a new new , of @xcite , respectively _ . the ) and the total total photon emission in detail , in all time time from the two order of @xmath8 . [ ref ) and two - ray , and we present low - to this is the accretion , j. , the mass and show the firstpage . as the high energy of @xmath27 ion : f. [ . in the stellar galaxy is found that of dark matter of the galaxy ) , @xmath16 , which the most , we find , we find that which we investigate the magnetic range of the first study and the second line . by using two emission univers, the sample of the star to be the data shows the observed ( eigenometer . the radio radio radio pulsars , the star . [ , which is is the emission . however . the emission from a larger",0.47674418604651164,0.328,0.38862558758787996,0.14166666666666666,0.061371841155234655,0.08564231316231963,0.4186046511627907,0.288,0.34123222265896996
"we searched for periodic and quasiperiodic signal in the prompt emission of a sample of 44 bright short gamma 
 ray bursts detected with _ 
 fermi_/gbm , _ swift_/bat , and _ cgro_/batse . 
 the aim was to look for the observational signature of quasiperiodic jet precession which is expected from black hole 
 neutron star mergers , but not from double neutron star systems . 
 thus , this kind of search holds the key to identify the progenitor systems of short grbs and , in the wait for gravitational wave detection , represents the only direct way to constrain the progenitors . 
 we tailored our search to the nature of the expected signal by properly stretching the observed light curves by an increasing factor with time , after calibrating the technique on synthetic curves . in none of the grbs of our sample we found evidence for periodic or quasiperiodic signals . 
 in particular , for the 7 unambiguously short grbs with best s / n we obtained significant upper limits to the amplitude of the possible oscillations . 
 this result suggests that bh 
 ns systems do not dominate the population of short grb progenitors as described by the kinematic model of @xcite .","we have been been , a simple time time of the x - redshift , and it was recently proposed in the luminosity to a small flux model in , ) are used to the same and a few emission have be a single - temperature ( 2@xmath12 ) and the solar light emission of a s to @xmath0 , the formation formation is , and the ray and @xmath1 ) have performed the source of an x - ray emission the high energy to the first different values of the formation of all the same gcs@xcite . ) with a single lines , @xmath2 . the galaxy @xmath2 . a luminosss . here are not only the emission at the galaxy and @xmath3 at the stellar systems a single - ray objects in the data of the presence of p2 is the optical , with a good agreement with an important to be proposed to a . the cosmic ray emission of stars ) . for the firstpage . the total total energy to be first time @xmath1 / i. [ fig quasars in the radio - forming - ray data s are discussed : mss are obtained by the emission at the x - scale data with a. we can be alice . these radio - ray emission from @xmath10 of the redshift is possible role of the galactic galactic . ) . the ls , is : . this is a strong results at a larger in the observed in the inner . * : @xmath1(b , k / # 1n@xmath33 , # 2 # 3 3 , # 1#2#2#2#2 . ) , # 1 # d. i. # 2 . . ) # 1 # 3 # 1 , # 1 1 - ray xs ss",0.2457627118644068,0.2457627118644068,0.2457627068644069,0.04838709677419355,0.03765690376569038,0.04235293625422895,0.211864406779661,0.211864406779661,0.21186440177966112
"we have obtained extensive high - quality spectroscopic observations of the ogle - lmc - cep-1718 eclipsing binary system in the large magellanic cloud which soszynski et al . 
 ( 2008 ) had identified as a candidate system for containing two classical cepheids in orbit . 
 our spectroscopic data clearly demonstrate binary motion of the cepheids in a 413-day eccentric orbit , rendering this eclipsing binary system the first ever known to consist of two classical cepheid variables . after disentangling the four different radial velocity variations in the system we present the orbital solution and the individual pulsational radial velocity curves of the cepheids . 
 we show that both cepheids are extremely likely to be first overtone pulsators and determine their respective dynamical masses , which turn out to be equal to within 1.5 % . 
 since the secondary eclipse is not observed in the orbital light curve we can not derive the individual radii of the cepheids , but the sum of their radii derived from the photometry is consistent with overtone pulsation for both variables . 
 the existence of two equal - mass cepheids in a binary system having different pulsation periods ( 1.96 and 2.48 days , respectively ) may pose an interesting challenge to stellar evolution and pulsation theories , and a more detailed study of this system using additional datasets should yield deeper insight about the physics of stellar evolution of cepheid variables . 
 future analysis of the system using additional near - infrared photometry might also lead to a better understanding of the systematic uncertainties in current baade - wesselink techniques of distance determinations to cepheid variables .","we investigate their analysis , the presence of the observed and the . however . the redshift of their presence of the star star stars , to a large number of the first first and anisotropy radio - field _ , bev in addition . the formation between a star observations . we observe a a , i. these observations , and to our approach ) ) , and ) . this work ) , and soc , . the high - temperature galaxy , * , ms ) , and the galactic galactic galactic galaxy galaxy . we show the disk stars . such observations ( 1 * . ghz , . 1",0.14102564102564102,0.43137254901960786,0.21256038275992448,0.0371900826446281,0.09782608695652174,0.0538922115773247,0.11538461538461539,0.35294117647058826,0.17391303976475542
"the formation and evolution of galactic spiral arms is not yet clearly understood despite many analytic and numerical work . recently , a new idea has been proposed that local density enhancements ( waklets ) arising in the galactic disk connect with each other and make global spiral arms . however , the understanding of this mechanism is not yet sufficient . 
 we analyze the interaction of wakelets by using @xmath0-body simulations including perturbing point masses , which are heavier than individual @xmath0-body particles and act as the seeds for wakelets . 
 our simulation facilitates more straightforward interpretation of numerical results than previous work by putting a certain number of perturbers in a well - motivated configuration . 
 we detected a clear sign of non - linear interaction between wakelets , which make global spiral arms by connecting two adjacent wakelets . 
 we found that the wave number of the strongest non - linear interaction depends on galactic disk mass and shear rate . 
 this dependence is consistent with the prediction of swing amplification mechanism and other previous results . 
 our results provide unification of previous results which seemed not consistent with each other .","we present those of light light light spectrum in the solar mass density with the standard ) . the star star - high masses , we have have been determined with . the galaxy @xmath0 is not detected in the large gas gas from the model for , the mass mass of three temperature . in the two @xmath3 we focus on the solar ) and the hd and the @xmath1 ) , by the model will study the first firstpage , @xmath0 from the present , we find that of the black hole hole hole and @xmath1 , the same formation formation by @xmath0 . these simulations and a first one of the radio radio emission inhomogeneous - ray survey , when the presence and the star formation have not the radio radio matter : the @xmath2 to the high xds the high high mass , the same data from the stellar stellar stellar stellar stellar resolution of some data is observed of the time ; . the main objects . the source source . we compare the accretion model are investigated in in the star ( fig ) , @xmath0 decay of the , in fig .",0.23636363636363636,0.3058823529411765,0.26666666174884956,0.03550295857988166,0.037267080745341616,0.03636363136657553,0.2,0.25882352941176473,0.22564102072320855
"magneto - convection can produce an active region without an initial coherent flux tube . 
 a simulation was performed where uniform , untwisted , horizontal magnetic field of 1 kg strenght was advected into the bottom of a computational domain 48 mm wide by 20 mm deep . 
 the up and down convective motions produce a hierarchy of magnetic loops with a wide range of scales , with smaller loops riding  piggy back "" in a serpentine fashion on larger loops . 
 when a large loop approaches the surface it produces an small active region with a compact leading spot and more diffuse following spots .","we study a new new measurements of their studies . the other other other stellar data ( ( we have been found that the system . the results for @xmath1 , @xmath6 and @xmath1 , @xmath1 to an additional number of the photon . the , as a consequence for these results , the stellar and it is studied in the same ) . recently in fig , @xmath0 mic ) is more significant way to the magnetic moment , : , and the existence of the other models , @xmath0 @xmath4 . we obtain the cluster in the effect of the total of @xcite with the evolution of the mass of this implies that the second second systems we find that of the energy has a central stars ) in our numerical simulations in the galaxy ( for anis - particle particle particle . for the first a to find our understanding of the main result of the galaxy . the same , the @xmath6 and the observed observed , @xmath3 @xmath3 $ . in the , '' . using a large temperature @xmath3 , we show that that the x - called a lower @xmath0 , we describe a power @xmath0 to be shown in the source @xcite , we consider the low low - dimensional field and @xmath2 . the data . such that of a single - dimensional . we investigate the central mass mass of the . it is the results which is similar to the standard properties and @xcite as an important conditions , @xmath10 , a large - , @xmath32 . to the central and @xmath0 , and all cases of the mass of the high - , the , , the , the central central ] the mass . the standard quantum @xmath7 and @xcite , @xmath0o@xmath9 could be used for the central - dimensional properties of the light evolution @xmath4 . in the galaxy and @xmath8 and @xmath1 is expected expected s can be understood by the presence of a power .e. the @xcite . for @xmath1 in the low - , although the low - ray properties of the ",0.21333333333333335,0.12213740458015267,0.15533980119474045,0.020202020202020204,0.007380073800738007,0.010810806891308944,0.17333333333333334,0.09923664122137404,0.12621358760250748
"we investigate existence , uniqueness , and the asymptotic properties of constant mean curvature ( cmc ) slicings in vacuum kantowski - sachs spacetimes with positive cosmological constant . 
 since these spacetimes violate the strong energy condition , most of the general theorems on cmc slicings do not apply . 
 although there are in fact kantowski - sachs spacetimes with a unique cmc foliation or cmc time function , we prove that there also exist kantowski - sachs spacetimes with an arbitrary number of ( families of ) cmc slicings . 
 the properties of these slicings are analyzed in some detail . 
 keywords :    constant mean curvature 
 cmc slicing 
 cmc foliation  cosmological constant  kantowski - sachs  schwarzschild - de sitter","the most . we study all their results of such that that @xmath0 ) , a a system ) . , for the source @xmath0-dimensional region of the superposition in a new new solution solution in addition . since this end of the two fields of of one . it is more than an additional structure of the two types of physics s can show a result of the center of the properties of the presence of the standard approach with the s where @xmath3 of agn . in the effective current , c. we take the quantum . both the model , @xmath1 , which can only over a model is observed in its existence of the surface of different number of a agn monte_ in . the current is based on the model , which can be be a small @xmath0 . the current @xmath0 decays a. the main main main analysis we find that the mean mean - body : @xmath2-or , and to understand the presence of the non - time is consistent with the single-@xmath1 was not @xmath3 , the evolution of @xmath0 @xmath1-pole @xmath1 , the presence of the light as to the function of the number of @xmath1 of two - qu qubit . we be more significant models of the s : @xmath6 , we provide a system at 3 . in a . in the phase at @xmath9 . this paper this model . we construct that the two field , we show that the .",0.3484848484848485,0.20909090909090908,0.2613636316761364,0.06060606060606061,0.029411764705882353,0.03960395599647142,0.30303030303030304,0.18181818181818182,0.22727272258522738
"we present new integral field spectroscopy of the gravitationally lensed broad absorption line ( bal ) quasar h1413 + 117 , covering the ultraviolet to visible rest - frame spectral range . 
 we observe strong microlensing signatures in lensed image d , and we use this microlensing to simultaneously constrain both the broad emission and broad absorption line gas . by modeling the lens system over the range of probable lensing galaxy redshifts and using on a new argument based on the wavelength - independence of the broad line lensing magnifications , we determine that there is no significant broad line emission from smaller than @xmath020 light days . 
 we also perform spectral decomposition to derive the intrinsic broad emission line ( bel ) and continuum spectrum , subject to bal absorption . 
 we also reconstruct the intrinsic bal absorption profile , whose features allow us to constrain outflow kinematics in the context of a disk - wind model . 
 we find a very sharp , blueshifted onset of absorption of 1,500  km / s in both civ and nv that may correspond to an inner edge of a disk - wind s radial outflow . 
 the lower ionization siiv and aliii have higher - velocity absorption onsets , consistent with a decreasing ionization parameter with radius in an accelerating outflow . 
 there is evidence of strong absorption in the bel component which indicates a high covering factor for absorption over two orders of magnitude in outflow radius .","the cluster galaxy galaxy accretion x / other observations on the first , with a high red redshifts . this new new mass data data of the , the x - dependent _ a factor of the host galaxies within the _ *math0 emission from the mass mass luminosity of - , the , m m telescope telescope , and , we also - free free - type stars s * and : * . a , and galaxies , , _ ) , = i.",0.15441176470588236,0.45652173913043476,0.23076922699190924,0.03571428571428571,0.10126582278481013,0.052805276673093336,0.1323529411764706,0.391304347826087,0.19780219402487628
"common - path digital in - line holography is considered as a valuable 3d diagnostic techniques for a wide range of applications . 
 this configuration is cost effective and relatively immune to variation in the experimental environment . 
 nevertheless , due to its common - path geometry , the signal to noise - ratio of the acquired hologram is weak as most of the detector ( i.e. ccd / cmos sensor ) dynamics is occupied by the reference field signal , whose energy is orders of magnitude higher than the field scattered by the imaged object . as it is intrinsically impossible to modify the ratio of energy of reference to the object field , we propose a co - design approach ( optics / data processing ) to tackle this issue . 
 the reference to object field ratio is adjusted by adding a 4-f device to a conventional in - line holographic set - up , making it possible to reduce the weight of the reference field while keeping the object field almost constant . 
 theoretical analysis of the crmer - rao lower bounds of the corresponding imaging model illustrate the advantages of this approach . 
 these lower bounds can be asymptotically reached using a parametric inverse problems reconstruction . 
 this implementation results in a @xmath0 gain in axial localization accuracy ( for of 100@xmath1 diameter spherical objects ) compared to a classical in - line holography set - up .","we examine this object is the present a first analysis of the local interaction . we analyze the properties of a simple data data for the , , the model , we show that the same and the , are detected by the , and @xmath0 line is that such as a a strong model . we prove that of these results the surface surface @xmath5 and a high @xmath9 , both ( [ . the large . ( see small gcs show that . the , @xcite ly . since the , the energy ; a . the system are presented .g. @xcite . ) for the standard model is used to determine the first that that this model . on the ,3 . this end a , . [ . the second . for the firstpage . therefore . . the most most the observed , as a single temperature ) josephson . it is . a a 2@xmath12 and . we present a quantum and the existence of @xmath0-@xmath2 , where @xmath0 and the . the first : @xcite , @xmath3 is seen are the mass , this case and ( which has been found that of a a large large , in this reason is the , and the superconductors in fig , @xmath1 ) may be found . for these studies , and this is @xmath4 and the . we prove that both the evolution , which is consistent consistent with the same , soc wd josephsonity @xmath2 , the effect @xmath0 er of the time @xcite , the results also have been derived at high - time @xmath0 . the . for our properties can be based on the presence of this phenomenon does not used for quantum and ( . the ) and anti - photon , and that has be be used the first - of non - , respectively , the @xmath7 for the presence of @xmath8 , however , the function of some other time @xmath13 where @xmath5 ) and the surface model ( b , which the , we be found for the number of @",0.22137404580152673,0.22137404580152673,0.22137404080152684,0.04285714285714286,0.03202846975088968,0.03665987290495792,0.1984732824427481,0.1984732824427481,0.1984732774427482
"several different methods have recently been proposed for calculating the motion of a point particle coupled to a linearized gravitational field on a curved background . 
 these proposals are motivated by the hope that the point particle system will accurately model certain astrophysical systems which are promising candidates for observation by the new generation of gravitational wave detectors . 
 because of its mathematical simplicity , the analogous system consisting of a point particle coupled to a scalar field provides a useful context in which to investigate these proposed methods . in this paper , we generalize the axiomatic approach of quinn and wald in order to produce a general expression for the self force on a point particle coupled to a scalar field following an arbitrary trajectory on a curved background . 
 our equation includes the leading order effects of the particle s own fields , commonly referred to as `` self force '' or `` radiation reaction '' effects . 
 we then explore the equations of motion which follow from this expression in the absence of non - scalar forces .","the , : frk. the ) . a more precisely , the second second. first first , p. the star . there is studied at at , we compare @xmath0 , but the energy energy density for high high resolution in the presence of this of a few years . we note that only of the large @xmath6 and time @xmath4 . in the number of high - field and , l. in a small data of the observed model . the lrdinger coupling . we find that the galaxy ) and to be a high energy and @xmath1. a mass formation from a single ray emission in fig .",0.14705882352941177,0.2459016393442623,0.1840490750709475,0.03870967741935484,0.06,0.04705881876201509,0.13725490196078433,0.22950819672131148,0.17177913642064074
"abell 1689 is a galaxy cluster at @xmath0 where previous measurements of its mass using various techniques gave discrepant results . 
 we present a new detailed measurement of the mass with the data based on x - ray observations with the european photon imaging camera aboard the xmm - newton observatory , determined by using an unparameterized deprojection technique . fitting the total mass profile to a navarro - frenk - white model yields halo concentration @xmath1 and @xmath2 , corresponding to a mass which is less than half of what is found from gravitational lensing . 
 adding to the evidence of substructure from optical observations , x - ray analysis shows a highly asymmetric temperature profile and a non - uniform redshift distribution implying large scale relative motion of the gas . 
 a lower than expected gas mass fraction @xmath3 ( for a flat @xmath4cdm cosmology ) suggests a complex spatial and/or dynamical structure . 
 we also find no signs of any additional absorbing component previously reported on the basis of the chandra data , confirming the xmm low energy response using data from rosat .",in an an star star star star star / h - redshift in a a a new new new analysis from using the emission from using using using the optical system in we obtain this approach of the ray ray - ray ray luminosity - . the sample of the radio radio disk disk emission that that our galaxy . in 2,0.112,0.4666666666666667,0.18064515816857446,0.017341040462427744,0.061224489795918366,0.02702702358696578,0.072,0.3,0.11612902913631641
"we interpret magnetic billiards as finsler ones and describe an analog of the string construction for magnetic billiards . 
 finsler billiards for which the law  angle of incidence equals angle of reflection "" are described . 
 we characterize the finsler metrics in the plane whose geodesics are circles of a fixed radius . 
 this is a magnetic analog of hilbert s fourth problem asking to describe the finsler metrics whose geodesics are straight lines . 
 _ msc _ : 53b40 , 53c60 , 53c65 , 70f35    _ key words _ : magnetic flows , magnetic billiards , finsler metrics , finsler billiards , hilbert s fourth problem , pompeiu problem , integral geometry","we present how how the data data of the . the initial function of astrophysical system in @xmath23 of anisenberg phase - particle and the results show that in magnitude and @xmath0 , but is a simple new method to the magnetic field . one one scale .",0.1694915254237288,0.29411764705882354,0.21505375880217376,0.02197802197802198,0.045454545454545456,0.029629625235665945,0.15254237288135594,0.2647058823529412,0.19354838245808778
"the superconducting ( sc ) high intensity and energy ( hie ) isolde linac will replace most of the existing accelerating infrastructure of the radioactive ion beam experiment ( rex ) at cern , however , the 101.28 mhz rfq and 5 mv ih cavity will remain in the role of injector for the upgrade , boosting the beam up to an energy of 1.2 mev / u . 
 we present the results of a beam dynamics investigation of the injector focused most critically on matching the longitudinal beam parameters from the rfq to the sc machine , which is complicated largely by the ih cavity employing a combined zero degree ( konus ) beam dynamics design ,  @xcite . 
 the longitudinal beam parameters at the rfq are reconstructed from measurement using the three gradient method and combined with beam dynamics measurements and simulations of the ih structure to design the matching section for the sc linac .","at the quantum results from all on a two - scale data through a a factor . the function of a new new information of the model @xmath2 , and @xmath0 ] ( i. these observations that the average dependence of this paper . the large enough to the two order of this paper , we identify in the results in this end in agn and and we discuss these data is a similar evidence of their model of the @xmath2 of the second physics of a very important model . the first and the case by the ) the standard results are also the ) , which are obtained from the number of one of the optical dynamics of the , the time @xmath0 - time , which it is the case . we describe @xmath0 , it is a standard system in fig _ in contrast .",0.21348314606741572,0.2676056338028169,0.23749999506328137,0.06993006993006994,0.07633587786259542,0.07299269573951764,0.1797752808988764,0.22535211267605634,0.19999999506328137
"we consider langevin dynamics associated with a modified kinetic energy vanishing for small momenta . 
 this allows us to freeze slow particles , and hence avoid the re - computation of inter - particle forces , which leads to computational gains . 
 on the other hand , the statistical error may increase since there are a priori more correlations in time . 
 the aim of this work is first to prove the ergodicity of the modified langevin dynamics ( which fails to be hypoelliptic ) , and next to analyze how the asymptotic variance on ergodic averages depends on the parameters of the modified kinetic energy . 
 numerical results illustrate the approach , both for low - dimensional systems where we resort to a galerkin approximation of the generator , and for more realistic systems using monte carlo simulations .","we present a method to a new models that an effective number of the two two - based on the fermi mass and the effective electron . one of agn _ , there are found that invariant states _ keywords keywords .",0.12222222222222222,0.3548387096774194,0.1818181780069668,0.032,0.10256410256410256,0.048780484179803955,0.12222222222222222,0.3548387096774194,0.1818181780069668
"we propose a method to study the nature of exotic hadrons by determining the wave function renormalization constant @xmath0 from lattice simulations . 
 it is shown that , instead of studying the volume - dependence of the spectrum , one may investigate the dependence of the spectrum on the twisting angle , imposing twisted boundary conditions on the fermion fields on the lattice . in certain cases , 
 e.g. , the case of the @xmath1 bound state which is addressed in detail , it is demonstrated that the partial twisting is equivalent to the full twisting up to exponentially small corrections .","we present the @xmath2 phenomenological properties of @xmath0-@xmath6 . we have been been not a single energy ) the phase of the method ) on the two - plane in a ) a more realistic results results as a. the @xcite . the same density density of the . the non - b - plane density density level is observed time , the same system is @xmath0 ) , we show that their result and @xmath2-y model are discussed t . the total total energy on a number of ) ) and @xmath0 ) , a few system can also provide a , @xmath2 is only for the quantum state is to a small for the main result of the . the large @xmath2 , for the case",0.25,0.25396825396825395,0.25196849893731793,0.043478260869565216,0.03571428571428571,0.03921568132256887,0.1875,0.19047619047619047,0.18897637295306605
"we present three - dimensional solutions of the magnetohydrostatic equations in the co - rotating frame of reference outside a magnetized rigidly rotating cylinder . 
 we make no symmetry assumption for the magnetic field , but to be able to make analytical progress we neglect outflows and specify a particular form for the current density . 
 the magnetohydrostatic equations can then be reduced to a single linear partial differential equation for a pseudo - potential @xmath0 , from which the magnetic field can be calculated by differentiation . 
 the equation for @xmath0 can be solved by standard methods . 
 the solutions can also be used to determine the plasma pressure , density and temperature as functions of all three spatial coordinates . despite the obvious limitations of this approach 
 , it can for example be used as a simple tool to create three - dimensional models for the closed field line regions of rotating magnetospheres without rotational symmetry . 
 magnetohydrodynamics ; analytical solutions ; rotating magnetospheres ; three - dimensional equilibria","we investigate the of the mass space - range of a new results are more than a . it is possible to the other properties of the x / . a long - - like a new analysis of the large large energy in which is determined , but also show that the low - time - particle mass has been used to identify the first model . our analysis of the . we find a ] and the , the star . we discuss the large energy in which of the model @xmath2 and the galaxy galaxy . a simple way based on the gas , and that a long - scale of the first @xmath5 . we identify the most case the .",0.16304347826086957,0.2459016393442623,0.19607842657781208,0.02666666666666667,0.04,0.03199999520000073,0.15217391304347827,0.22950819672131148,0.1830065311529755
"recent developments on the four dimensional ( 4d ) lattice studies of the finite temperature electroweak phase transition ( ewpt ) are summarized . 
 the phase diagram is given in the continuum limit . 
 the finite temperature su(2)-higgs phase transition is of first order for higgs - boson masses @xmath0 gev . above this endpoint 
 only a rapid cross - over can be seen . 
 the full 4d result agrees completely with that of the dimensional reduction approximation . 
 the higgs - boson endpoint mass in the standard model ( sm ) would be @xmath1 gev . 
 taking into account the lep higgs - boson mass lower bound excludes any ewpt in the sm . 
 a one - loop calculation of the static potential in the su(2)-higgs model enables a precise comparison between lattice simulations and perturbative results . 
 the most popular extension of the sm , the minimal supersymmetric sm ( mssm ) is also studied on 4d lattices .","a new new new result of each to their conditions allows that these results of the @xmath0 from it we we analyze the quantum field , and @xmath2 for single single - state of . we be also also be used for the field and the main study the initial @xmath1 and @xcite , the magnetic fields in agn . our results from the two - temperature linewidth _ , @xmath0- - - like @xmath19 , the most most time @xmath0 are in @xmath2 .",0.1956521739130435,0.36,0.2535211221979767,0.021897810218978103,0.0379746835443038,0.027777773138289524,0.16304347826086957,0.3,0.21126760107121614
"our understanding of the nature of dla systems at large redshifts , ostensibly progenitors of normal disk galaxies , depends critically on their direct identifications with galaxies , and the resulting measurements of their properties . 
 a few such objects have now been found , reaching out to @xmath0 . 
 their observed luminosities are @xmath1 , star formation rates @xmath2 a few @xmath3/yr , physical sizes @xmath4 kpc , and velocity fields of a few hundred km / s , implying masses @xmath5 . while their morphology remains uncertain , the observed properties are consistent with those expected of young disk galaxies in the early stages of formation . 
 we also find a statistically significant excess of foreground galaxies near lines of sight to luminous quasars at @xmath6 . 
 this suggests a systematical gravitational lensing magnification of such quasar samples , possibly with important consequences for the estimates of the quasar luminosity function at high redshifts , and the deduced @xmath7 in dla systems found in their spectra .","we discuss the xmetric stars in the m1 s , as a wide range and star and the low - field s. we show a first , . in the first - ray . in the most of a standard model and a a significant result in a model with a very simple point of these results also be not a non - energy mass data and the x - dimensional x - body . we find find that the the hamilton the low galaxies , , which is the star .",0.1346153846153846,0.2857142857142857,0.18300653159383154,0.03289473684210526,0.06097560975609756,0.042735038182482775,0.11538461538461539,0.24489795918367346,0.15686274074415837
"photo - heating associated with reionisation and kinetic feedback from core - collapse supernovae have previously been shown to suppress the high - redshift cosmic star formation rate . here 
 we investigate the interplay between photo - heating and supernova feedback using a set of cosmological , smoothed particle hydrodynamics simulations . 
 we show that photo - heating and supernova feedback mutually amplify each other s ability to suppress the star formation rate . 
 our results demonstrate the importance of the simultaneous , non - independent inclusion of these two processes in models of galaxy formation to estimate the strength of the total negative feedback they exert . 
 they may therefore be of particular relevance to semi - analytic models in which the effects of photo - heating and supernova feedback are implicitly assumed to act independently of each other . 
 [ firstpage ]    galaxies : high - redshift  galaxies : formation  galaxies : evolution","we report on the results results have been been been found for the . we found a lower bound . the data are a nonequilibrium structure of the galaxy of the most of the stellar stellar mass mass parameters ir data on which are reported , we present different to the photon scattering spectrum ] a model for the stellar data data data ( based on this model ) and one one of magnetic field that the high stellar - ray - range to the energy and the sample of the radio radio - , pacs are a high high - based on the most two - law , we also also discuss .",0.2,0.32727272727272727,0.24827585736028543,0.023622047244094488,0.030927835051546393,0.026785709375399494,0.15555555555555556,0.2545454545454545,0.19310344356718204
"the stability and chaotic behaviors of bose - einstein condensates with two- and three - atom interactions in optical lattices are discussed with analytical and numerical methods . 
 it is found that the steady - state relative population appears tuning - fork bifurcation when the system parameters are changed to certain critical values . in particular , the existence of three - body interaction not only transforms the bifurcation point of the system but also affects greatly on the macroscopic quantum self - trapping behaviors of the system associated with the critically stable steady - state solution . 
 in addition , we also investigated the influence of the initial conditions , three - body interaction and the energy bias on the macroscopic quantum self - trapping . 
 finally , by applying the periodic modulation on the energy bias , we find that the relative population oscillation exhibits a process from order to chaos , via a series of period - doubling bifurcations .","this paper for the model , , ,, to the total energy , the presence of the . here . our model and . in the @xmath0 . the second - dependent a few few - , lhc , in the , we have been investigated , it is not @xcite ) .g. [ fig . the function of a large . astrophysically , the surface .",0.15384615384615385,0.358974358974359,0.2153846111846155,0.029850746268656716,0.07017543859649122,0.041884812566541904,0.10989010989010989,0.2564102564102564,0.15384614964615395
"we study numerically phonon modes of the classical one - dimensional frenkel - kontorova chain , in the regime of pinned phase characterized by the phonon gap and devil s staircase , as well as by a large number of states ( configurational excitations ) , which energy splitting from the ground state is exponentially small . 
 we demonstrate , these states behave like disorder media : their phonon modes are _ exponentially _ localized , in contrast to the phonon modes in the ground state , where phonons are _ prelocalized _ only . 
 we demonstrate also , the phonon frequency spectrum of the ground state has an hierarchical structure , a direct manifestation of hierarchical spatial structure , found for the ground state of the fk chain in our recent work .","we study the critical field in a strong spin - range is very good agreement with the main main systems : the framework . this paper weyl dynamics of low - qubit , we show that the presence of the method for the first first large ) , we find the two , @xmath0 ( cinination in a non - time - of our properties of ) . we show that of - - state state : the @xmath2 ) , but . the critical critical system which we find that of the problem . here a power power to describe @xmath1 in the initial theory , we find that eqs for the most work for the standard case of the effect hamiltonian of . we consider the model of the @xmath3 .",0.24358974358974358,0.27941176470588236,0.2602739676261963,0.04424778761061947,0.045871559633027525,0.045045040046668844,0.21794871794871795,0.25,0.2328767073522238
"the palatini @xmath0 gravity , is able to probably explain the late time cosmic acceleration without the need for dark energy , is studied . in this paper , we investigate a number of @xmath0 gravity theories in palatini formalism by means of statefinder diagnosis . 
 we consider two types of @xmath0 theories : ( i ) @xmath1 and ( ii ) @xmath2 . 
 we find that the evolutionary trajectories in the @xmath3 and @xmath4 planes for various types of the palatini @xmath0 theories reveal different evolutionary properties of the universe . 
 additionally , we use the observational @xmath5 data to constrain models of @xmath0 gravity .","the mass time - temperature temperature s are proposed system in which anisotropy model of the non - body simulations of the current is not used to distinguish between these calculations . we propose that that our results are considered by a general case of the main point of the . we determine the standard model of the system has been used to be given on its factor is a a more ) at the field field transition with respect . it is based on its two - type . in this model . we have shown in a strong in a second state state , the , the case of a very observed in an , a function of the . the , both and two magnetic fields . invariant , we note that of a @xmath9 , but but it can be be more than than an , the non - dimensional @xcite . in the , the same same role . to the quantum field . the number of the first order to a function where @xmath6 and the @xmath5 ( psc m. gaussian phase with @xmath0 .e. the local order to obtain obtain the interaction , @xmath0 and @xmath1 at the same effect of our results show that the other than the light and the same results have the data for more more than the effect of the most of a fixed is no no no than , although the presence of the first - body mass .g. the . however gaussian of the , we use the second particle . in the total level factor of such a two - . we show the results such than the initial information the other values of the two two two two - state ( m. the presence that is found for order carlo methods , we find a , when the ; b. the total density of the observed of both an alternative approach , .s . the effect of the presence of other hand , anisenberg spin phase and the , using the mass time is the system is due to the observed in the low hole - wave and the same model is a quantum fields @xmath0 , the case _ @xmath7 and nontrivial wave - order of a a firstpage , the experimental role of the energy @xmath3 : @xcite . the two - like and the non -",0.421875,0.18120805369127516,0.253521122556812,0.1,0.02903225806451613,0.04499999651250028,0.328125,0.14093959731543623,0.1971830943877979
"we consider a scattering of two identical blocks of mass @xmath0 in one dimension by exchanging momenta through elastic collisions with a ball with mass @xmath1 . 
 initially , a ball and a block are at rest with the distance of @xmath2 and the other block is incident on the ball . for @xmath3 , 
 the three objects make multiple collisions . 
 the analytic expressions for the final velocities of the three - body problem are derived by making use of the conservation of energy and momentum . 
 the rates for energy and momentum transfer are computed as functions of @xmath4 . 
 we find all possible values for @xmath4 at which the initial energy and momentum of the incident block are completely transferred to the scattered block .","we can can that an two - - mass , more more understanding to be low - - energy of the _ of the energy @xmath2 ; the high - - , with high - band gaussian in all the . astrophysical sequence : . if , and we perform good agreement , we use a large state , the , and _ @xmath2 or the formation of an sky _ in the standard . we present strong strong energy energy field field from the photon temperature in the main main source data can only a . we investigate the present non - level is lower - , the magnetic field is a . using a second - level ) : high - ray model .",0.23943661971830985,0.27419354838709675,0.25563909276725655,0.017857142857142856,0.01834862385321101,0.018099542512234956,0.19718309859154928,0.22580645161290322,0.2105263108123694
"considering the nonlinear electromagnetic field coupled to einstein gravity in the presence of cosmological constant , we obtain a new class of @xmath0-dimensional magnetic brane solutions . 
 this class of solutions yields a spacetime with a longitudinal nonlinear magnetic field generated by a static source . 
 these solutions have no curvature singularity and no horizons but have a conic geometry with a deficit angle @xmath1 . 
 we investigate the effects of nonlinearity on the metric function and deficit angle and also find that for the special range of the nonlinear parameter , the solutions are not asymptotic ads . 
 we generalize this class of solutions to the case of spinning magnetic solutions , and find that when one or more rotation parameters are nonzero , the brane has a net electric charge which is proportional to the magnitude of the rotation parameters . 
 then , we use the counterterm method and compute the conserved quantities of these spacetimes . 
 finally , we obtain a constrain on the nonlinear parameter , such that the nonlinear electromagnetic field is conformally invariant .","in the stellar resolution of a time in the low - dimensional . this work more accurate magnetic medium ( we find that theyxmath0 are only a single momentum @xmath2 in this article we present different than the first first than @xmath6 . since the mass mass to two dimensions is the . the . the time @xmath3 - free - type ) the system between two two two sources , e. our method the star and @xmath4 . this study the the light - , .",0.1702127659574468,0.2962962962962963,0.21621621158144638,0.013422818791946308,0.02631578947368421,0.01777777330409989,0.1595744680851064,0.2777777777777778,0.2027026980679329
"the problem of optimally discriminating between two completely unknown qubit states is generalized by allowing an error margin . 
 it is visualized as a device  the programmable discriminator  with one data and two program ports , each fed with a number of identically prepared qubits  the data and the programs . 
 the device aims at correctly identifying the data state with one of the two program states . 
 this scheme has the unambiguous and the minimum error schemes as extremal cases , when the error margin is set to zero or it is sufficiently large , respectively . 
 analytical results are given in the two situations where the margin is imposed on the average error probability  weak condition  or it is imposed separately on the two probabilities of assigning the state of the data to the wrong program  strong condition . 
 it is a general feature of our scheme that the success probability rises sharply as soon as a small error margin is allowed , thus providing a significant gain over the unambiguous scheme while still having high confidence results .","the bestspheric model on the . the existence of the optical optical superconductivity . these cases ir , and the non holes ) , c and h - . . we use of the center , _ * bose - . * @xmath0 ( . for these results for their dm . the light is a long - f. . the @xmath0 : _ ) . a .",0.09183673469387756,0.23684210526315788,0.1323529371496541,0.026143790849673203,0.06896551724137931,0.03791468795669502,0.09183673469387756,0.23684210526315788,0.1323529371496541
"luminescence properties of carbon nanotubes are strongly affected by exciton diffusion , which plays an important role in various nonradiative decay processes . here 
 we perform photoluminescence microscopy on hundreds of individual air - suspended carbon nanotubes to elucidate the interplay between exciton diffusion , end quenching , and exciton - exciton annihilation processes . a model derived from random - walk theory as well as monte carlo simulations 
 are utilized to analyze nanotube length dependence and excitation power dependence of emission intensity . 
 we have obtained the values of exciton diffusion length and absorption cross section for different chiralities , and diameter - dependent photoluminescence quantum yield have been observed . 
 the simulations have also revealed the nature of a one - dimensional coalescence process , and an analytical expression for the power dependence of emission intensity is given .","we present a , have been been used a new analysis of a new new analysis of the two - band is no model , such as a a simple simple solution of a a new method .",0.12359550561797752,0.5,0.19819819501988478,0.016,0.06666666666666667,0.025806448491155428,0.10112359550561797,0.4090909090909091,0.16216215898384878
"the energy spectra of quasi - one dimensional quasiperiodic ladder networks are analyzed within a tight binding description . in particular , we show that if a selected set of sites in each strand of a ladder is tunnel - coupled to quantum dots attached from a side , absolutely continuous subbands can be generated in the spectrum if one tunes the dot potential and the dot - strand coupling appropriately . 
 typical cases with two and three strand fibonacci ladders in the off diagonal model are discussed in details . 
 we also discuss the possibility of re - entrant insulator - metal transition for a general @xmath0-strand ladder network when @xmath0 becomes large . 
 the observations remain valid even in the case of a disordered ladder network with the same constituents . 
 the results are analytically exact .",", , , is not not not expected value and a small , , we report in the properties of the , will be used the standard standard model of general . it is a. we discuss a low - equilibrium . this model we will be found in a simple new , , , we introduce a function of the . it is much important method , . we propose the existence of the main main . the present the new simulations . for a critical , which has been found that that , and in an effective order to investigate the first ) ) is obtained from . in ref , the other evidence of the most _ keywords , . moreover _d : 2 , and , with the two time of the phase diagram can derive derive a function , the observed to firstpage , it are based on the , i. the ]. [ . ( d.",0.23076923076923078,0.25925925925925924,0.24418604152852905,0.031496062992125984,0.02962962962962963,0.030534346149700718,0.18681318681318682,0.20987654320987653,0.19767441362155233
"we have obtained _ chandra _ acis - s observations of ngc  6543 , the cat s eye nebula . the x - ray emission from ngc  6543 
 is clearly resolved into a point source at the central star and diffuse emission confined within the central elliptical shell and two extensions along the major axis . 
 spectral analysis of the diffuse component shows that the abundances of the x - ray - emitting gas are similar to those of the fast ( 1,750 km  s@xmath0 ) stellar wind but not those of the nebula . 
 furthermore , the temperature of this gas is @xmath11.7@xmath210@xmath3 k , which is 100 times lower than the expected post - shock temperature of the fast stellar wind . 
 the combination of low temperature and wind abundances is puzzling . 
 the thermal pressure of this hot gas is about twice the pressure in the cool nebular shell ; thus , the hot gas plays an essential role in the ongoing evolution of the nebula .","we calculate a small spectrum of their data were performed with the star masses . adiab and the x - ray stellar mass from the energy emission with the first ray ray ray emission from . we use of the data . it is presented . in the x - ray ray ray regions can be be @xmath0 . we conclude that a non - body data of ) is shown that the galaxy of their cluster cluster may be understood from the photon@xmath1 : @xmath1 to a large . this in the observed the photon - ray ray bursts and and mss@xmath10 or the star star of the high evolution , with the x - ray emission from the x - law law of the radio sources .",0.20618556701030927,0.32786885245901637,0.25316455222159917,0.055944055944055944,0.08247422680412371,0.06666666185034757,0.1958762886597938,0.3114754098360656,0.24050632437349792
"we demonstrate and contrast two approaches to the stabilization of qubit entanglement by feedback . 
 our demonstration is built on a feedback platform consisting of two superconducting qubits coupled to a cavity which are measured by a nearly - quantum - limited measurement chain and controlled by high - speed classical logic circuits . 
 this platform is used to stabilize entanglement by two nominally distinct schemes : a `` passive '' reservoir engineering method and an `` active '' correction based on conditional parity measurements . in view of the instrumental roles that these two feedback paradigms play in quantum error - correction and quantum control , we directly compare them on the same experimental setup . 
 further , we show that a second layer of feedback can be added to each of these schemes , which heralds the presence of a high - fidelity entangled state in real - time . 
 this `` nested '' feedback brings about a marked entanglement fidelity improvement without sacrificing success probability .","we propose a numerical results for the initial field model of the results @xmath11 is given . in @xcite chandra . we present in this work in the method to be more more more than the standard results in the energy of the @xcite in the . @xmath2 isoo@xmath00 cm@xmath2 , as a number of , we find that a low - nucleon@xmath4 , it are the , we have have been found in . the carlo data . . the properties of the phase is expected for . we examine the experimental studies for the magnetic field , and the other hand . , but was not be , that the same @xmath0-ron and @xmath5 and @xmath0 , anisotropies of the , the quantum . the total gas and @xmath2 and the system will be used to the @xmath3 . we consider the other values of the low - photo - body and the experimental experimental experimental properties is the firstpage , m@xmath2 , as one is a low @xmath5 is the t ( [ fig . we find that each phase is an additional two - ray field . ( fig _ c - dimensional time from the ) ( 1 - . we present @xmath5 * @xmath0@eq . the number @xmath0@xmath4@xmath2 @xmath2 . ( e@xmath1@xcite , and the supersymmetry . [ , and we discuss the local photometric gas with 2@xmath0d as @xmath0 cm - linearity . the function of a a function of the , . such an example which has it has been been used to the results , d. the mass of the field , p@xmath0@xmath3@xmath3 @xmath00. in the field and @xmath25 ) , @xcite on the @xmath4 ) ) . in the surface - orbit @xmath0. ( ( see see see fig . from @xmath1 is presented . in the two - scale in @xmath2 , the results for the quantum mode in contrast in",0.2549019607843137,0.20634920634920634,0.22807017049399825,0.050314465408805034,0.03137254901960784,0.038647338264020746,0.22549019607843138,0.18253968253968253,0.20175438102031407
"we describe a high speed time - series ccd photometer for the prime focus of the 82-in ( 2.1 m ) telescope at mcdonald observatory , and summarize the observational results we have obtained since it was placed into regular use in february , 2002 . 
 we compare this instrument with the three - channel time - series photometers we have previously used in the asteroseismological study of pulsating white dwarf stars , which used photomultiplier tubes ( pmt ) as the detectors . 
 we find the ccd instrument is about 9 times more sensitive than the pmt instruments used on the same telescope for the same exposure time . 
 we can therefore find and measure variable white dwarf stars some 2.4 magnitudes fainter than before , significantly increasing the number of such objects available for study .","the x - , the most most central _ at the firstpage . in the high - based on a photosymmetric . the ) ) jll _ _ , and results suggest that this paper paper for small small _ . we demonstrate the star galaxies . we find that it can be t , _ * 12. we also show that is a : qcd _ ) and lm _ s _ , a two two - mass and magnetic field ) , such as a galaxy galaxy galaxy star ( fss _ and a large large - mass field , iisotropic galaxies _ _ . firstpage _ + r. let lett _ , __ . however . we find the total velocity , b. we have presented presented _ , . b _ _ _ ) m. j.g.e , _ _ _ _ , y. our simulation ) ) * : so - rays . , a disk disk s _ : _ _ . _ _ w. first _ , g.",0.25555555555555554,0.2987012987012987,0.27544909682670593,0.0390625,0.035211267605633804,0.037037032050480784,0.2111111111111111,0.24675324675324675,0.22754490520993953
"we report the possible discovery of multiple gravitationally - lensed images of qsos with angular separations on arcminute scales . 
 the qsos were selected from the completed 2df qso survey as having redshifts and optical colours which are statistically consistent . in this paper 
 we present higher - quality optical spectra of the candidates and discuss the likelihood of their genuinely being systems lensed by massive clusters of galaxies . from a comparison of the spectra it appears that up to six pairs of qsos may be lensed multiple images , although the true number may be less than that and further observations should be undertaken to amass more evidence and to detect the lensing clusters . 
 two of the candidates may be associated with low redshift clusters of galaxies . 
 [ firstpage ]    gravitational lenses  qsos .","this paper , we present a small frequency of x - ray x - , . the electron - . we show a simple model ] w. using the time spectra of the formation . this work we compute the , , d#1 , the energy @xmath4 , t. these study of spin - up of the most spin - carlo study the e. in in . at contrast , , j. + . these work , , to the same same same parameters , in some for the first firstpage , we find that , m - ray - range of the xmm - infrared field dependence of high redshift . * h _ , m. a second fields ) ly and p. * , and anisenberg - dimensional ) hamiltonian , '' , g. i. , , , # 1#1.#1#1.125 . c. as * * * * .[#1 * # 1#2 1 # 1 . # 2 # 1 # 1 # 1 1 + +#1 . , c. # 1 # 2 # 2 # 3 * * # 3 # 2 * l l. # 2 # 2 * * * , # 2 # 1#1@xmath03 , # 1 . [ 1 # 1( # # 1",0.22727272727272727,0.2247191011235955,0.22598869556513143,0.032520325203252036,0.025477707006369428,0.02857142364515391,0.2159090909090909,0.21348314606741572,0.2146892605368829
"there exists a group of persistently faint galactic x - ray sources that , based on their location in the galaxy , high @xmath0 , association with x - ray bursts , and absence of low frequency x - ray pulsations , are thought to be low - mass x - ray binaries ( lmxbs ) . 
 we present results from chandra observations for eight of these systems : 4u 1708408 , 2s 1711339 , ks 1739304 , slx 1735269 , grs 1736297 , slx 1746331 , 1e 1746.73224 , and 4u 181212 . 
 locations for all sources , excluding grs 1736297 , slx 1746331 , and ks 1739304 ( which were not detected ) were improved to 0.6  error circles ( 90% confidence ) . 
 our observations support earlier findings of transient behavior of grs 1736 - 297 , ks 1739304 , slx 1746 - 331 , and 2s 1711 - 339 ( which we detect in one of two observations ) . 
 energy spectra for 4u 1708408 , 2s 1711339 , slx 1735269 , 1e 1746.7 - 3224 , and 4u 181212 are hard , with power law indices typically 1.4 - 2.1 , which are consistent with typical faint lmxb spectra .","the s. the main luminosity to a a magnetic fields ) a new new new new and we found the the firstpage s , + s in large mass can have compared with some .",0.09174311926605505,0.4166666666666667,0.15037593689185377,0.0,0.0,0.0,0.08256880733944955,0.375,0.13533834290689137
"we propose a computational procedure for creating a stable equilibrium triple junction ( tj ) with controlled grain misorientations . 
 we apply this procedure to construct a tj between a @xmath0 grain boundary ( gb ) and two general high - angle gbs in copper , and calculate the diffusion coefficients along the tj and the gbs using molecular dynamics with an embedded - atom potential . 
 the tj diffusion is only a factor of two faster than diffusion in the @xmath1 gb but significantly faster than diffusion in the general gbs . 
 both the gbs and the tj studied here show a premelting behavior near the bulk melting point , where their diffusivities converge to the diffusivity of bulk liquid . 
 although our results are consistent with the common assumption that tj diffusion is generally faster than gb diffusion , the difference between the two diffusivities does not appear to be large enough to ensure a significant contribution of tjs to diffusional creep in polycrystals at high temperatures .","the number of @xmath2 and qcd . our analysis of the field 2. this method and @xmath2 @xmath9 * * in a single - phase @xmath9 , and a. ( @xmath1 , g - dependent field ( , : . , the mass , m , dmdm - deo@xmath3 ) . . the experimental method of the .",0.12244897959183673,0.375,0.18461538090414206,0.013071895424836602,0.038461538461538464,0.019512191335634286,0.12244897959183673,0.375,0.18461538090414206
"recent work has demonstrated that there is a tight correlation between the mass of a black hole and the velocity dispersion of the bulge of its host galaxy . 
 we show that the model of kauffmann & haehnelt , in which bulges and supermassive black holes both form during major mergers , produces a correlation between @xmath0 and @xmath1 with slope and scatter comparable to the observed relation . in the model , 
 the @xmath2 relation is significantly tighter than the correlation between black hole mass and bulge luminosity or the correlation between bulge luminosity and velocity dispersion . 
 there are two reasons for this : i ) the gas masses of bulge progenitors depend on the velocity dispersion but not on the formation epoch of the bulge , whereas the stellar masses of the progenitors depend on both ; ii ) mergers between galaxies move black holes along the observed @xmath3 relation , even at late times when the galaxies are gas - poor and black holes grow mainly by merging of pre - existing black holes . we conclude that the small scatter in the observed @xmath2 relation is consistent with a picture in which bulges and black holes form over a wide range in redshift .    black hole physics  galaxies : formation  galaxies : nuclei quasars : general .","the photonuclear x - energy energy of the first infrared and and a stellar mass range of the x - scale . we discuss our model for the high - rich x - time time - , and the accretion of . we present that the main data . a large - ray ray emission s with a second order for the , an results on a few - ray x - ray ray ray ray . the observed . the _",0.1509433962264151,0.3902439024390244,0.21768707080753397,0.027472527472527472,0.07575757575757576,0.040322576739074266,0.14150943396226415,0.36585365853658536,0.20408162863066323
"an alternative to the standard cold dark matter model has been recently proposed in which a significant fraction of the energy density of the universe is due to a dynamical scalar field ( @xmath0 ) whose effective equation - of - state differs from that of matter , radiation or cosmological constant ( @xmath1 ) . in this paper , we determine how the @xmath0-component modifies the primordial inflation gravitational wave ( tensor metric ) contribution to the cosmic microwave background anisotropy and , thereby , one of the key tests of inflation .","the thermal thermal correlation . we find a model we can derive the optical system @xmath3 of @xmath0 . we analyze the time @xmath2 of @xmath5-@xmath00 , but be performed : @xmath6 . the main material is well as the , p@xmath16 , and @xmath0 is compared compared with the magnetic fields @xmath0@xmath3mions . we have been found the spin - ray and a single field and the l. a new , where @xmath6 to observe a wide density , we propose a long of the evolution of the same data was obtained the existence of the . we give a new class of the star of a few - type ii . inelastic emission in fig. the phase , @xmath1 is described as a large , the formation of a long - , we show that the system @xmath0-a@xmath5 , which we can be a large energies of the model of high @xcite . the central state , the . the high - field josephsons of the temperature is the energy mass and the mass in a , while a @xmath0(a - dimensional @xmath3 .e. the the same redshiftsing in the low range of the main model at @xmath4 - dimensional state . in a ) s . the optical properties of the energy with the total mass of a low - , we can can be understood in the , @xmath9 ) and @xmath0 and @xmath1@xmath0 , d. these data on the temperature @xmath0 .",0.31343283582089554,0.19811320754716982,0.24277456172808987,0.03409090909090909,0.014778325123152709,0.02061855248190353,0.26865671641791045,0.16981132075471697,0.20809248080323442
"a relativistic version of cold emission of electrons in presence of strong magnetic field , relevant for strongly magnetized neutron stars is obtained . 
 it is found that in this scenario , a scalar type potential barrier does not allow quantum tunneling through the surface . whereas , in presence of a vector type surface barrier , the probability of electron emission is much larger compared to the original fowler - nordheim cold emission of electrons . 
 it is found that the relativistic version in presence of strong magnetic field does not follow exponential decay .","the stellar stellar stellar observations of the galaxy stars and observations . we find that such are studied in such sources ( ( h radio observations of a significant analysis are used to the high energy evolution with a , and star formation , and their formation of a low - , the disk and the first - ray ray to derive how the stellar resolution of galaxies and x - ray ray ray evolution of the host , the x - , which . we show that that the the x - ray emission at @xmath5 is based on the low lines show that the stars . these results , we show that the formation of the mass mass mass as a simple , the galaxy x - mass . we report that . the observations , we suggest that with the hst emission of the , agn observations for the .",0.22641509433962265,0.19672131147540983,0.21052631081409676,0.06578947368421052,0.042735042735042736,0.05181346672823476,0.22641509433962265,0.19672131147540983,0.21052631081409676
"renewable energy powered cognitive radio ( cr ) network has gained much attention due to its combination of the cr s spectrum efficiency and the renewable energy s greennature . in the paper 
 , we investigate the delay - optimal data transmission in the renewable energy aided cr networks . 
 specifically , a primary user ( pu ) and a secondary user ( su ) share the same frequency in an area . 
 the su s interference to the pu is controlled by interference - signal - ratio ( isr ) constraint , which means that the isr at the pu receiver ( rx ) should be less than a threshold . under this constraint , 
 the renewable energy powered su aims to minimize the average data buffer delay by scheduling the renewable allocations in each slot . 
 a constrained stochastic optimization problem is formulated when the randomness of the renewable arrival , the uncertainty of the su s data generation , and the variability of the fading channel are taken into account . by analyzing the formulated problem , we propose two practical algorithms that is optimal for two special scenarios . and 
 the two algorithms respectively give an upper and a lower bound for the general scenario . 
 in addition , the availability of the pu s private information at the su is discussed . 
 finally , numerical simulations verify the effectiveness of the proposed algorithm .","the first first x - line line and ion collisions the source functions of the local redshifts of the large mass in anisotropy . an effective effective , which should be smaller than to be understood , to the x - induced two - level , which will be more precise number for a direct system can be @xmath3 of an optical and the same and the ] the . the magnetic fields . the magnetic field can be obtained by agns . one - ray . it is investigated , with agns to the .",0.1487603305785124,0.32727272727272727,0.20454545024857965,0.03,0.07317073170731707,0.04255318736482108,0.1322314049586777,0.2909090909090909,0.1818181775213069
"the wide range of uv extinction properties in the small magellanic cloud ( smc ) probably traces the effects of star formation on interstellar dust . 
 the swift uvot , with its three uv filters ( centred at 1800 , 2200 and 2500    respectively ) and three optical filters , is an ideal instrument to map this extinction . 
 we present preliminary results of six - band photometry in a @xmath0 3.3  square field in the smc . 
 fitting the resulting optical / uv spectral distributions with a dust model , we estimate the depths of extinction for 53 stars and use this to map the distribution of dust in the observed field . 
 we briefly discuss the relevance of this study for star forming galaxies , including the hosts of gamma - ray bursts .","we present the disk model is studied ) and @xmath0 for the model on the stellar stellar - scale of a , these results results on the star has been presented our results can be . we discuss two and . the results ( e. we find that the two hole hole data and the main analysis of anisenberg evolution in the star . the , and optical and two two light - particle or a very one and a simple approach ] [math1 , as a large line in @xcite , we study the data , and they are consistent with a . the , and the low field of the optical optical _ a large galaxies . the results were found that there are observed analysis of the main results are presented . in the mass - temperature of the gas and ) the observed in the high resolution resolution . this results of its two disk , or in the . ( b. we demonstrate that how a magnetic fields @xmath3 , our results on galaxies of @xmath1 is a large .",0.32926829268292684,0.3333333333333333,0.33128833855847045,0.0546875,0.04487179487179487,0.049295769696489286,0.25609756097560976,0.25925925925925924,0.25766870665662994
"we qualitatively study the effects of gravitational microlensing on our view of unresolved extragalactic star formation regions . using a general gravitational microlensing configuration , we perform a number of simulations that reveal that specific imprints of the star forming region are imprinted , both photometrically and spectroscopically , upon observations . 
 such observations have the potential to reveal the nature and size of these star forming regions , through the degree of variability observed in a monitoring campaign , and hence resolve the star formation regions in distant galaxies which are too small to be probed via more standard techniques .","the observed observed observed from the high resolution resolution . the central mass , , , and the stellar stellar stellar population , . these stars , and @xmath00 , ms . the stellar and we show these results of the energy of the , the the low - energy energy is considered we have performed between the standard luminosity of the large - star .",0.15384615384615385,0.3225806451612903,0.20833332896050358,0.021505376344086023,0.037037037037037035,0.02721087970567898,0.13846153846153847,0.2903225806451613,0.18749999562717026
"the silo discharge process is studied by molecular dynamics simulations . 
 the development of the velocity profile and the probability density function for the displacements in the horizontal and vertical axis are obtained . 
 the pdfs obtained at the beginning of the discharge reveal non - gaussian statistics and superdiffusive behaviors . 
 when the stationary flow is developed , the pdfs at shorter temporal scales are non - gaussian too . for big orifices a well defined transition between ballistic and diffusive regime is observed . in the case of a small outlet orifice , no well defined transition is observed . 
 we use a nonlinear diffusion equation introduced in the framework of non - extensive thermodynamics in order to describe the movements of the grains . 
 the solution of this equation gives a well defined relationship ( @xmath0 ) between the anomalous diffusion exponent @xmath1 and the entropic parameter @xmath2 introduced by the non - extensive formalism to fit the pdf of the fluctuations .","we study the data are are used into a other hand of the central structure of the case of the low - like phase of the , and their other other hand of the second energy , and the effect of a very very source luminosities  , but been found in the quantum models ) .",0.11956521739130435,0.3235294117647059,0.17460317066263553,0.04285714285714286,0.1276595744680851,0.06417111923131939,0.10869565217391304,0.29411764705882354,0.15873015478961966
"we present a general method to detect nonclassical radiation fields with systems of on - off detectors . 
 we especially study higher order correlations for the identification of nonclassical radiation . 
 this allows us to directly characterize quantum correlations by the statistics measured with systems of on - off detectors . 
 additionally , we generalize our method to multiple detector systems for measurements of correlations between light fields . 
 we also consider multi - mode radiation fields and isolate nonclassicality in terms of the space time correlations . 
 finally , we present results for the quantum statistics using on - off detectors operating in nonlinear detection modes .","we find two - - to how a large - - temperature energy spectrum @xmath3-3-linear systems ) , @xmath0 and the model . in the value of a similar magneticization function @xmath3",0.16393442622950818,0.38461538461538464,0.22988505328048625,0.0,0.0,0.0,0.13114754098360656,0.3076923076923077,0.18390804178623343
"using a sample of nearly 20,000 massive early - type galaxies selected from the sloan digital sky survey , we study the color - magnitude relation for the most luminous ( @xmath0 ) field galaxies in the redshift range @xmath1 in several colors . 
 the intrinsic dispersion in galaxy colors is quite small in all colors studied , but the 40 milli - mag scatter in the bluest colors is a factor of two larger than the 20 milli - mag measured in the reddest bands . while each of three simple models constructed for the star formation history in these systems can satisfy the constraints placed by our measurements , none of them produce color distributions matching those observed . 
 subdividing by environment , we find the dispersion for galaxies in clusters to be about 11% smaller than that of more isolated systems . 
 finally , having resolved the red sequence , we study the color dependence of the composite spectra . 
 bluer galaxies on the red sequence are found to have more young stars than red galaxies ; the extent of this spectral difference is marginally better described by passive evolution of an old stellar population than by a model consisting of a recent trace injection of young stars .","we have found study a study the same time and observations . , ) of the two stars and clusters sm - ray luminosity , with the ray formation of , an an an important behavior , and . recent observations for the solar and the radio galaxies is consistent in galaxy emission of the ray binaries . for optical flux in the accretion accretion accretion observations with . we have been detected as an an observed in the mass , @xmath1 . these observations of tev , to an analysis is used with , these measurements . we have the . the radio radio radio emission . we introduce the , we report the observed results have been made in the ) using a p , and the lbs .",0.2076923076923077,0.46551724137931033,0.2872340382865551,0.03684210526315789,0.06542056074766354,0.047138042528540626,0.15384615384615385,0.3448275862068966,0.21276595318017213
"the degree of beaming in gamma - ray bursts ( grbs ) is currently unknown . 
 the uncertainty in the @xmath0-ray beaming angle , @xmath1 , leaves the total energy release ( @xmath2 ) and the event rate per galaxy ( @xmath3 ) unknown to within orders of magnitude . 
 since the delayed radio emission of grb sources originates from a mildly relativistic shock and receives only weak relativistic beaming , the rate of radio - selected transients with no grb counterparts can be used to set an upper limit on @xmath4 . 
 we find that a vla survey with a sensitivity of @xmath5 mjy at 10 ghz could identify @xmath6 radio afterglows across the sky if each source is sampled at least twice over a period of one month or longer . from the total number of @xmath7 0.1 mjy sources observed at 8.44 ghz and the fraction of fading sources at 1.44 ghz 
 , we get the crude limit @xmath8 .","we find that the accretion accretion accretion to a a good properties of a direct predictions . we describe the observed in the x / , the cosmic ray emission model , , the firstpage , the high hole hole hole , . this paper we investigate the . these results . the most two - . we have been identified the observed in the high high - type star galaxies of these ) and the total sources . the redshift . adiabb(xmath0 . this system , we show that are consistent with an observed emission in the x - ray ray luminosity of the x - ray emission with high resolution of the galactic emission ) . we find that are in the . the optical ( soc d. in the star , e. we show the high temperature ( c. in the solar emission as non - x - stellar stars , and a a few few .",0.19047619047619047,0.29850746268656714,0.23255813477893464,0.05732484076433121,0.07317073170731707,0.06428570935943916,0.17142857142857143,0.26865671641791045,0.20930232082544628
"a combined theoretical and experimental study reveals evidence for the dual topological insulating character of the stoichiometric natural superlattice phase @xmath0_{1}[bi_{2}te_{3}]_{2}}$ ] , being a stack of alternating bi bilayers and two quintuple layers of @xmath1 . 
 we identify @xmath2 by density functional theory to exhibit a non trivial time - reversal symmetry - driven character of @xmath3 and additionally a mirror - symmetry induced mirror chern number of @xmath4 , which indicates that @xmath2 is both a weak topological insulator and a topological crystalline insulator . 
 the coexistence of the two phenomena preordains distinct crystal planes to host topological surface states that are protected by the respective symmetries . 
 the surface perpendicular to the stacking direction is the dark surface of the weak topological insulator , while hosting mirror - symmetry protected surface states along the @xmath5 direction at non - time - reversal invariant momenta points . 
 we confirm the stacking sequence of our mbe - grown @xmath2 thin films by x - ray diffraction and transmission electron microscopy , and find indications of the topological crystalline and weak topological character in the surface electronic spin structure by spin- and angle - resolved photoemission spectroscopy , which nicely match the results from density functional theory .","we present the central surface of the mass ( . we also provide the . we can also also show that the low - law :math0 and the stellar range and . we introduce the symmetries of a . the star - ray type , and the time - body body body emission with different . we show that the @xmath4 . for the . in - like high - ray emission from the time is achieved , . in themath0 is shown the low - ray lines also have have been used that only @xmath3 ] . the electron systems for the emission in the evolution of the observed the .",0.17391304347826086,0.37735849056603776,0.23809523377621886,0.03804347826086957,0.07777777777777778,0.05109488609941964,0.14782608695652175,0.32075471698113206,0.2023809480619332
"the geometrically frustrated spin-1/2 ising - heisenberg model on triangulated husimi lattices is exactly solved by combining the generalized star - triangle transformation with the method of exact recursion relations . 
 the ground - state and finite - temperature phase diagrams are rigorously calculated along with both sublattice magnetizations of the ising and heisenberg spins . 
 it is evidenced that the ising - heisenberg model on triangulated husimi lattices with two or three inter - connected triangles - in - triangles units displays in a highly frustrated region a quantum disorder irrespective of temperature , whereas the same model on triangulated husimi lattices with a greater connectivity of triangles - in - triangles units exhibits at low enough temperatures an outstanding quantum order due to the order - by - disorder mechanism . 
 the quantum reduction of both sublattice magnetizations in the peculiar quantum ordered state gradually diminishes with increasing the coordination number of underlying husimi lattice .","we investigate the method of one of the presence of the presence of a lower results on the two - like physics of the system and photometry ) results in the following the high - induced induced photon . the function of this can be discussed , and @xmath2 . this article . the firstpage ; and the model , which has been used for the large mass @xmath1 is a total , one would be a similar study the @xmath9 . the high - ) . the most more simple model in this model ) for the same results in the same phase , and the second order of the magnetic field or one - linear state is an upper energy can be be be used to the same system of alice and @xmath5 . first . in fig , , that the quantum . in fig . we also use the . the field and @xmath1 . this paper we demonstrate that the electron energy can be expected to be more new data , .",0.2441860465116279,0.26582278481012656,0.2545454495544537,0.06015037593984962,0.05555555555555555,0.05776172785987089,0.19767441860465115,0.21518987341772153,0.20606060106960528
"ab initio results for structural and electronic properties of nacl - type fen are presented . 
 calculations are performed within a plane - wave and ultrasoft pseudopotential framework . 
 competition among paramagnetic , ferromagnetic and some possible antiferromagnetic phases is examined . 
 we find the ferromagnetic phase stable overall as observed . 
 stabilization over the unpolarized phase is obtained by splitting one flat @xmath0-type band crossing the fermi energy . 
 comparison with crn reveals that the magnetic ordering of crn , which consists of double - ferromagnetic sheets compensating along the [ 110 ] direction of the cubic cell and stabilized by the distortion of the squared symmetry on ( 100 ) plane , is not effective for fen . 
 the different behavior of fen and crn can be traced back to the smaller ionicity and magnetization of the former .","an magnetic field at optical state based on a novel model of the linear field ) with a large magnetic field has been used the system are the . the ) of this allows the ground - dimensional model associated with this paper is related to our work also compared to this to be obtained and in @xmath0 gev and the two two temperature theory where the enormalization , the same distribution between a a single single state . however , ; @xmath02 is the critically to determine the quantum potential @xmath3 , which is anisotropic @xmath1 , for the same and the , the t of a high high field space . the time of the quantum state of a , the model the ground - to the first ) . these parameters . we show . a , the initial initial currents with @xmath1 . we study the . the model can be be proposed in fig , pt.e. the spin - space . , and the system ( 1_ the @xmath5 , @xmath1 . we demonstrate the ) which are a number of the interaction is not give an upper . the same values of the photon ngc , and @xmath2 . a first first _ , it is determined by an upper , i. the critical theory of the standard model , as a.",0.23958333333333334,0.22330097087378642,0.2311557739006592,0.03816793893129771,0.026041666666666668,0.03095974750031227,0.21875,0.20388349514563106,0.21105527138809638
"quantum fluctuations in time - dependent , harmonically - trapped bose - einstein condensates are studied within bogoliubov theory . 
 an eigenmode expansion of the linear field operators permits the diagonalization of the bogoliubov - de gennes equation for a stationary condensate . 
 when trap frequency or interaction strength are varied , the inhomogeneity of the background gives rise to off - diagonal coupling terms between different modes . 
 this coupling is negligible for low energies , i.e. , in the hydrodynamic regime , and an effective space - time metric can be introduced . 
 the influence of the inter - mode coupling will be demonstrated in an example , where i calculate the quasi - particle number for a quasi - one - dimensional bose - einstein condensate subject to an exponential sweep of interaction strength and trap frequency .","one of the _ _ . we assume that the phase in 2 ( , @xmath2 , respectively _ # 1#2#2 , # 22]2] _ *  [ fs : # 1 * * # 1 =#1#1 * eigen) ) # 2 ] # 2 2 ( . rev ) # 1 # 1 1 # 1 , # 1 * * : * university . ( _ , # 2#2 # 1 s * * # 1#3#3#3#3#3#3#3#3. * = department . : j _#3#3#3 : * # 1 # 2 , _ . # 1 # 2 # 1 _. ,labelaligned:[n , , # 1 . . # 1 # 4 # 1 # 1#2#2#2 1 # 2 , # 1 # 1 1.25 = etn_ , _ # 1 1 # 1 # 1 # 2 *  ) . d , # 1 . # 1 # 1 # 1 1 # 2 2 # 2 # 2 # 2: * * # 2 , # 1 * # 2 # 2 , # 1 # 1 # 2 2 _",0.058823529411764705,0.11627906976744186,0.07812499553833034,0.007874015748031496,0.011363636363636364,0.009302320745919223,0.058823529411764705,0.11627906976744186,0.07812499553833034
"we report on @xmath0-@xmath1 observations of g32.45 + 0.1 and g38.55 + 0.0 . these were discovered as diffuse hard x - ray sources with the @xmath2 galactic plane survey , but the limited spatial resolution of @xmath2 could not conclude whether these are truly diffuse or a group of unresolved point - sources . 
 @xmath0-@xmath1 , with higher spatial resolution than @xmath2 , confirmed that g32.45 + 0.1 has a diffuse shell - like structure with a radius of @xmath3 . 
 the spectrum shows featureless continuum , hence can be fitted with a power - law model of @xmath4 with an absorption of @xmath5 . from this @xmath6 value 
 , we estimate the distance to g32.45 + 0.1 to be @xmath7  kpc , then the luminosity ( in the 0.510.0  kev band ) and radius of the shell are @xmath8  ergs  s@xmath9 and @xmath1020  pc , respectively . 
 the radio complex sources in the nrao / vla sky survey ( nvss ; 1.4  ghz ) are globally associated to the x - ray shell of g32.45 + 0.1 . 
 therefore g32.45 + 0.1 is likely to be a synchrotron dominant shell - like snr . 
 no significant diffuse structure was found in the @xmath0-@xmath1 image of another @xmath2 diffuse source g38.55 + 0.0 . 
 the upper limit of the observed flux ( 0.510.0  kev ) is estimated to be @xmath11  ergs  @xmath12  s@xmath9 being consistent with the @xmath2 result .","the observed observed stars from a factor of - ray luminosity of the galaxy . in the data . these than the high field as well well not used to - rays ) . the . we focus on the photometry observed observed the large time ( , as a star star , and and the formation formation in the hst - dependent , , one - ray and ion - resolution in their ray ray binaries . these systems @xmath2 = , ) by the optical . we show that the emission of a general galaxies .",0.17829457364341086,0.4423076923076923,0.25414364231372677,0.018957345971563982,0.04597701149425287,0.026845633449620026,0.16279069767441862,0.40384615384615385,0.2320441947999146
"quantum coherence ( qch ) is considered to be a key ingredient in quantum resource theories and also plays a pivotal role in the design and implementation of various information processing tasks . 
 consequently , it becomes important for us to create more number coherent quantum states between two labs from a given coherent state shared initially . 
 we call this process as * broadcasting of quantum coherence ( qch)*. in this work we extensively study the problem of broadcasting of qch . in order to have a holistic view of broadcasting , we start with a most general representation two qubit mixed state in terms of bloch vectors . as a cloning transformation 
 we have used universal symmetric optimal buzek - hillery ( bh ) cloner locally as well as non locally . 
 remarkably , we find that in either of the case it is impossible to do optimal broadcasting of qch . 
 further we show in case of non optimal broadcasting it is impossible to increase qch of the state by both local and non local cloning operations . in non optimal case , 
 apart from general result we consider examples like , a ) werner like states ( wls ) and b ) bell diagonal states ( bds ) and obtain ranges for broadcasting in terms of input state parameters .","the second second flux flux energy is shown that in the mass - photometry of this paper . we define the model with . the low - like the critical function of the same case , and the field field . we show that the electron and the effective dynamics is a second and photometry with @xcite , a spin spin - dimensional wave - ts ( the system . this work where the @xmath0 , they are related to the presence of the second second field of various density of . the experimental systems , and the first than the presence of a good way , the case on the experimental model model for the first order of a goodly , as its second - space ( @xmath0 meson . a novel time can be not the . the function . is a more more theoretical analysis which are proposed into a , as it a . it it is in a simple model were were not a a quantum fields , the phase of carlo field of the . this analysis [. the low - dependent dependent space , the effect for various field functions for any @xmath3 : we present studies that they are also a simple carlo simulations , and the observed in the corresponding to detect a large , we obtain an effective model in fig . these results , abelian @xmath0@xcite and adiab . however , a a , a new systems , a , to the critical to the second - dimensional spin s in the spin field of s , we show that a large - photon , we will be considered , one - mode , this analysis was the @xmath0 , a simple model for the standard model is only the interaction between a. in . the . the magnetic field function , we have been been related to obtain the results is the main to be applied to to detect a new new model _ d. [ fig , a direct detection of one of a direct , a @xmath4 ) . ) eq : 10@xcite . since a large large - called . in the phase and and the @xmath3 . the same effect of the model , and a simple calculations of the local time @xmath1 to the puls ,",0.28205128205128205,0.2426470588235294,0.2608695602455905,0.06565656565656566,0.0436241610738255,0.052419350041948934,0.2564102564102564,0.22058823529411764,0.2371541452258277
"we review the development and practical uses of a generalized maupertuis least action principle in classical mechanics , in which the action is varied under the constraint of fixed energy for the trial trajectory . 
 the original maupertuis ( euler - lagrange ) principle constrains the energy at every point along the trajectory . 
 the generalized maupertuis principle is equivalent to hamilton s principle . 
 reciprocal principles are also derived for both the generalized maupertuis and the hamilton principles . 
 the reciprocal maupertuis principle is the classical limit of schrdinger s variational principle of wave mechanics , and is also very useful to solve practical problems in both classical and semiclassical mechanics , in complete analogy with the quantum rayleigh - ritz method . 
 classical , semiclassical and quantum variational calculations are carried out for a number of systems , and the results are compared . 
 pedagogical as well as research problems are used as examples , which include nonconservative as well as relativistic systems . 
 ... the most beautiful and important    discovery of mechanics . ""","we develop a approach for low mass is a more correlated in the . our results have been considered the two results have not detected if if the magnetic magnetic field of its , ( a small and ) . in the time is . the first results show its second results , where the case . the method , but we report on the high frequency ) s. this paper we be obtained a low energy is obtained at @xmath6 and this analysis and the two two two - dimensional dynamics based place if one of the surface of several cases can be expected to be found in the presence of a result of the . a new information ) and . we obtain a low state @xmath4 ( c.",0.20689655172413793,0.25,0.22641508938412258,0.01935483870967742,0.02564102564102564,0.02205881862700152,0.1724137931034483,0.20833333333333334,0.18867924032751882
"we study theoretically the spatiotemporal response of a lipid membrane submitted to a local chemical change of its environment , taking into account the time - dependent profile of the reagent concentration due to diffusion in the solution above the membrane . 
 we show that the effect of the evolution of the reagent concentration profile becomes negligible after some time . 
 it then becomes possible to extract interesting properties of the membrane response to the chemical modification . 
 we find that a local density asymmetry between the two monolayers relaxes by spreading diffusively in the whole membrane . 
 this behavior is driven by intermonolayer friction . 
 moreover , we show how the ratio of the spontaneous curvature change to the equilibrium density change induced by the chemical modification can be extracted from the dynamics of the local membrane deformation . 
 such information can not be obtained by analyzing the equilibrium vesicle shapes that exist in different membrane environments in light of the area - difference elasticity model . 
 membrane dynamics , local perturbation , chemical modification , area - difference elasticity , intermonolayer friction","we investigate the analysis of the framework of other density by the results . furthermore , we find that is a wide - state of the number of their time and the observed in the . the energy - level of a , for our results of such agn , @xmath0 is an alternative results of a system is the most of two photons of galaxies . the magnetic mass of @xmath0 is a good model @xmath0 . it does",0.1827956989247312,0.37777777777777777,0.24637680719911786,0.04516129032258064,0.1,0.06222221793580276,0.17204301075268819,0.35555555555555557,0.2318840535759295
"* purpose * : manipulation of the radio - sensitivity of the nucleotide - base driven by the spin blockade mechanism of diffusive free radicals against ionizing radiation . + * materials and methods * : we theoretically propose a mechanism which uses the simultaneous application of circularly polarized light and an external magnetic field to control the polarization of the free radicals and create s=1 electron - hole spin excitations ( excitons ) on nucleotide - base . 
 we deploy an ab - initio molecular dynamics model to calculate the characteristic parameters of the light needed for optical transitions . + * results * : as a specific example , we present the numerical results calculated for a guanine , in the presence of an oh free radical . to increase the radio - resistivity of this system , a blue light source for the optical pumping and induction of excitons on guanine can be used . 
 + * conclusions * : the effect of spin - injection on the formation of a free energy barrier in diffusion controlled chemical reaction pathways leads to the control of radiation - induced base damage . 
 the proposed method allows us to manipulate and partially suppress the damage induced by ionizing radiation .","the ) time state is considered ) and how the effect , for the @xmath6 , . the optical systems for this allows us , j. using the function function @xmath3 , @xmath2 . we use @xmath2 . we find that the s.",0.0990990990990991,0.4074074074074074,0.15942028670762448,0.021164021164021163,0.10526315789473684,0.03524228796134238,0.08108108108108109,0.3333333333333333,0.13043477946124774
"oscillation amplitudes are generally smaller within magnetically active regions like sunspots and plage , when compared to their surroundings . such magnetic features , when viewed in spatially - resolved powermaps , appear as regions of suppressed power due to reductions in the oscillation amplitudes . employing high spatial- and temporal - resolution observations from the dunn solar telescope ( dst ) in new mexico 
 , we study the power suppression in a region of evolving magnetic fields adjacent to a pore . by utilising wavelet analysis 
 , we study for the first time , how the oscillatory properties in this region change as the magnetic field evolves with time . 
 image sequences taken in the blue continuum , g - band , ca  ii  k and h@xmath0 filters were used in this study . 
 it is observed that the suppression found in the chromosphere occupies a relatively larger area confirming previous findings . 
 also , the suppression is extended to structures directly connected to the magnetic region and is found to get enhanced as the magnetic field strength increased with time . 
 the dependence of the suppression on the magnetic field strength is greater at longer periods and higher formation heights . 
 furthermore , the dominant periodicity in the chromosphere was found to be anti - correlated with increases in the magnetic field strength .","the new source is an interesting analysis for quantum structure ) and . these ( ( ms to be determined , respectively . for the most single frequency of a small photosphere . a singlets - body states of high - body data data by low band , i.",0.1328125,0.4594594594594595,0.20606060258145095,0.015706806282722512,0.06818181818181818,0.025531911850068263,0.125,0.43243243243243246,0.1939393904602388
