abstract,generated,rouge1-r,rouge1-p,rouge1-f,rouge2-r,rouge2-p,rouge2-f,rougel-r,rougel-p,rougel-f
"vera , the vienna environmental research accelerator , is especially equipped for the measurement of actinides , and performs a growing number of measurements on environmental samples . 
 while ams is not the optimum method for each particular plutonium isotope , the possibility to measure 239pu , 240pu , 241pu , 242pu and 244pu on the same ams sputter target is a great simplification . 
 we have obtained a first result on the global fallout value of 244pu/239pu  =  ( 5.7 
 1.0 )    105 based on soil samples from salzburg prefecture , austria . 
 furthermore , we suggest using the 242pu/240pu ratio as an estimate of the initial 241pu/239pu ratio , which allows dating of the time of irradiation based solely on pu isotopes . we have checked the validity of this estimate using literature data , simulations , and environmental samples from soil from the salzburg prefecture ( austria ) , from the shut down garigliano nuclear power plant ( sessa aurunca , italy ) and from the irish sea near the sellafield nuclear facility . 
 the maximum deviation of the estimated dates from the expected ages is 6  years , while relative dating of material from the same source seems to be possible with a precision of less than 2  years . 
 additional information carried by the minor plutonium isotopes may allow further improvements of the precision of the method .","we discuss the first describe the , x - x - ) , . we propose a large observations are a simple model of the optical spectra to construct account the observed data in which not the solar sources are expected expected to have have been a time of astrophysical data and its luminosity , . we show that the @xmath0 , , , the large - dimensional model , there may have been studied for its cluster : m2 , we discuss the second properties of the observations ) . for the light . the , and non - free galaxies and a first find that the redshift from a , . we report the present present present on the model , @xmath0 at the presence of @xcite , we have been found that was not present in the magnetic fields of , we present a mass and @xmath0 . this result in general general system to be agn , the firstpage ) , the system for the , and the formation of the most search for the galactic spectrum , as the high momentum and the . by the h. for the , as @xmath4 . this letter , and @xmath0@xmath0 k.e k ( i. in this method ) , the . the source at the stellar ) , with @xmath0 , the high energy energy of a few mass are no stars . [ fig . . the second sources that a second galaxy galaxies ( d. the . for the the lron galaxies . the , and , i.e ,",0.21052631578947367,0.2641509433962264,0.23430961849477436,0.06220095693779904,0.061611374407582936,0.06190475690487569,0.17293233082706766,0.2169811320754717,0.19246861431067397
"background : we recently indicated that patient age on its own is not a determinant of quality of allied health care received after an acute stroke . 
 it has not been tested whether other non - age variables influence care decisions made by allied health professionals . 
 this paper explores demographic and stroke - related variables that are putatively associated with the quality of care provided to acute stroke patients by allied health professionals.methods:data were retrospectively audited from 300 acute stroke patient records regarding allied health care . 
 compliance with each of 20 indicators of allied health care quality was established . 
 the influence of various demographic and stroke - related variables on each performance indicator was examined . 
 we undertook a series of analyses using univariate logistic regression models to establish the influence of these variables on care quality.results:patient age had a significant correlation with only one process indicator ( early mobilization ) . 
 seven variables , including stroke severity and level of dependence , were associated with patient age . the majority of these age proxies had significant associations with process indicator compliance . 
 correlations between non - age variables , in particular stroke severity and comorbidity , suggest the potential for complex confounding relationships between non - age variables and quality of allied health care.conclusion:compliance with individual indicators of allied health care was significantly associated with variables other than patient age , and included stroke severity , previous independence , comorbidities , day of admission , stroke unit admission , and length of stay . 
 the inter - relationships between these non - age variables suggest that their influence on quality of care is complex .","we extend this is derived results using its analysis analysis for our results are . this work which we discuss the firstpage . the sample , and , which implies that the data and the large mass mass and new method of the magnetic field , and the magnetic fields . we show that the , h@xmath0 . the .",0.09448818897637795,0.36363636363636365,0.14999999672578132,0.004608294930875576,0.02,0.007490633660173212,0.08661417322834646,0.3333333333333333,0.13749999672578134
"chromosomal heteromorphisms are described as interindividual variation of chromosomes without phenotypic consequence . 
 chromosomal polymorphisms detected include most regions of heterochromatin of chromosomes 1 , 9 , 16 and y and the short arms of all acrocentric chromosomes . here 
 , we report a girl with down - syndrome such as facies and tremendously enlarged short arm of a chromosome 22 . 
 fluorescence in situ hybridization ( fish ) with a probe specific for all acrocentric short arms revealed that the enlargement p arms of the chromosome 22 in question contained exclusively heterochromatic material derived from an acrocentric short arm . 
 parental studies identified a maternal origin of this heteromorphism . 
 cryptic trisomy 21 of the down - syndrome critical region was excluded by a corresponding fish - probe . here 
 , we report , to the best of our knowledge , largest ever seen chromosome 22 short arm , being ~1.5 larger than the normal long arm .","we study the the redshiftshifts . in the first results is measured are more accurate analysis of the galaxy formation . the existence of . we also provide a function is that the ) ( . the main data , of the . at our sample , i , we show that the resulting resulting properties of the source , with the high - , the _ . the disk . the observed in the standard and agn , the same analysis _ and the galactic field .",0.14432989690721648,0.2978723404255319,0.19444444004726089,0.029197080291970802,0.05405405405405406,0.03791468738887322,0.1134020618556701,0.23404255319148937,0.15277777338059428
"abstractrna interference ( rnai ) by oral delivery of dsrna in insects has great potential as a tool for integrated pest management ( ipm ) , especially with respect to addressing the need to reduce off - target effect and slow down resistance development to chemical insecticides . employing the natural association existing between insect and yeast 
 , we developed a novel method to enable the knock down of vital genes in the pest insect drosophila suzukii through oral delivery of species - specific dsrna using genetically modified saccharomyces cerevisae . 
 d. suzukii that were fed with our  yeast biopesticide  showed a significant decrease in fitness . in this perspective article 
 , we postulate that this approach could be adapted to a large number of species , given the great diversity of symbiotic interactions involving microorganisms and host species . 
 furthermore , we speculate that beyond its application as biopesticide , dsrna delivery by genetically modified microbes can also serve to facilitate reverse genetic applications , specifically in non - model organisms .","the model in this is the , we have be related , it . it is a function of the sample of the stellar sources , there is @xmath2 are a wide mass scale of our model the main object of these results in them in @xmath7 : (math0 - formation was found that is an an important case of . a few . we then that of astrophysical findings . on the presence of @xmath1 ) with , we find that . our results that was a function of the system of their origin of the mass mass of a significant than the firstpage .",0.13392857142857142,0.26785714285714285,0.1785714241269842,0.018633540372670808,0.03260869565217391,0.023715410391664575,0.125,0.25,0.16666666222222234
"cryoglobulinaemic mononeuritis multiplex ( mnm ) is an extrahepatic manifestation of chronic hepatitis c virus ( hcv ) infection for which interferon - based antiviral therapy is currently the treatment of choice . 
 rarely mnm can be associated with hcv treatment though generally in the setting of pre - existing cryoglobulinaemia and detectable hcv viraemia . 
 we report an unusual case of de novo mnm occurring late during the course of pegylated interferon and ribavirin therapy for chronic hcv infection , following a prolonged period of viral suppression . 
 the patient had no evidence of cryoglobulinaemia prior to hcv treatment and undetectable hcv rna levels at the time of presentation with mnm . 
 the case raises the possibility that mnm could develop as an adverse immunomodulatory effect of pegylated interferon therapy .","a theoretical model , a simulation can be interpreted as well as an . . this letter , h - point , m - dimensional two two two red redshifts ( @xmath00 , where @xmath0 with @xmath0 and the two - like , _ . the stellar stellar mass .e. we have the time in a 2 - time - body body energy . furthermore . the two mass @xmath0-wave galaxies , . the universe + + eigenstates ( @xmath0 of the redshifts er , , in our previous observations . we can be related to the presence of other other cluster in small - like in @xmath0 in the first than the first ray , h / , is observed in fig. a . we predict the . this paper . it is . we demonstrate the , one than the formation ) and the large emission from @xmath0 and . the existence of the results are the , , , for @xmath0-metr . if hion ; . we study the data ) @xmath1 , we have the @xmath0 for : phenomenological model , which gives also be less than to the . we find some system . it is a small @xmath00 / j. from a high - based on on a few stars , and a , ) . the same than the disk . this article allows the evolution . the star star . we present a observed of the first , the .",0.25301204819277107,0.19444444444444445,0.21989528304377629,0.04065040650406504,0.024509803921568627,0.03058103506214476,0.24096385542168675,0.18518518518518517,0.20942407885529465
"objective . to review the extant literature on the prevalence of overweight and obesity in adolescents ( 1019 years old ) of both sexes 
 . 
 design . 
 the search was carried out using medline and scopus considering articles published from the establishment of the databanks until june 7 , 2012 . 
 data on the prevalence of children being overweight and obese from the international obesity task force ( iotf ) website was also reviewed . only original articles and 
 one national health report were considered . 
 forty studies met the inclusion criteria . 
 results . 
 twenty - five of these studies were nationally representative , and ten countries were represented only by regional data . conclusions . 
 the prevalence of overweight and obesity among adolescents worldwide is high , and obesity is higher among boys . 
 the iotf criterion is the most frequently used method to classify adolescents as overweighed or obese in public health research .",we investigate the observed to one of the energy in their density of the results from the . an effective x - based on a stellar galaxies of the presence of these results of the radio sources .,0.10638297872340426,0.38461538461538464,0.1666666632722223,0.022727272727272728,0.09375,0.03658536271267129,0.10638297872340426,0.38461538461538464,0.1666666632722223
"intramuscular teicoplanin ( 400  mg every 12  h for three doses , then 400  mg daily , intramuscularly ) was prescribed for a 37-year - old woman with presumptive diagnosis of cellulitis . on the 14th day of treatment , she developed generalized maculopapular rash , accompanied by fever , wheezing , shortening of breath , and lymphadenopathy . 
 lab tests revealed abnormal liver enzymes , leukocytosis , and eosinophilia . 
 the treatment was interrupted with suspicion of drug reaction . 
 fever subsided after 48  h. skin eruption and respiratory symptoms began to resolve within 2  weeks . 
 the follow - up lab tests performed 1  month later indicated resolution of liver dysfunction . 
 with respect to delayed onset of symptoms including fever , generalized rash , lymphadenopathy , and organ involvement , drug reaction with eosinophilia and systemic symptoms ( dress ) was highly suspected . 
 the causality was evaluated by conventional scoring systems . 
 the reaction was rated as probable ( score  =  5 ) according to regiscar and possible ( score  =  5 ) based on kardaun et al.s scoring system . 
 however , dress was not confirmed by the japanese group s criteria for diagnosis of dress / drug - induced hypersensitivity syndrome ( dihs ) .","the second second . this result . the mass by @xmath2 + , university of a function of the mass of this model at the center - plane of the results for the other than a single - , and cep . if if @xmath13 = # 2 * . . * * * * * * * * # 1#1 * # 1#2#3. * * # 1 # 1 # 3 , = r - wave , . phys , # 2 # 1 phys#2#3#3#3 . , # 2 2 . . , # 1 # 2 # 2 # 1 # 1 # 2 # * # 1 # 2 # # # 1 # 2 # 3 # 1#1 # 1 # 2 # 1 # # 2 # 2 # 1 # 1 # 1 ) , # 1 # 2 . * * , . , # 1 # 1 # 1 * # 2 2 # 1 # 2 = j. j. . . a few # 1 # 1 # , but but . h . astrophys , '' # 1 # 1dd , ] * * * # 1 # 1 # 1 # 1. ( fig ; # # 1 # * # 2 # 1 # # 1 # 1 # 1 # 2 # 1 # 2 # 1 # 2 # # 1 # 1 # 2 2 # # 1 # 3 # 2b , ) # 2d , # 1 * # 2= # 2 # 2 2 ##3#3 * # 1 # 1 # 1 # 1 # 1 . , as as axil * , b b b.e . * # 2 # 1 # 1 # 2 * * p",0.12396694214876033,0.2459016393442623,0.16483516037857762,0.005319148936170213,0.00819672131147541,0.006451608129868256,0.11570247933884298,0.22950819672131148,0.15384614938956664
"background : storage of serum and other blood products is often necessary in laboratories because of technical issues or to preserve samples for subsequent research purposes . 
 the aim of this study was to determine whether the stability of biochemical analytes is affected by storage conditions.materials and methods : a total of 17 biochemical analytes in the sera of ten patients were examined following storage . 
 subsequent to determining the baseline measurements , the serum of each patient was aliquoted and stored at 20c for 7 , 15 , and 30 days and then analyzed for stability . 
 the results were compared with the initial analysis measurements obtained from fresh samples . 
 mean changes compared to baseline ( t0 ) concentrations were evaluated both statistically and clinically.results:our results show that sodium , potassium , urea , creatinine , uric acid , total calcium , phosphorus , direct bilirubin , total bilirubin , aspartate aminotransferase , alanine aminotransferase , alkaline phosphatase , total protein , albumin , cholesterol , and triglyceride levels were stable under all conditions . 
 serum amylase was the only analyte demonstrating instability following prolonged storage ; amylase levels changed significantly ( both statistically and clinically ) at 7 , 15 , and 30 days ( p < 0.05).conclusion : most common biochemical analytes , except for amylase , showed adequate stability in serum following 30 days of storage at 20c . 
 serum amylase analysis should be conducted on the same day that the sample is received in the laboratory .","in in the second second the . the best show ) a second second s based on the first first first , , the photon , i. it is an example , and data for the . by a. [ , @xmath0 xmetric simulations , we compare at the number of physics , m. this is discussed to the x - order . with a direct model ( ( @xmath4 , . the results , and @xmath0 : . ) , in its sample of a model . this talk are , ) ) ) . we also that the mass for the , . using using the two - body ) . a p. the low - plane : 4. this reason invariant temperature and h. the firstpage , this paper we have the , which for the inner inner physics and the . the cluster than the two - f. we have been measured of the source ( d. we be obtained from the source of the system for the second order magnetic field , we use the . the firstpage . we propose that the existence of the case at the two two bursts wd , j. the standard data has a few ) that ( in order of @xmath12 , and it are s@xmath3 ) , @xmath7 in these features of the other hand s.",0.19708029197080293,0.2727272727272727,0.2288135544516663,0.03056768558951965,0.037037037037037035,0.0334928180122944,0.17518248175182483,0.24242424242424243,0.20338982563810698
"this study aimed to compare the apical sealing of root - end fillings performed with lysanda ( zinc oxide - eugenol paste ) with radiopacifiers ( iodoform or zinc oxide ) and calcium hydroxide . 
 root - end cavities were prepared and filled with different materials , as follows : group i  lysanda paste with iodoform ; group ii 
 lysanda paste with iodoform and calcium hydroxide ; group iii 
 lysanda paste with iodoform and zinc oxide ; group iv  lysanda paste with zinc oxide ; group v 
 mineral trioxide aggregate ( mta ) . after filling , 
 the teeth were immersed in 2% methylene blue for analysis of marginal leakage . 
 it was observed that marginal leakage occurred in all groups . 
 lysanda paste with iodoform showed the lowest leakage , with no statistically significant difference compared to the other groups . 
 all materials can be considered as good options for root - end filling .","we prove a general data in a . these sample of a novel expression for all - mode . we present two infrared flux and this letter ) is the discovery of the _ . this is used used _ dion and the second second - level and large - up to the stellar data ) and x - , such , and for a model model , the presence of @xmath1 _ pion . such such that the most model : * .",0.16049382716049382,0.2826086956521739,0.20472440482856974,0.024390243902439025,0.038461538461538464,0.02985074151927009,0.14814814814814814,0.2608695652173913,0.18897637333250678
"backgroundglobally , head injury is a substantial cause of mortality and morbidity . 
 a disproportionately greater burden is borne by low- and middle - income countries . 
 the incidence and characteristics of fatal and hospitalised head injuries in fiji are unknown.methodsusing prospective data from the fiji injury surveillance in hospital system , the epidemiology of fatal and hospitalised head injuries was investigated ( 20042005).resultsin total , 226 hospital admissions and 50 fatalities ( 66% died prior to admission ) with a principal diagnosis of head injury were identified ( crude annual rates of 34.7 and 7.7/100,000 , respectively ) . 
 males were more likely to die and be hospitalised as a result of head injury than females . 
 the highest fatality rate was among those in the 3044-year age group . 
 road traffic crashes were the leading causes of injuries resulting in death ( 70% ) , followed by  hit by person or object and falls ( 14% each ) . among people admitted to hospital , road traffic crashes ( 34.5% ) and falls ( 33.2% ) were the leading causes of injury . 
 the leading cause of head injuries in children was falls , in 1529-year - olds road traffic crashes , and in adults aged 3044 years or 45 years and older  hit by person or object. among the two major ethnic groups , fijians had higher rates of falls and  hit by person or object and indians higher rates for road traffic crashes . 
 there were no statistically significant differences between the overall rates of head injuries or the fatal and non - fatal rates among fijians or indians by gender following age standardisation to the total fijian national population.conclusiondespite underestimating the overall burden , this study identified head injury to be a major cause of death and hospitalisation in fiji . 
 the predominance of males and road traffic - related injuries is consistent with studies on head injuries conducted in other low- and middle - income countries . 
 the high fatality rate among those aged 3044 years in this study has not been noted previously . 
 the high case fatality rate prior to admission to the hospital requires urgent attention .","recent recent work . we have been obtained a , and x - like mass of the the high velocity dynamics between the data which can be used at the solar field of the time - dimensional dimensional , is presented that the presence of the @xmath7 @xcite with the central and an small velocity of dark matter pb . for the low - cluster in the stellar stellar stellar component of galaxies are a a . in particular in a , is a large range ( eigenvalues is observed in . they is one of a disk at @xmath3-. the central luminosity of @xmath0 _ @xmath0-ray models using which is the low galaxies _ m@xmath7 in order to the system is the large and @xmath4 = hd , such data on the , it is agn observations , with the same way . the low - formation of a similar to explain the , which has been found to the source , the same features are calculated the second galaxy ghz data ( [ , for the results that the same structure ) ) , we find in a a factor of the central than the mass of these data , the same and the high - dependent structure of them to find that this paper , by a significant and @xmath3 of the main sample of the presence of the same method of the @xmath0 , while about a a high - of these work on the case by the stellar flux of the two optical method and the , where @xmath1 are very evidence for this kind of the same . the firstpage , the total redshifts , we found as the results will be firstpage , which for terms of many different measurements may also calculated at high momentum of the galactic galactic stars , we show that the central data , which are discussed with an important to extract each . this way . this method with @xmath3 for each high - dimensional cluster . + @xmath23 , '' based on the . we present two - body of the present one with @xmath0-stellarstellar gas of the stellar clusters will perform the total mass mass galaxies . therefore was an al . with two - type - field ) , j",0.2,0.2077922077922078,0.2038216510527812,0.03355704697986577,0.03225806451612903,0.03289473184405374,0.1875,0.19480519480519481,0.19108279754959648
"acinetobacter infections have increased and gained attention because of the organism s prolonged environmental survival and propensity to develop antimicrobial drug resistance . the effect of multidrug - resistant ( mdr ) acinetobacter infection on clinical outcomes has not been reported . a retrospective , 
 matched cohort investigation was performed at 2 baltimore hospitals to examine outcomes of patients with mdr acinetobacter infection compared with patients with susceptible acinetobacter infections and patients without acinetobacter infections . 
 multivariable analysis controlling for severity of illness and underlying disease identified an independent association between patients with mdr acinetobacter infection ( n = 96 ) and increased hospital and intensive care unit length of stay compared with 91 patients with susceptible acinetobacter infection ( odds ratio [ or ] 2.5 , 95% confidence interval [ ci ] 1.25.2 and or 2.1 , 95% ci 1.04.3 ] respectively ) and 89 uninfected patients ( or 2.5 , 95% ci 1.25.4 and or 4.2 , 95% ci 1.511.6 ] respectively ) . increased hospitalization associated with mdr acinetobacter infection 
 emphasizes the need for infection control strategies to prevent cross - transmission in healthcare settings .","a photometry of the radio . this analysis of the observed in the . these analysis of this paper , the high field . this paper , but also the stellar and . in particular luminoss .e. the main main technique on ]",0.08256880733944955,0.36,0.13432835517375816,0.006134969325153374,0.029411764705882353,0.010152281407921647,0.08256880733944955,0.36,0.13432835517375816
"decreased activity of the mitochondrial 2-oxoglutarate dehydrogenase complex ( ogdhc ) in brain accompanies neurodegenerative diseases . to reveal molecular mechanisms of this association , we treated rats with a specific inhibitor of ogdhc , succinyl phosphonate , or exposed them to hypoxic stress . in males treated with succinyl phosphonate and in pregnancy - sensitized females experiencing acute hypobaric hypoxia 
 , we revealed upregulation of brain ogdhc ( within 24 hours ) , with the activity increase presumably representing the compensatory response of brain to the ogdhc inhibition . 
 this up - regulation of brain ogdhc was accompanied by an increase in exploratory activity and a decrease in anxiety of the experimental animals . remarkably , the hypoxia - induced elevation of brain ogdhc and most of the associated behavioral changes were abrogated by succinyl phosphonate . 
 the antagonistic action of hypoxia and succinyl phosphonate demonstrates potential therapeutic significance of the ogdhc regulation by the phosphonate analogs of 2-oxoglutarate .","we examine anisotropy data for @xmath00 ( [ @xmath0 cm . we have found that the case , which will the data ir , its system to @xmath3 . the effect and @xmath0 and @xmath33 . for a small @xmath9 ms that how the . the most .",0.09411764705882353,0.25,0.13675213277814316,0.0,0.0,0.0,0.09411764705882353,0.25,0.13675213277814316
"purposethe purpose of this article is to report establishment of the 1st web - based database ( db ) system to collect renal cell carcinoma ( rcc ) data in korea.materials and methodsthe new web - based db system was established to collect basic demographic and clinicopahtological characteristics of a large cohort of patients with rcc in korea . 
 data from a total of 6,849 patients were collected from 8 tertiary care hospitals that agreed to participate in organizing the korean renal cell carcinoma ( korcc ) study group as of 1 july 2015 . 
 basic demographic and clinicopathological characteristics were collected . 
 the data of patients who underwent surgical treatments were analyzed to characterize korean rcc.resultswe established the 1st web - based db of korean rcc , a database comprising renal mass management cases from multiple centers in korea . 
 the data of 5,281 patients who underwent surgical management ( mean follow - up , 32 months ) were analyzed . 
 the most common symptom was incidentally detected renal mass ( 76.9% ) . 
 clinical t1a was the most common ( 54.3% ) stage and mean tumor size was 4.84.2 cm . 
 radical nephrectomy accounted for 62.7% of cases and an open approach was used in 50.7% and 52.2% of radical and partial nephrectomies , respectively . 
 the 5-year overall , cancer - specific and recurrence - free survival rates were 88.1% , 92.2% , and 88.0% , respectively.conclusionswe report the 1st establishment of a web - based db system to collect rcc data in korea . this db system will provide a solid basis for the characterization of korean rcc .","the galaxy ) . + + . this paper # 1 wd , # 1 # , # 2 . phys # 2 # , # 2 # 1 # 1 ( rr#2 # 2 # 1 # 2 1 * * * * * * g g. the low - density # 2 # 1 1.25 # 1, agb: ) pul,, . we find the presence of the , # 2 # 1 ( , * * * *#1#1 , however . # 1 1 # 2 # 1 # 1 # 2 # 2 # 2 _ # 2 . p. ) _ j _ _ . s * # 1 # 1 # 1 # 2 # 2 # 1 # 1 # 2 , # 1 # 1 # 1 # 1 # 1 # 3= ) , , # 2 * # 1 # 1 # 1 # 1 * # 1 # 1 # 2 # * * keywords _ # 2 # 1 # 1#2#2#2#2 # 1 * # 2 . ) # 2 , [ 3 ( * # 2 ) as agb # 1 # 2 # 1#2#2#2 # * # 1 # 2 # 1",0.07352941176470588,0.24390243902439024,0.11299434672284475,0.004291845493562232,0.012048192771084338,0.0063291100506753396,0.07352941176470588,0.24390243902439024,0.11299434672284475
"background and aims : c - mac video laryngoscope ( vl ) with macintosh blade has been found to improve cormack - lehane ( c - l ) laryngoscopic view as well as intubating conditions for orotracheal intubation . 
 however , studies done on the performance of c - mac vl for nasotracheal intubation ( nti ) are very few in number . hence , we compared laryngoscopy and intubating conditions between macintosh direct laryngoscope and c - mac vl for nti.methods:sixty american society of anesthesiologists physical status i , ii patients , aged 818 years , posted for tonsillectomy surgeries under general anaesthesia with nti were randomised , into two groups . 
 patients in group 1 were intubated using macintosh direct laryngoscope and group 2 with c - mac vl . 
 c - l grading , time required for intubation , need for additional manoeuvres and haemodynamic changes during and after intubation were compared between the groups.results:c-l grade 1 views were obtained in 26 and 29 patients in group 1 and group 2 , respectively ( 86.7% vs. 96.7% ) . 
 remaining patients were having c - l grade 2 ( 13.3% vs. 3.3% ) . 
 duration of intubation was less than a minute in group 2 ( 93.3% ) . 
 need for additional manoeuvres ( m1m5 ) were more in group 1 ( 97% vs. 77% ) . 
 m1 ( external manipulation ) was needed more in group 2 compared to group 1 ( 53.3% vs. 30% ) . 
 magill 's forceps alone ( m4 ) and m4 with additional external manipulation ( m5 ) were needed more in group 1 compared to group 2 ( 60% vs. 16%).conclusion : the overall performance of c - mac vl was better when compared to conventional direct macintosh laryngoscope during nti in terms of glottis visualisation , intubation time and need for additional manoeuvres .","a . from well well well , the same approach has been studied ) . the first data , and ) pacs. [ , i.e , respectively , .s .. phys. * : ps . * , in those of the light ) v. [ [ fig , .",0.09285714285714286,0.43333333333333335,0.15294117356401388,0.0078125,0.046511627906976744,0.013377923958792861,0.07857142857142857,0.36666666666666664,0.12941176179930802
"[ purpose ] the aim of this study was to clarify the effects of the rom exercise on joint 
 components according to histopathological analysis . [ subjects and methods ] in total , 
 twenty - six 9-week - old adult male wistar rats were used in this study . 
 the rats were 
 randomly divided into three groups , the immobilization group ( n=10 ) , exercise group 
 ( n=10 ) , and control group ( n=6 ) . 
 the immobilization group and exercise group were 
 anaesthetized and operated on under sterile conditions . 
 the right knee joints in the 
 immobilization group and exercise group were immobilized with external fixation at 120 
 degrees of flexion . 
 range of motion exercise was started from the day after 
 immobilization . 
 rom exercise was performed in the exercise group once a day for 3 minutes , 
 6 days a week , for 2 weeks . 
 [ result ] the joint capsule in the immobilization group and 
 exercise group showed narrowing of the collagen bundles in interstitial spaces but was 
 less dense in the control group . in the immobilized group , a hyperplastic reaction was 
 associated with infiltration into the articular cavity and adhesion to the surface of the 
 articular cartilage . 
 conversely , in the exercise group , hyperplasia of tissue was 
 localized to the synovial membrane . 
 [ conclusion ] this finding may suggest that rom 
 exercise induces some changes within the joint components and tissue metabolism .","the cluster ) star are been calculated calculated here both more , i) . we investigate low density of the stellar objects is a direct observation of ) results and of galaxies , the data to the large density of astrophysical structure of the observed spectra of neutron formation formation of the stellar properties of the main observations are an accurate way at a time . our results are discussed by the source source has been done for , which the x - time of a , and the system is used to obtain a single - dependent - energy model for a function , while while the low temperature , as a observed of @xmath1 . this study a mass and , such the high evolution of the . the first first evidence that the system ) . the cluster , @xmath4 is the redshift , is presented . we also be observed in the black holes . the firstpage .",0.1271186440677966,0.18072289156626506,0.14925372649488888,0.03626943005181347,0.04827586206896552,0.04142011344403265,0.11864406779661017,0.1686746987951807,0.13930347773867
"objective : to describe the features of adult patients with benign , unilateral cerebral cortical encephalitis positive for the myelin oligodendrocyte glycoprotein ( mog ) antibody.methods:in this retrospective , cross - sectional study , after we encountered an index case of mog antibody  positive unilateral cortical encephalitis with epileptic seizure , we tested for mog antibody using our in - house , cell - based assay in a cohort of 24 consecutive adult patients with steroid - responsive encephalitis of unknown etiology seen at tohoku university hospital ( 20082014 ) . 
 we then analyzed the findings in mog antibody 
 positive cases.results:three more patients , as well as the index case , were mog antibody  positive , and all were adult men ( median age 37 years , range 2339 years ) . 
 the main symptom was generalized epileptic seizure with or without abnormal behavior or consciousness disturbance . 
 two patients also developed unilateral benign optic neuritis ( before or after seizure ) . in all patients , 
 brain mri demonstrated unilateral cerebral cortical fluid - attenuated inversion recovery hyperintense lesions , which were swollen and corresponded to hyperperfusion on spect . 
 csf studies showed moderate mononuclear pleocytosis with some polymorphonuclear cells and mildly elevated total protein levels , but myelin basic protein was not elevated . 
 a screening of encephalitis - associated autoantibodies , including aquaporin-4 , glutamate receptor , and voltage - gated potassium channel antibodies , was negative . 
 all patients received antiepilepsy drugs and fully recovered after high - dose methylprednisolone , and the unilateral cortical mri lesions subsequently disappeared . 
 no patient experienced relapse.conclusions:these mog antibody  positive cases represent unique benign unilateral cortical encephalitis with epileptic seizure . 
 the pathology may be autoimmune , although the findings differ from mog antibody  associated demyelination and rasmussen and other known immune - mediated encephalitides .","this work work of the number of the other measurements by the , and this paper , with the firstpage . the presence of the results are investigated and . we show that of the existence of the high galaxies and m . it is not show the low energies a source was proposed for the , the high - . the main formation of each . this work , dyr _ . the , it is much more than other objects , or other hand : , , c , . the local stars of a large large scales and more than two two models that the large formation of the most data , it is more than their magnetic fields at fig symmetries . the magnetic magnetic fields are expected astrophysical fields of the resulting resulting resulting at ) . we find @xmath0 . we find that which has been known than the discovery of such than the , p.",0.13372093023255813,0.30666666666666664,0.186234813584881,0.01838235294117647,0.03875968992248062,0.024937651496197925,0.12209302325581395,0.28,0.17004048160107538
"the 
 observed water oxidation activity of the compound class co4o4(oac)4(py 
 x)4 emanates 
 from a co(ii ) impurity . 
 this impurity is oxidized to produce the well - known 
 co - oec heterogeneous cobaltate catalyst , which is an active water 
 oxidation catalyst . 
 we present results from electron paramagnetic 
 resonance spectroscopy , nuclear magnetic resonance line broadening 
 analysis , and electrochemical titrations to establish the existence 
 of the co(ii ) impurity as the major source of water oxidation activity 
 that has been reported for co4o4 molecular cubanes . 
 differential electrochemical mass spectrometry is used to characterize 
 the fate of glassy carbon at water oxidizing potentials and demonstrate 
 that such electrode materials should be used with caution for the 
 study of water oxidation catalysis .","we present a redshift and their method the galactic mass mass of the observations of . this problem can be found using different different analysis in the radio radio rays is the star galaxies are a astrophysical analysis are show that our source on high - cluster sources in this can be a simple method method in the stellar galaxies . we construct the radio and high hole to calculate it is used to the presence of the observed in an important to the . a high - time scales is proposed in the model on . the @xmath8 is a , we calculate the present : a massive massive massive massive mass , it to the mass to agn . the . we we show in our observations of a small ( , and the photometric data . these models with those to this analysis that an important algorithm , to @xmath22 and redshift redshift of the star , such galaxies . the formation of the evolution - band kev . our method @xmath9 are used to the present study the central central mass of one of a a a a .g ) .. for the . this paper . the two - range of the galaxy galaxy characterization of the h.",0.2926829268292683,0.27906976744186046,0.2857142807171202,0.06306306306306306,0.03977272727272727,0.048780483061346365,0.23170731707317074,0.22093023255813954,0.22619047119331076
"objectivewe carried out a secondary analysis in high - risk patients with a previous myocardial infarction ( mi ) and diabetes in the alpha omega trial . 
 we tested the hypothesis that in these patients an increased intake of the n-3 fatty acids eicosapentaenoic acid ( epa ) , docosahexaenoic acid ( dha ) , and -linolenic acid ( ala ) will reduce the incidence of ventricular arrhythmias and fatal mi.research design and methodsa subgroup of 1,014 post - mi patients with diabetes aged 6080 years was randomly allocated to receive one of four trial margarines , three with an additional amount of n-3 fatty acids and one placebo for 40 months . 
 the end points were ventricular arrhythmia  related events and fatal mi . 
 the data were analyzed according to the intention - to - treat principle , using multivariable cox proportional hazards models.resultsthe patients consumed on average 18.6 g of margarine per day , which resulted in an additional intake of 223 mg epa plus 149 mg dha and/or 1.9 g ala in the active treatment groups . during follow - up , 29 patients developed a ventricular arrhythmia  related events and 27 had a fatal mi . compared with placebo patients , the epa - dha plus ala group experienced less ventricular arrhythmia  related events ( hazard ratio 0.16 ; 95% ci 0.040.69 ) . 
 these n-3 fatty acids also reduced the combined end - point ventricular arrhythmia  related events and fatal mi ( 0.28 ; 0.110.71).conclusionsour results suggest that low - dose supplementation of n-3 fatty acids exerts a protective effect against ventricular arrhythmia  related events in post - mi patients with diabetes .","the first , , , ] , ) ] . the ) . the . , , i. we discuss discuss the second. the . this can be be , and the quaquark . we describe discuss discuss the evolution of which is , m , the cluster . a data from the present present new new field model in the main main analysis of the number of the most most new algorithm , where this article , m - energy spectrum , and and the presence of @xcite , ( [ ecolation in the sample : ] , with the time distribution of the case , , @xmath0-n , and @xmath9 . the ) . @xmath4 and the standard sample of the new measurements have been made by both models of dark matter stars is the large @xmath1 , which also produce other hand . therefore ] . we have been able to its , we give more find that @xcite of all the disk that there is the existence of the @xmath1 are presented in the system that it are , : 2 - mail . the other hand , in high and @xmath0 . [ 2007 , ) , we show that that could be understood inhomohomogeneous source using the , the data used for ) ) ; with high ) , a wide mass of super superfluid of the presence of a. here was achieved from the high high energy photometric ) the magnetic field , while the most observed ] . this work we can have a significant of the present ) is .e. [ , the .",0.152317880794702,0.20175438596491227,0.1735849007578499,0.03292181069958848,0.03587443946188341,0.03433475895770855,0.12582781456953643,0.16666666666666666,0.14339622151256692
"the current technique for surgical treatment of the longitudinal spinal cord injury has proven to be successful for restoration of some motor function and alleviation of pain . 
 this has been the first step in finding a cure for spinal cord injuries , but so far there are many obstacles still to be overcome . in this particular injury return of function from spinal cord surgery 
 is only partial . 
 some of the main remaining problems are related to injury - induced neuronal death , direction and specificity of regeneration and muscle , and receptor disintegration from long time denervation . 
 currently this is a surgical procedure without any adjuvant treatments . in order to gain 
 further functional improvement combinational therapies developed in basic science experiments are essential .","one of an analytical analytical method from three three components is the detection of the two star of this this case of the other hand , ] in the bestmetry ) . the high sources with the central central source of the existence of the . here as long temperature at galaxies carlo simulations are obtained on some star star . the first data of astrophysical than the high high law with a simple model of other hand hand of the other of the effect we provide in the ) are performed to the . recent years of astrophysical function of these predictions are larger than the first features from the two objects have been performed at the first system system .",0.17857142857142858,0.234375,0.20270269779401034,0.01694915254237288,0.0196078431372549,0.018181813208265823,0.17857142857142858,0.234375,0.20270269779401034
"large - scale chromosome structure and spatial nuclear arrangement have been linked to control of gene expression and dna replication and repair . 
 genomic techniques based on chromosome conformation capture assess contacts for millions of loci simultaneously , but do so by averaging chromosome conformations from millions of nuclei . 
 here we introduce single cell hi - c , combined with genome - wide statistical analysis and structural modeling of single copy x chromosomes , to show that individual chromosomes maintain domain organisation at the megabase scale , but show variable cell - to - cell chromosome territory structures at larger scales . despite this structural stochasticity , localisation of active gene domains to boundaries of territories 
 is a hallmark of chromosomal conformation . 
 single cell hi - c data bridge current gaps between genomics and microscopy studies of chromosomes , demonstrating how modular organisation underlies dynamic chromosome structure , and how this structure is probabilistically linked with genome activity patterns .","in the stellar and the star , there is calculated data from the number of a data was no single - plane . we present a model . the stellar velocity , the case is the two - formation in a large red and found to , and the . the most study of two a function and show that are . as a kerr - rich rich rich rich in all @xmath11 ) ) the two - dimensional results for @xmath8 ) of the large line in the presence of time , @xmath0 . this analysis of a small , of . the same source is discussed as an additional phase . we derive the first state in @xmath2 ) this was found that the firstpage by the high - up to the two states eq . the . the number of galaxy of superconductor - . our results is the model . from the , which may be obtained in the . the effect @xmath0",0.18811881188118812,0.24675324675324675,0.21348314115831343,0.013605442176870748,0.014598540145985401,0.014084502048454458,0.15841584158415842,0.2077922077922078,0.1797752759897742
highlightsthe paper reports the effect of steroids on upper limb function in non ambulant dmd boys.boys continuing steroids after loss of ambulation perform better than those who stopped at the time of loss of ambulation.the performance of upper limb test can reliably capture change over time and the effect of intervention .,the central stellar field . it is not used in a high velocity region of our model that it leads to be described . i review the low masses obtained and .,0.10810810810810811,0.14814814814814814,0.12499999512207051,0.0,0.0,0.0,0.10810810810810811,0.14814814814814814,0.12499999512207051
"the definition of lutembacher 's syndrome has undergone many changes . 
 it refers to combination of congenital atrial septal defect with acquired mitral stenosis . 
 lutembacher 's syndrome is a very rare disease and in the past , it has been either overdiagnosed or misdiagnosed . here 
 , we will discuss a case of a pregnant lady who developed breathlessness during her third trimester of pregnancy and on detailed examination and investigation , she was found to be having lutembacher 's syndrome .","we present : : pss. we show have have have been observed observed the new new new simulations . this phenomenon of many @xmath8. these observations . we propose a . our studies . the , 2 _ @xmath0 has been found both that the presence of the @xmath0 ] in the high density . furthermore . the same properties of the @xmath4 s . this . we found the two different , the universe and @xmath2 . we find that @xmath3 , our results of the two - level , socd . this paper , we find that the . we conclude that the second , respectively , ) . the system which are an efficient efficient for which will obtained in a function . these results also have the total of the magnetic field , which is much higher higher ( soc , it are well well as the , @xmath00 gev , an important than the results can be given given adiab @xmath9 . our data of the other hand , and @xmath9 is seen as well be explained as a direct direct results are given . since the time , in the data can be measured a very observed the . in a factor of a. we find a function of which are important to the main algorithm with a strong , .",0.3,0.17647058823529413,0.22222221755829916,0.08108108108108109,0.031578947368421054,0.045454541419880985,0.25,0.14705882352941177,0.18518518052126212
"assam and arunachal pradesh have very rich tradition of herbal medicines used in the treatment of various ailments . 
 tribal communities practice different types of traditional healing practices . 
 enough documentation is available on the healing practices in other tribal communities except mishing community of assam and foot hill of east siang district of arunachal pradesh hence the attempt was made for the same . 
 a survey on folk medicinal plants and folk healers of mishing tribe was conducted in few places of lakhimpur and dhemaji district of assam and east siang district of arunachal pradesh , where this ethnic group is living since time immemorial . 
 all information was collected based on interview and field studies with local healers within the community . 
 the identification of medicinal plants collected with help of indigenous healers was done . 
 such medicines have been shown to have significant healing power , either in their natural state or as the source of new products processed by them . 
 this study is mainly concentrated with plants used to cure diseases and to enquire about different healing systems . 
 detail note on the method of preparation of precise dose , the part / parts of plants used and method of application is given .","the data on the radio emission of these results on , of , we present a , . using the cluster ) , ) , , ,  observed that the total of the , m m m , ( e. however , @xmath5 . the , and @xmath0 , are shown that of the data have a data . our new analysis , c . the source at @xmath5 ly in our analysis are the high - - dimensional ) , and the s . it is given that is large - . the .. [ fig , but be expected , and the central , the data ) in the case , gaussian . we study of nonsolar number of the central central stars and @xmath13 ) and . it is presented and h. we introduce astrophysicalstrophysical data at @xmath8 have been shown to the firstpage . one of the . these data are obtained for the universe.",0.1452991452991453,0.2463768115942029,0.18279569425771777,0.04918032786885246,0.06818181818181818,0.05714285227392332,0.13675213675213677,0.2318840579710145,0.17204300608567477
"objective : to evaluate the use of ex vivo lung perfusion ( evlp ) clinically to prepare donor lungs for transplantation . 
 methods : a prospective study involving evlp for the reconditioning of extended - criteria donor lungs , the criteria for which include aspects such as a pao2/fio2 ratio < 300 mmhg . between february of 2013 and february of 2014 , the lungs of five donors were submitted to evlp for up to 4 h each . during evlp , respiratory mechanics were continuously evaluated . once every hour during the procedure , 
 samples of the perfusate were collected and the function of the lungs was evaluated . 
 results : the mean pao2 of the recovered lungs was 262.9  119.7 mmhg at baseline , compared with 357.0  108.5 mmhg after 3 h of evlp . 
 the mean oxygenation capacity of the lungs improved slightly over the first 3 h of evlp-246.1  35.1 , 257.9  48.9 , and 288.8  120.5 mmhg after 1 , 2 , and 3 h , respectively - without significant differences among the time points ( p = 0.508 ) . 
 the mean static compliance was 63.0  18.7 mmhg , 75.6  25.4 mmhg , and 70.4  28.0 mmhg after 1 , 2 , and 3 h , respectively , with a significant improvement from hour 1 to hour 2 ( p = 0.029 ) but not from hour 2 to hour 3 ( p = 0.059 ) . 
 pulmonary vascular resistance remained stable during evlp , with no differences among time points ( p = 0.284 ) . 
 conclusions : although the lungs evaluated remained under physiological conditions , the evlp protocol did not effectively improve lung function , thus precluding transplantation .","a simple simple simple simple to - new systems that an experimental experimental conditions in their sample of the evolution of such have a long - rich stellar structure of @xmath0 , we discuss discuss the time ( ghzghz , it is the optical optical function have only more longer than the galactic galactic galactic region of the local - equilibrium equilibrium . such models which are proposed method can be likely the large ] . we have been based on the main sequence of @xmath22 in the data ( 5. we prove that the . it is compared to a few ( , indicating an upper sources for the cluster galaxies of @xmath10 the formation formation of a second of which the . these than the first results are very useful useful tool in the main values of the inner density of freedom which has been given a factor of @xmath1 cma . in the observed invariant in the inner models with the surface of the number of the photon ( oms - . these source by the light of two clusters that the universe on the central central sources to the other than the system ] . the most most , is to the new features and @xmath2 , or the presence of the . these than a large of the optical formation , to be able to have a large scale the observed . we show that the low - , in the time , which we demonstrate that is not study their number of the cluster ) hamiltonian .e/ev to extract a very very very very large agn . in 2 = 4 ) dm , as the same time - wave properties of of the present for the universe , and the model model ( @xcite . our results to the existence of @xcite for the total density , is a new function of the low - photostellarstellar evidence that the most low - like the optical studies that that a few , @xcite . to that the disk disk disk data for this letter . we calculate the @xmath0 mev spectrum . the , the two two physics are obtained by their data which are a low @xcite . the formation of the . it is , the @xmath4-rr . the evolution of the best system . the presence of the high - , with the center , ) , .",0.18181818181818182,0.17333333333333334,0.17747439773322943,0.036734693877551024,0.027950310559006212,0.03174602683824406,0.15384615384615385,0.14666666666666667,0.15017064346701783
"despite the fact that the superficial peroneal nerve is the only nerve in the human body that can be made visible ; iatrogenic damage to this nerve is the most frequently reported complication in anterior ankle arthroscopy . 
 one of the methods to visualize the nerve is combined ankle plantar flexion and inversion . in the majority of cases , 
 the superficial peroneal nerve can be made visible . 
 the portals for anterior ankle arthroscopy are however created with the ankle in the neutral or slightly dorsiflexed position and not in combined plantar flexion and inversion . 
 the purpose of this study was to undertake an anatomical study to the course of the superficial peroneal nerve in different positions of the foot and ankle . 
 we hypothesize that the anatomical localization of the superficial peroneal nerve changes with different foot and ankle positions . in ten fresh frozen ankle specimens , a window , only affecting the skin , was made at the level of the anterolateral portal for anterior ankle arthroscopy in order to directly visualize the superficial peroneal nerve , or if divided , its terminal branches . 
 nerve movement was assessed from combined 10 plantar flexion and inversion to 5 dorsiflexion , standardized by the telos stress device . also for the 4th toe flexion , flexion of all the toes and for skin tensioning possible nerve movement 
 was determined . 
 the mean superficial peroneal nerve movement was 2.4  mm to the lateral side when the ankle was moved from 10 plantar flexion and inversion to the neutral ankle position and 3.6  mm to the lateral side from 10 plantar flexion and inversion to 5 dorsiflexion . 
 both displacements were significant ( p  <  0.01 ) . 
 the nerve consistently moves lateral when the ankle is manoeuvred from combined plantar flexion and inversion to the neutral or dorsiflexed position . 
 if visible , it is therefore advised to create the anterolateral portal medial from the preoperative marking , in order to prevent iatrogenic damage to the superficial peroneal nerve .","we study study the data of the analysis with the . [ . on the effect . these results results are in time data for an ensemble ensemble of high stars are used that we obtain to a inner inner field of @xmath0 , : m. the presence of a wide wide type system to calculate the : first , the first firstpage , and @xmath12r ) , ) . the high - mass of the present recent recent observations ) , the . we have been used for the source of the . for fig ) : @xmath0 : 2.",0.11851851851851852,0.3137254901960784,0.17204300677245934,0.02074688796680498,0.05555555555555555,0.030211476403100162,0.1111111111111111,0.29411764705882354,0.16129031860041634
"warthin 's tumor is the second most common type of salivary gland tumor . 
 microscopically , warthin 's tumor displays a proliferative epithelial component and lymphoid stroma . 
 carcinomas arising from the epithelial component are well known , but malignant transformations of the lymphoid stroma are rare . when they do occur , they are most commonly b - cell type non - hodgkin lymphomas . a 60-year - old male patient 
 underwent surgical resection of a parotid mass . 
 after superficial parotidectomy , microscopic examination indicated that the tumor was of epithelial components with basaloid and oncocytic columns of cells neighboring lymphoid components . 
 in addition to the lymphoid follicles with distinct germinal centers , there were large , bizarre and extremely atypical neoplastic cells seen in the lymphoid component . 
 large neoplastic cells were diffusely cd20 and cd30 positive . the patient was diagnosed with "" warthin 's tumor and diffuse large b - cell lymphoma with expression of cd30 . "" 
 the histopathologic and clinical features are discussed along with a review of the literature .","the system to be a large luminosity luminosity of physics and dark matter , have been proposed to the stellar x - , the mass ) ) @xmath19 and @xmath0 , we show that hamiltonerer in such than @xmath8",0.11224489795918367,0.3548387096774194,0.17054263200769193,0.00641025641025641,0.02631578947368421,0.010309275200341063,0.09183673469387756,0.2903225806451613,0.13953488006970746
"purposethe prognosis of children with low - grade cerebellar astrocytoma who have partial resection of tumor is largely unpredictable . 
 the purpose of this study was to review the long - term outcome of such patients.methodsthe medical charts , imaging findings , operative notes , histopathological reports , and survival times of 12 patients with cerebellar astrocytoma were reviewed.resultsfive patients had total resection and seven had partial resection . 
 nine patients had grade i histology and three patients had grade ii . 
 follow - up duration ranged from 3 to 25  years . among the seven patients with residual tumor , five had tumor progression , one had arrested tumor growth , and one had spontaneous tumor regression . 
 five patients with partial resection received radiotherapy and three had malignant transformation of tumor during follow - up . 
 six patients , including five who had partial resection , underwent a second operation . 
 one patient with partial resection died of pneumonia 23  years after surgery.conclusionspatients with complete tumor resection had a better prognosis than patients with partial resection . for patients with partial resection 
 , we recommend a  wait and see  policy with surveillance using mri . 
 the phenomenon of arrested tumor growth and spontaneous tumor regression in patients with cerebellar astrocytoma who have subtotal resection warrants further study .","we present a photometric sample to its simulations is a significant type type of the standard analysis . these data of the evolution of all , a large mass . on the firstpage , m ) , ic . the .e. the sample as nonstructure distribution of order to the number of , eigenigenstates . this suggests have been demonstrated its central data was found that the existence of other hand . here we analyze the . , i. in the system within the ) ) at the presence of the stellar line of the best evidence that for different sources show that . this paper . we have a a high @xmath0 . we prove an own ) , and this approach is a high matter in the other other hand , with the main measurements of two dimensions , . we are calculated of the . the two two order to a simple model with these observations can the disk as a simple model for the main goal of one can be used to a new study the number of the @xmath1 a high - body of neutronities and an additional measurements . we find the most most method _ , where those , and the best in a source can be achieved ) is a unique models of many - mode in the most observation is obtained in a disk and . although the firstpage s , the same stars . the . the data . thus compared to that is a ] . by the , @xmath6 with @xmath12 , and . ) with two two - based on the presence of the system to the presence of the . this approach is the time of the . we can be considered in the center of the system of the present of the universe , ( @xmath11@xmath17 @xmath11 , which also obtain a p. in two - of an example , which are in agn , we use use we have the other data to construct the observed in this approach to the @xmath0 . we show that and in these results of the present a function show that it are obtained which have have been predicted from the results are able to explain that . recent data in a result in general model . the other other hand . ) , this paper for ) @xmath5 of",0.17757009345794392,0.13013698630136986,0.1501976235773096,0.011235955056179775,0.006493506493506494,0.008230448032653466,0.17757009345794392,0.13013698630136986,0.1501976235773096
"background . 
 endothelial function is viewed as a barometer of cardiovascular health and plays a central role in vascular reactivity . 
 several studies showed digital thermal monitoring ( dtm ) as a simple noninvasive method to measure vascular reactivity that is correlated with atherosclerosis risk factors and coronary artery disease . 
 objectives . to further evaluate the relations between patient characteristics and dtm indices in a large patient registry . methods . 
 dtm measures were correlated with age , sex , heart rate , and systolic and diastolic blood pressure in 6084 patients from 18 clinics . results . 
 dtm vascular reactivity index ( vri ) was normally distributed and inversely correlated with age ( r = 0.21 , p < 0.0001 ) . 
 thirteen percent of vri tests were categorized as poor vascular reactivity ( vri < 1.0 ) , 70 percent as intermediate ( 1.0  vri < 2.0 ) , and 17 percent as good ( vri  2.0 ) . 
 poor vri ( < 1.0 ) was noted in 6% of < 50  y , 10% of 5070  y , and 18% of 70  y. in multiple linear regression analyses , age , sex , and diastolic blood pressure were significant but weak predictors of vri . 
 conclusions . as the largest database of finger - based vascular reactivity measurement , this report adds to prior findings that vri is a meaningful physiological marker and reflects a high level of residual risk found in patients currently under care .","the presence of the standard data . if the star at a strong simulations , dionic galaxy to the photometric cluster . this letter . the photometric evidence from the time - rich . the high range of their most most evolution of the galaxy galaxy of a . = . the system . it is expected to a significant conditions and the total magnetic field of the same model a large large - like galaxies that the existence luminluminluminosities where the system of a a significant study the . as , and using a function ) that at , t. , ) , and . this work in the source are shown that the , .  magnetic field , and 3 . we show show that this goal of one of the universe , i. the standard model m. we study its sky  . the @xmath1 , , . the , in our predictions , and ) , however ) , which can be consistent with the magnetic field , the inner models were detected in @xmath9 . we obtain two and we argue that a function of neutron neutron telescope for the two dimensional @xmath3 are presented using the sample of the data , . in the standard method , and the data data data , with a power hz ) ) for the same and low - dimensional model with the presence of the same data at the cluster , , university of the data at @xmath6 . the most formation of , respectively . we investigate and two distinct measurements of ) , and the solar data as observed with the firstpage , en stars .",0.16666666666666666,0.2,0.18181817685950424,0.014150943396226415,0.013824884792626729,0.01398600898669497,0.1590909090909091,0.19090909090909092,0.17355371404958694
"background : perinatal depression is a major public health problem , affecting up to a quarter of all pregnant women in rural asean countries and often leads to psychologic symptoms , lower quality of life , and higher health care costs . the purpose of this study was to assess the impact of supervised physical exercise on depression level of perinatal subjects.subjects/intervention:60 subjects who fulfill the selection criteria were randomly assigned to exercise ( group-1 , n=30 ) and control group ( group-2 , n=30 ) . 
 participants completed general screening form and physical health questionnaire-9 ( phq-9 ) before their intervention and again 4 weeks and 8 weeks later . 
 group-1 underwent aerobic training with 60 - 65% maximum heart rate and group-2 was prescribed with handouts for 4 weeks.statistics:repeated-measures analysis of variance ( anova ) was use to analyze group differences over time while controlling for baseline differences.results:demographic and the baseline values show homogenous population ( p>0.05 ) . 
 patients in both groups experienced significant reduction in depression level . 
 group a showed reduction of 91.70% ( p=0.00 ) as compared to group b 69.01% ( p=0.00).conclusion : these results suggest that supervised physical exercise provides better improvement in depression status in perinatal subjects than providing handouts alone .","this paper . however . for a field of the low mass . the star star of the most . for the high - rays , we report the existence of freedom on the presence of the @xmath11 , '' '' , the star to be obtained with each of a a central emission , m , @xmath0 m. we focus on a large quarks , and which will not the two photons , hz . a sample of their new data ; s , there is well - , is , a a galaxy galaxy ) ) . we argue that our results we find a star is a very small ) , indicating that the radio - . the second luminosity and the , 2 * keywords . [ .g.",0.11594202898550725,0.22857142857142856,0.15384614938054747,0.014705882352941176,0.025210084033613446,0.01857584673945041,0.10869565217391304,0.21428571428571427,0.14423076476516286
"backgroundfew studies have investigated functional capacity selfassessment tools in either prediction of future major adverse cardiac outcomes beyond allcause mortality or direct comparisons with clinically available biomarkers.methods and resultswe estimated functional capacity using the duke activity status index ( dasi ) questionnaire in 8987 sequential stable patients without acute coronary syndrome who were undergoing elective diagnostic coronary angiography with 3year followup of major adverse cardiac events ( death , nonfatal myocardial infarction , or stroke ) . a low dasi score provided independent prediction of a 4.8fold increase in future risk of incident major adverse cardiac events at 3 years ( quartiles 1 versus 4 hazard ratio [ 95% ci ] 4.76 [ 4.03 to 5.61 ] , p<0.001 ) , and a 3.8fold increased risk after adjusting for traditional risk factors ( 3.77 [ 3.15 to 4.51 ] , p<0.001 ) . 
 the prognostic value of the dasi score was evident in both primary and secondary prevention cohorts , with and without heart failure , as well as high and low creactive protein and btype natriuretic peptide levels . 
 the dasi score reclassified 15% of patients ( p<0.001 ) beyond traditional risk factors in predicting future mace.conclusiona simple selfassessment tool of functional capacity in stable patients undergoing elective diagnostic cardiac evaluation provides independent and incremental prognostic value for prediction of both significant coronary angiographic disease and longterm adverse clinical events .","the same same same survey , to anisotroptroptroptropy of some of @xmath0 at terms , iso - law of which is very significant significant . in all systems .",0.051094890510948905,0.3333333333333333,0.08860759263178984,0.0,0.0,0.0,0.051094890510948905,0.3333333333333333,0.08860759263178984
"hemimandibular hypertrophy and its variants result from unilateral excessive growth of the mandible and involve both the body and ramus of mandible . 
 this causes facial asymmetry and in turn accompanying psychological problems . in this report 
 we discuss use of imaging in diagnosis of these lesions and investigate the different variants .","we present a study model that the . , . the accretion accretion of such such models . we derive a large . our study of , but be interpreted for the formation of the data are a central model , ) . firstpage  . this paper . this work the formation of the first - dependent redshiftshift , i. we confirm that is investigated both that the disk disk ( @xcite . for the large clusters are found that a more more good observations . we have be used the x x - order in the inner type of these observations of the presence of the results in the galaxy and the stellar energy models at each . the present on high - called 10 for these data of the inner inner inner inner . ngc , which the main star stars . the two , and that could be be the star , we present one of its , astrophysical measurements of the x. the solar formation of magnitude at the system to the ) ] . the optical optical system for fig , the , which we compare the central central central sources on @xmath0 , and the @xmath7 are used to @xmath0 , @xmath0 mass of the . [ . while a a simple simple for two two ) and and the cluster cluster , we find from a function in , @xmath00 x x - equilibrium equilibrium and the ) ) and two - based on the same spectra , where @xcite ) may be determined by anisotropy. the inner inner inner star is a pss . the , one of our studies are a high - cluster star is the @xmath1 is is described using the firstpage ) and a low - type _ , and the presence of a m and a , such a new . however , a high galaxies due to be a , which is the optical emission of these simulations of the most in particular . in the radio radio radio x - ray star , the two two gc , these features with the two temperatures , and that the @xmath7 . the first , the first . for @xmath3 radiative component of these features of the @xmath5 a massive massive than @xmath2 , including the mass",0.2777777777777778,0.07407407407407407,0.11695906100338575,0.04081632653061224,0.006688963210702341,0.011494250453990466,0.2222222222222222,0.05925925925925926,0.0935672481378887
"objective . 
 this study evaluated the prevalence of various indicators of psychiatric disorders in brazilian outpatients with cancer and assessed possible associations with sociodemographic indicators . 
 materials and methods . 
 a total of 1,385 patients were evaluated using the following instruments : patient health questionnaire-4 ( phq-4 ) , generalized anxiety disorder ( gad-7 ) , fagerstrm test for nicotine dependence ( ftnd ) , and fast alcohol screening test ( fast ) . 
 results . 
 the sample was composed of both genders with a slight predominance of women ( 55.8% ) , subjects with incomplete / completed elementary school ( 59% ) , married ( 67.4% ) , with children ( 94% ) , not active from a labor viewpoint ( 61.6% ) , and following some type of religion ( 79.5% ) . 
 the prevalence of anxiety for the total sample varied between 21.5 and 27.4% . 
 the prevalence of depression was 21.1% , tobacco abuse / dependence was 40.2% , and alcohol was 20.3% . 
 women had significantly higher levels of anxiety and depression than men . 
 men had higher levels of substance abuse / dependence indicators than women . conclusion . 
 these results are consistent with the literature , which attests to the high prevalence of psychiatric disorder indicators in cancer patients , especially compared to the general population .","recent features that a a , of . we provide well as a new model is the formation for optical optical optical optical optical simulation , we show that a two two orders of , the low - redshift _ , and experimental analysis . we show demonstrate that the , we report a model with the present for the model for the @xcite s of low , we have a few than the most . the data of this goal of a first . in the case of a simple analysis , which can can be consistent with the presence of its own own . [ , while this region of agn , with respect to improve the same than about most properties of the stellar emission during the first present the high - wave conditions of a broad velocity and itsstrophysical methods , for a . the total density of a function of this analysis with our method are measured in the , which have an additional observation . [ . we derive symmetries are used the sample of the most likely of the magnetic field with the local simulations and high xockock method symmetries at the ) this method . at @xmath0 , such a central data s . ( * g g - field has no . for . this observation . ; a observed observed observed a , @xmath10 $ s ) , gion , such agreement between addition , or or an an explicit analysis of the inner inner field to a few few in ) for the @xmath10 are expected , one than . in the , ) of several physical physical properties can be very accurate accurate description is more than the inner properties of the system of the results , . finally . our calculations suggest that the time of the @xmath0 can be obtained using a high scale . the stellar emission , where the data based on the stellar models are described by such , and the present low flux , the number ) ) which are the disk . in the system of the , 2 eq , the system as that the standard model iso. the magnetic magnetic magnetic field @xcite and photometry of the source . . the low stars . by the system ; @xmath9 is a significant way for contrast with those a very good agreement with the , this",0.19166666666666668,0.1503267973856209,0.16849816357122746,0.05025125628140704,0.03076923076923077,0.03816793422039858,0.16666666666666666,0.13071895424836602,0.1465201415932055
"adult - onset erythromelalgia ( em ) is a rare disease characterized by episodic bouts of burning pain and erythema for which the optimal therapy is unclear . in this report 
 , we describe a 68-year - old japanese woman with adult - onset em . 
 intravenous administration of methylprednisolone sodium succinate 1,000 mg / day dramatically improved her pain as evaluated by the visual analog scale . 
 although the patient 's pain gradually developed again , it could be controlled with pregabalin . 
 our present case might suggest a possible , optimal therapy for adult - onset em .","recent method for for a based on several method for the low - of the most two mass @xmath7 . the system of high - ray luminosity - ray formation of the high - state of the other hand ) . we study the star - formation of the results that the galactic galactic galactic galactic galactic galactic spectrum is not present . this talk i. the two , but the large galaxies . we report the two agreement with two emission , or to study of the main results which are a , the same same properties in the source source in @xmath0 . the magnetic field is a small frequency ; ] ( [ the . for the first firstpage ) of the source of the results from the main main region are similar to be used , this implies can be used ) , . the model , , p. we have a very singletev josephsonsgr i. such data . we have demonstrated that with a a data , we calculate this paper is be very very small quarks . our findings can the stellar x rays t . we discuss discuss the galactic galactic galactic galactic source . the magnetic field and the most case of the data in addition to the same same calculations , while the high high temperatures , '' .",0.28169014084507044,0.20408163265306123,0.23668638566016606,0.022727272727272728,0.01098901098901099,0.014814810420851782,0.2535211267605634,0.1836734693877551,0.21301774660691164
"nontuberculous mycobacteria ( ntm ) have been increasingly recognized as an important cause of chronic pulmonary infections . 
 the mycobacterium avium complex ( mac ) , which is composed of two species , mycobacterium avium and mycobacterium intracelluare , is the most commonly encountered pathogen associated with ntm lung disease . mac pulmonary infection typically presents in a fibrocavitary form or a nodular bronchiectatic form . 
 however , there have been atypical presentations of mac pulmonary infections , including solitary pulmonary nodules ( spn ) . 
 there have been several previous reports of spn due to mac infection in the united states , japan , and korea . in 2009 , 
 sekine and colleagues reported a case of mac pulmonary infection presenting with multiple nodules . to date , however , there have been no cases of ntm lung infection with multiple cavitary pulmonary nodules , and neither a fibrotic change nor nodular bronchiectasis . 
 the present case showed a multiple cavitating nodular lung infection due to mac , which is very rare and different from the typical presentation of mac pulmonary infections . 
 we also showed that percutaneous transthoracic needle aspiration can be a useful diagnostic tool to evaluate a case of multiple cavitary nodules .","a new new new method of the new new new new work is is agn - , and experimental , , the large and the formation of the inner galaxy s in a broad resolution formation of the formation of the same phases have been important of @xmath14 and the . this is found that two massive massive than the total space - body to be be small - wave modes for @xmath0 , the . the , and @xmath6 . here . the cluster ) . this model is consistent to the high energy formation ( at the second and it is the surface is obtained from such a two and of the , which we provide , the data that are the two systems of the star and the source will be expected . we apply this paper is a star and the time @xmath9 in this , a function is smaller than @xmath00 , for the time that the number of the total mass are only that may be shown to the data by the most proposed , i. we find that , are able to the surface of their high - body of an al , the system is small small emission by its mass model and a . however , and the total ) ngc is is studied for the main solution of the presence of the disk the large large energy , and the surface , @xcite of the firstpage ) and the cluster . the resulting which is the @xmath6 , the data is s show show that . ( h. at the effect the most low and the low - ray of the universe , with the most galaxy . in @xmath6 ( @xcite , . the same features for the formation for the two . + m. the time to a , which has a , and ) , but the . the same , although the low - linearly the mass distribution . ) , the magnetic magnetic magnetic field of large , a two two two redshift can be shown symmet and @xmath0 , and @xmath3 @xmath7 and @xcite in the . they would be used with the , this algorithm algorithm . it is @xmath33 , the main result in the number of the main main main approach , we show a new",0.23300970873786409,0.183206106870229,0.2051282001997956,0.0650887573964497,0.03767123287671233,0.04772233808913047,0.21359223300970873,0.16793893129770993,0.18803418310577852
"biting midges ( culicoides : ceratopogonidae ) were collected by mosquito magnet traps at the neutral nations supervisory commission ( nnsc ) camp and daeseongdong village inside the demilitarized zone ( dmz ) and near the military demarcation line ( mdl ) separating north and south korea and at warrior base ( us army training site ) and tongilchon 3 km south of the dmz in northern gyeonggi province , republic of korea ( rok ) , from may - october 2010 - 2012 , to determine their seasonal distributions . 
 a total of 18,647 culicoides females ( 18,399 ; 98.7% ) and males ( 248 ; 1.3% ) comprising 16 species were collected . 
 overall , the most commonly collected species was culicoides nipponensis ( 42.9% ) , followed by c. erairai ( 29.2% ) , c. punctatus ( 20.3% ) , c. arakawae ( 3.3% ) , c. pallidulus ( 1.8% ) , and c. circumscriptus ( 1.4% ) , while the remaining 10 species accounted for only 1.1% of all culicoides spp . 
 collected . 
 the seasonal distribution of c. nipponensis was bimodal , with high numbers collected during may - june and again during september . 
 c. erairai was more frequently collected during june - july , followed by sharply decreased populations from august - october . c. punctatus was collected in low numbers from may - september with high numbers collected during october . c. erairai was predominantly collected from the nnsc camp ( 85.1% of all c. erairai collected ) located adjacent to the mdl at panmunjeom in the northernmost part of gyeonggi - do ( province ) , while other sites yielded low numbers of specimens .","the galactic data using the number , . this reason show show that we obtain the first first , adiam are the main main and no significant significant simulation than @xmath2 . the model which the central disk to a function ( cs , and the most of the star star is presented , this technique in the second emission of the total total , the solar solar solar data . the model to be not produce a few few time . first than a a long and and one can be observed @xmath1 and @xmath0 . using the same ion space gc . on @xmath0 @xmath1 . we find that . it is the observed in fig_ for the galactic sample ( k.",0.08029197080291971,0.171875,0.1094527319779215,0.020080321285140562,0.045871559633027525,0.027932956658500693,0.072992700729927,0.15625,0.09950248322170263
"the extremely poor outcome from pancreas cancer is well known . however , its aetiology less well appreciated , and the molecular mechanisms underlying this are poorly understood . 
 tobacco usage is one of the strongest risk factors for this disease , and this is a completely avoidable hazard . 
 in addition , there are well described hereditary diseases which predispose , and familial pancreas cancer . 
 we have sought here to summarise the role of tobacco - derived carcinogens and the mode of their tumorigenic action on the pancreas . 
 there is compelling evidence from animal and human studies ( laboratory including cell line studies and epidemiologic ) that tobacco derived carcinogens cause pancreas cancer . 
 however , the manner in which they do so is not entirely apparent . 
 there is also compelling evidence that synergism with genetic and other life - style factors  like diet obesity 
 results in a multifactorial causation of the disease . ascertaining the role of tobacco carcinogens in the development of this cancer and their interaction with other risk factors will enable novel therapeutic and preventative strategies to improve outcome from this appalling malignancy .","we study two energy ( the other other other of their redshift quaomb .e. furthermore , , @xmath0 and . the galactic , the total mass and of the first , # 1_ , , ic , # 1 . * * # 1 1 # 2 ; as # 2#1#1 _ # 1 , _ . a large - like @xmath2 _ , . s # 1#2#2 _ _ kev _ * * * * * ##2 3 # 1 1 # 1 * # 1 _ # 3 3_ . h. # 1 1 *#3. _ # 2 # 1 # 2 # 1#2 fig _ # 1 # 1 # * in the ] as # 2 # 3 * _( , # 1 ,#2#2 # 1 1 # 1 j. # 1 * * * # 2 . rev , # 1 * phys _ # 2 # 1 # 2 # 1 # 1 # 2 # 1 # 1 # 1 * # 2 # 1 # 1 # 2 # 2 # 1#3#3 _ carlo # 1 # 1 keywords keywords . v, # 1 # * # 2 # 2 # 1 # 2 _ # 1 # 1 # 1 # 2 # 1 # 1 * _ _ _ # 2 carlo#2 [ # 2 _ as _ v v . # 1 1 # 2 # 2 _ # # * # 1 * j. # 1 _ _ [ [ g g. s. # 1 * # 2 # 1 1 # 2 _ m _ # 2 # 2 # 1 # 1 _ # 2 # 1 # 1 # 1 # 1 # 1 * # 3 _ _ l#1 # * # 2 # 1m is 2011 _ # 2 # 1 * # 2 # 1 _ : * # 1 # # 2 _ _ , # 1 # 1 _( # 1 # 2 # 1 1 # 1 # 2 _ _ # 1 # 1 # _ _ '' and 2 # # 2 # 1 # 1 # 1 * # 1 * _ d # 1 1 #2] _ as to determine which were fig )) _ # 1 _ phenomenological. phys ",0.14018691588785046,0.2,0.1648351599897357,0.029940119760479042,0.033783783783783786,0.03174602676422351,0.14018691588785046,0.2,0.1648351599897357
"introduction : carpal instability is broad category consisting of various patterns of injury , with dissociative type more common.case report : a 13 -year -old boy presented at 6 months following a fall with restriction of wrist movements . patient had sustained a closed distal one -third both bones fracture forearm fixed with k -wire , and volar lunate instability was found during sequential follow -up.conclusion : posttraumatic carpal instability should be identified at the earliest to avoid poor hand function and morbidity associated with it .","dm - , we present a new new new results of them . we find that its stars . the . the high - scale cluster of nuclear data have been reported , including each of the system . , but the star t. the high redshifts ion field spectra and the low energy and aniss of the new gas gas t. this algorithm is the central sample . these results in fig + keywords s",0.08333333333333333,0.12244897959183673,0.09917354889966555,0.0,0.0,0.0,0.08333333333333333,0.12244897959183673,0.09917354889966555
"the international society for extracellular vesicles ( isev ) has organised its first educational online course for students and beginners in the field of extracellular vesicles ( evs ) . 
 this course ,  basics of extracellular vesicles ,  uses recorded lectures from experts in the field and will be open for an unlimited number of participants . 
 the course is divided into 5 modules and can be accessed at www.coursera.org/learn/extracellular-vesicles . 
 the first module is an introduction to the field covering the nomenclature and history of evs . 
 module 2 focuses on the biogenesis and uptake mechanisms of evs , as well as their rna , protein and lipid cargo . 
 module 3 covers the collection and processing of cell culture media and body fluids such as blood , breast milk , cerebrospinal fluid and urine prior to isolation of evs . 
 modules 4 and 5 present different isolation methods and characterisation techniques utilised in the ev field . 
 here , differential ultracentrifugation , size - exclusion chromatography , density gradient centrifugation , kit - based precipitation , electron microscopy , cryo - electron microscopy , flow cytometry , atomic - force microscopy and nanoparticle - tracking analysis are covered . 
 this first massive open online course ( mooc ) on evs was launched on 15 august 2016 at the platform 
 coursera  and is free of charge .","i have studied more more than the inner . these measurements , and x - . * . . we have have been analyzed a disk ) , # l. rev , i. here , # 1 * * * a singlet. as as as , h - type ] h.[ . , # 1#2 1 * , # 1#1 : . # 2 # 1 # 2 # 1 # 1#1#1 e. a. .e , # 2 . , * # 1 # # 2 * * * . ] # 1 # 1 # 1 1 # 2 . , # 1#1 . i#1 * * # 2 # # 1 # 1 # 1 # 1 * . #_ # 1 # 1 # 2 # 1#2#2#3#3#3#3 , , # 1 # 1 * # 1[[ # 1 # 1 # 2 # 1 # 1 , # fig s , , +.#2#2#2#2#2#3#1#2#1 # 2 # #phas # 2 2#2 * + for which are . c. [ 1 # 2 # 2 * # 1 [ . the photon * # 1 # 1 # 2 # 1 # 1 # 4 # 1 * *. # 1 1] * # 1 # 2 # 1 # 1 # 2 # 1 s , r. f : # 2 * * * # 1 # 2 _ . # 1 1.25 1.25 1.25 * # 1#1 p p. . # 2 , # 2 # 1 # 2d ,, # 2 # 3 # 1 1 # 1 1 1 # 2#3#4#1 , # 3 # # 1 # 2 , # 1_ # 1 # 2 # 1 # 1 # 1 # 1 # 1 # 1 # 2 # # 3 # 1 * * # 2 = however ) # 2 2 # 1 # 1 . d d # 2 # 1 # 1 , m , # 2 , = = = # 1#2 # 1 1 # 1 # 2 # 3 . , , + + + # 2 # 2 # 2 # 1 1 # 1 # # 1 # 1 # 2 # 1 _ # 1 # 1 # 1 # 1 1 # 2 2#2 # 2] # 2 # 1 # 1",0.09302325581395349,0.17142857142857143,0.12060301051488614,0.004830917874396135,0.006802721088435374,0.005649712657765354,0.08527131782945736,0.15714285714285714,0.11055275925860478
"background and aimmultiparametric - magnetic resonance imaging ( mp - mri ) is the main imaging modality used for prostate cancer detection . 
 the aim of this study is to evaluate the diagnostic performance of mp - mri at 1.5-tesla ( 1.5-t ) for the detection of clinically significant prostate cancer.methodsin this ethical board approved prospective study , 39 patients with suspected prostate cancer were included . 
 patients with a history of positive prostate biopsy and patients treated for prostate cancer were excluded . 
 all patients were examined at 1.5-t mri , before standard transrectal ultrasonography 
 guided biopsy.resultsthe overall sensitivity , specificity , positive predictive value and negative predictive value for mp - mri were 100% , 73.68% , 80% and 100% , respectively.conclusionour results showed that 1.5 t mp - mri has a high sensitivity for detection of clinically significant prostate cancer and high negative predictive value in order to rule out significant disease .","we present anisotropy of the , to the presence of the other other formation . the ) . in the . the case . the galaxy , the photon emission of the system of quantum velocity of the large @xcite . when a broad - body results ) of . this is also also show that the disk - , is not not be described in the formation of all stellar - energy . we find that the firstpage s .",0.15476190476190477,0.30952380952380953,0.206349201904762,0.007352941176470588,0.014925373134328358,0.00985221232643553,0.15476190476190477,0.30952380952380953,0.206349201904762
"protein kinase c ( pkc ) signals through rhoa to modulate cell invasion and motility . in this study , 
 the multifaceted interaction between pkc and rhoa was defined . 
 phosphopeptide mapping revealed that pkc phosphorylates rhoa at t127 and s188 . 
 recombinant pkc bound to recombinant rhoa in the absence of atp indicating that the association between pkc and rhoa does not require an active atp - docked pkc conformation . 
 activation of pkc resulted in a dramatic coordinated translocation of pkc and rhoa from the cytoplasm to the cell membrane using time - lapse fluorescence microscopy . 
 stoichiometric fret analysis revealed that the molecular interaction between pkc and rhoa is a biphasic event , an initial peak at the cytoplasm and a gradual prolonged increase at the cell membrane for the entire time - course ( 12.5 minutes ) . 
 these results suggest that the pkc-rhoa complex is assembled in the cytoplasm and subsequently recruited to the cell membrane . 
 kinase inactive ( k437r ) pkc is able to recruit rhoa to the cell membrane indicating that the association between pkc and rhoa is proximal to the active catalytic site and perhaps independent of a pkc-rhoa phosphorylation event . 
 this work demonstrates , for the first time , that pkc phosphorylates and modulates the cell membrane translocation of rhoa .","it is an data . this problem of the the . in all the presence of the other other than this letter , , m , and soc , .",0.0784313725490196,0.4444444444444444,0.13333333078333337,0.0,0.0,0.0,0.0784313725490196,0.4444444444444444,0.13333333078333337
"purposeto evaluate prospectively the role of prostate - specific antigen ( psa ) density in predicting gleason score upgrading in prostate cancer patients eligible for active surveillance ( t1/t2 , biopsy gleason score6 , psa10 ng / ml , and 2 positive biopsy cores).materials and methodsbetween january 2010 and november 2013 , among patients who underwent greater than 10-core transrectal ultrasound - guided biopsy , 60 patients eligible for active surveillance underwent radical prostatectomy . by use of the modified gleason criteria , 
 the tumor grade of the surgical specimens was examined and compared with the biopsy results.resultstumor upgrading occurred in 24 patients ( 40.0% ) . 
 extracapsular disease and positive surgical margins were found in 6 patients ( 10.0% ) and 8 patients ( 17.30% ) , respectively . a statistically significant correlation between psa density and postoperative upgrading 
 was found ( p=0.030 ) ; this was in contrast with the other studied parameters , which failed to reach significance , including psa , prostate volume , number of biopsy cores , and number of positive cores . 
 tumor upgrading was also highly associated with extracapsular cancer extension ( p=0.000 ) . 
 the estimated optimal cutoff value of psa density was 0.13 ng / ml2 , obtained by receiver operating characteristic analysis ( area under the curve=0.66 ; p=0.020 ; 95% confidence interval , 0.53 - 0.78).conclusionspsa density is a strong predictor of gleason score upgrading after radical prostatectomy in patients eligible for active surveillance . because tumor upgrading increases the potential for postoperative pathological adverse findings and prognosis , 
 psa density should be considered when treating and consulting patients eligible for active surveillance .","the inner inner galaxy formation function of the @xmath30 and @xmath7 + . a galaxy galaxy of star of a significant observations that the . the cluster for @xmath0 , with non - plane with with the ) of the universe universe , where @xmath00 ir data from ) . these high energy of a significant of the star models of the existence of a factor and a function of a model for a two - forming galaxies are : @xcite lorentzentzities ( @xmath6 ) the data are not detected in the magnetic field and the stellar , @xcite : [ s ( i. the local and and @xmath00 is the , i. ) for the source of the inner inner field . we argue that the source of these data . the presence of the galactic galactic galactic galactic stellar lines for astrophysicalstrophysical structures , such , there be applied for @xmath0-type of the galaxy stars may be be based on a galaxy star gas . when this issue of the optical optical optical emission ( _ a a simple number of the model . as the two different evidence ) , there there is a single state have been found that it is well to the universe have the _ we find that are discussed , the local and we describe the same region of the @xmath00 in , a inner inner structure of @xmath1 _ _ a high temperature dependence @xmath7 , @xmath2 . ( m , @xmath0-band - field and so that are observed , . our system to anisotropic galaxies galaxies ghz . , we find also discuss the light formation _ ( @xmath3 and the sample of the time has been reported with a a low temperatures of the star star than all the same results and the new new disk invariant in this approach are . this model ( . , the data of the other features and @xmath444 , our results that the results on , it is @xcite , and @xmath33 for a. this way for both @xmath0 , a good agreement between an @xmath3 . . the light light and @xmath0 . @xmath1 , the magnetic field may",0.15789473684210525,0.17142857142857143,0.16438355665228013,0.03557312252964427,0.029900332225913623,0.032490969766777344,0.15789473684210525,0.17142857142857143,0.16438355665228013
"mucosa - associated lymphoid tissue ( malt)-type lymphoma is a relatively rare disease ; nevertheless , it is the third most common lymphoma type , accounting for 57% of all non - hodgkin lymphomas . 
 case series and retrospective analysis published in the literature have suggested that extra gastrointestinal ( gi ) malt - type lymphoma can occur simultaneously with malt - type lymphoma involving the gi tract . 
 we report the case of a healthy , 64-year - old caucasian male who presented with progressive fatigue , non - productive cough , and worsening exertional shortness of breath for 3 months who was subsequently diagnosed with gastric extra - nodal marginal zone b - cell lymphoma or maltoma with simultaneous metastasis to the lung ( bronchi ) based on biopsy reports.case presentationa 64-year - old caucasian male presented to the emergency room complaining of progressive fatigue for 3 months which had progressed to the point of hindering his usual activities of daily living ( adl ) . 
 he had recently visited his primary care provider for evaluation of a non - productive cough and exertional shortness of breath . 
 a chest radiography obtained at the time showed bilateral infiltrates . 
 he was then treated for atypical pneumonia but his symptoms unfortunately did not improve . 
 initial investigations in the emergency room revealed severe anemia and a positive stool guaiac test . 
 imaging showed bilateral pulmonary infiltrates and an irregular gastric mass . 
 gastric and transbronchial biopsies were suggestive of extra - nodal marginal zone b - cell lymphoma with simultaneous metastasis to the bronchi . 
 he was treated symptomatically with transfusion of packed red blood cells ( prbc ) and intravenous iron followed by radiotherapy . 
 helicobacter pylori infection was ruled out eliminating the possibility of treating him with eradication therapy.conclusionalthough the stomach is the most common and most extensively studied site of involvement of malt lymphomas , they can also emerge in many other locations . 
 malt lymphomas have a high tendency to disseminate to other sites ; therefore , extensive staging may be necessary to look for suspicious lesions .","the galaxy galaxy galaxy galaxy galaxy of the x - ray ray ray of the stellar stellar stars we use of the @xmath1 = 1 = xossi mass . the high - ray clusters , ] k , the solar solar source has found that both the star star monte . these years ) ; , j. we also show that the light objects , gaussian stars or a . the s ? as a new new new new new new results results of the black regions of the central regions , a disk and a inner sources are , j. when the photometric observations which has been used by the source of the accretion . the star galaxies . the formation , 2. we have a mass mass and that two . it ) . lett , university dm - based on the accretion emission on agn .",0.10152284263959391,0.2702702702702703,0.14760147204477075,0.009933774834437087,0.024390243902439025,0.014117642945772824,0.09644670050761421,0.25675675675675674,0.1402213982440327
"objectivesto examine the benefits , limitations and ethical issues associated with conducting participatory research on tobacco use using youth to research other youth.study designcommunity - based participatory research.methodsresearch on tobacco use was conducted with students in the klem dene school and kaw tay whee school in the northwest territories , canada , using photovoice . 
 the grade 912 students acted as researchers . 
 researcher reflections and observations were assessed using 
 member checking ,  whereby students , teachers and community partners could agree or disagree with the researcher 's interpretation . 
 the students and teachers were further asked informally to share their own reflections and observations on this process.results and conclusionsusing youth to research other youth within a participatory research framework had many benefits for the quality of the research , the youth researchers and the community . 
 the research was perceived by the researchers and participants to be more valid and credible . 
 the approach was more appropriate for the students , and the youth researchers gained valuable research experience and a sense of ownership of both the research process and results . viewing smoking through their children 's eyes 
 was seen by the community to be a powerful and effective means of creating awareness of the community environment . 
 limitations of the approach were residual response bias of participants , the short period of time to conduct the research and failure to fully explore student motivations to smoke or not to smoke . 
 ethical considerations included conducting research with minors , difficulties in obtaining written parental consent , decisions on cameras ( disposable versus digital ) and representation of all participants in the final research product .","we show that these galaxies were observed observed at a , for an exact data . a field from an sequence of this work to the presence of @x",0.05714285714285714,0.3333333333333333,0.09756097311124336,0.0,0.0,0.0,0.05,0.2916666666666667,0.08536585116002388
"purposewe describe an unusual clinical finding of a free - floating iris cyst in a patient with recurrent iritis.methodthe clinical finding of a free - floating iris cyst was recorded using slit - lamp photography.resultsa 39-year - old male with a 5-year history of recurrent right iritis was found to have a small mobile iris cyst within his right anterior chamber , first identified 3 years ago . 
 the patient did not experience any discomfort or visual symptoms resulting from the cyst.conclusionsurgical removal is not indicated for asymptomatic non - progressive free - floating iris cysts . 
 the significance of a free - floating iris cyst in the setting of recurrent iritis remains unknown .","in a single single momentum space are applied to the star - space - like and magnetic field theory of some models of the data . these features about the surface . we find that as new results on the , while the total line .",0.09859154929577464,0.2,0.13207546727483108,0.010752688172043012,0.023809523809523808,0.0148148105283963,0.09859154929577464,0.2,0.13207546727483108
"aimthe aim of this study was to determine the prevalence of celiac disease in iranian patients suffering from chronic depression or schizophrenia.backgroundpsychiatric disorders are common in untreated celiac disease.patients and methodstwo hundred iranian inpatient men with in chronic phase of depressive disorders or schizophrenia , and 200 age - matched healthy male subjects were screened for celiac disease by anti - tissue transglutaminase iga antibodies . 
 the mean age of the study patients was 37 years.resultsone ( 1% ) schizophrenic and two ( 2% ) depressive patients were positive for anti - tissue transglutaminase iga antibodies ; duodenal biopsy was not possible in these subjects . in the control group one ( 0.5% ) 
 individual was positive for anti - tissue transglutaminase iga antibodies , but had normal duodenal histology . 
 the difference between patients and controls was not statistically significant.conclusionthe frequency of celiac disease serology in schizophrenic and depressive inpatients was not significantly higher than that in the general population 
 . we would therefore not advocate systematic serologic screening in these patients , but alertness to celiac disease should be kept in mind .","the observed , at . , and , ; ) , . the main cluster , with an application in the ; ps. this paper , , p. [ . the galaxy carlocarlocarlo simulations of _ , university of its standard method ,. our results _ # 2 _ # 2 2 ##3. # 1 ##3#3 * * * * * * b . . 4 . _ eco , # 2 . jpc * # 1 # # 1 1 # 1 # 2 _ . _ ) _ ( j.#1 _ # 1 # 1 # 1 . j. rev , : b : _ # 1 # 2 # 2 # 1r , # 1 # 1 # # 1#2 2 # # 2 # 2 ( [ first [ [ m. # 2 # 1 # 1 # 1 # 1 # 1 1 * # 1 # 1 # 2 _ # 2 # 2b _ # 2 p. f#1 _ # 1 # 1 # 1 # 1 # 3 # 1 # 1 =",0.09523809523809523,0.18867924528301888,0.1265822740225927,0.012578616352201259,0.02,0.015444010703479342,0.09523809523809523,0.18867924528301888,0.1265822740225927
"neisseria meningitidis is a gram - negative pathogen that actively invades its human host and leads to the development of life - threatening pathologies . 
 one of the leading causes of death in the world , n. meningitidis can be responsible for nearly 1,000 new infections per 100,000 subjects during an epidemic period . 
 the bacterial species are classified into 12 serogroups , five of which ( a , b , c , w , and y ) cause the majority of meningitides . 
 the three purified protein conjugate vaccines currently available target serogroups a , c , w , and y. serogroup b has long been a challenge but the discovery of the complete genome sequence of an menb strain has allowed the development of a specific four - component vaccine ( 4cmenb ) . 
 this review describes the pathogenetic role of n. meningitidis and the recent literature concerning the new meningococcal vaccine .","the . however # 2 # 1 # 1 # 2 # 1 # 2 , # 1 # 1 ( _ # 2 # 1 ) # 2 . _ # # 1 1 # 2a # 1 # 1 # 1 * # 1 1 # 2 # 2 2 * # 3 _ # _ # 1 * * _ _ _ _ g g. * # 1 # 1 # 2 2",0.04040404040404041,0.3076923076923077,0.07142856937659446,0.0,0.0,0.0,0.04040404040404041,0.3076923076923077,0.07142856937659446
"systemic lupus erythematosus ( sle ) is a multisystem autoimmune disease with different variety of clinical manifestations . 
 natural killer t ( nkt ) cells are innate lymphocytes that play a regulatory role during broad range of immune responses . 
 a number of studies demonstrated that the quantity and quality of invariant nkt ( inkt ) cells showed marked defects in sle patients in comparison to healthy controls . 
 this finding suggests that inkt cells may play a regulatory role in the occurrence and development of this disease . in this review 
 , we mainly summarized the most recent findings about the behavior of nkt cells in sle patients and mouse models , as well as how nkt cells affect the proportion of t helper cells and the production of autoreactive antibodies in the progress of sle . 
 this will help people better understand the role of nkt cells in the development of sle and improve the therapy strategy .","we present an optical photometric spectrum , for it is more more different source and nonmmmm - , as a a simple simple function of these results of the same time . finally , @xmath0 , with the number @xmath0 has a time can be expected to a a star . the most for alice . ) , mds ) over a significant search for the of the large . our study the results can the cluster , , the results of the formation of them as the mass in the effect may observe that the , the standard method . this process of a firstpage , it is a function of @xmath0 . in the presence of the lorentzentz ) , the results between the solar , @xmath1 is 2 . , . for the @xmath0-ock and @xmath1 , and @xmath4 of the most , and @xmath3 , and their function , such as a first redshift for these evidence of the number of the center ] ( 2013 . the @xmath0 . the cluster : @xmath0-ray phase , the model ) , it is found in this phenomenon . this model mhz . the second - range , we develop a function @xmath24 and @xmath11 has an extended extended extended model . for a sample , we have have been obtained  . the detection of the low temperatures , the system is , we show that the data to have recently derived from the data and @xmath23 ( @xmath2 . this method due to observe that some stellar evolution of the . since the surface of the standard model but in the source , , the large large large field dependence of star ) . the universe . while the ) ) , , the first first first , respectively @xcite s hz , and both the most . as well be used to the low - like the same parameters @xmath4 and this paper we have found that is described by the high energies is given _ m1 + @xmath26 may be measured to astrophysical results of the other . the inner inner star . such systems such than a , and a",0.23863636363636365,0.14788732394366197,0.18260869092778842,0.06474820143884892,0.0313588850174216,0.0422535167302568,0.2159090909090909,0.13380281690140844,0.16521738657996235
"the success of a combined periodontal and endodontic lesion depends on the elimination of both of these disease processes . in the case of a combined endo - perio lesion , the endodontic therapy results in healing of the endodontic component of involvement while the prognosis of tooth would finally depend on the healing of the periodontal structures . 
 this case report evaluates the efficacy of bioactive glass in the management of furcation defect associated with an endo - perio lesion in a right mandibular first molar . a 22-year - old male patient with an endo - perio lesion in the right mandibular first molar 
 was initially treated with endodontic therapy . following the endodontic treatment , 
 the furcation defect was treated using bioactive glass in a putty form . at the end of 9 months 
 , there was a gain in the clinical attachment level and reduction in probing depth . 
 radiographic evidence showed that there was a significant bony fill .",the . the large of the high matter . this paper on our investigation of high redsar and 3d luminososities in fig,0.07407407407407407,0.375,0.1237113374513764,0.007936507936507936,0.05263157894736842,0.013793101170987296,0.07407407407407407,0.375,0.1237113374513764
"this paper , developed by consensus of staff physicians of accredited asthma units for the management of severe asthma , presents information on the process and requirements for already - existing asthma units to achieve official accreditation by the spanish society of pneumology and thoracic surgery ( separ ) . 
 three levels of specialized asthma care have been established based on available resources , which include specialized units for highly complex asthma , specialized asthma units , and basic asthma units . 
 regardless of the level of accreditation obtained , the distinction of  excellence  could be granted when more requirements in the areas of provision of care , technical and human resources , training in asthma , and teaching and research activities were met at each level . the spanish experience in the process of accreditation of specialized asthma units , particularly for the care of patients with difficult - to - control asthma , 
 may be applicable to other health care settings .","the , a small small ) allows one - ray . this result which is the light over ia . in the absence of a single - ray ray observations . the , this system carlo method with the framework is used to to explain astrophysical stars are possible a sample .",0.11627906976744186,0.29411764705882354,0.16666666260555565,0.007142857142857143,0.022222222222222223,0.010810807129292707,0.11627906976744186,0.29411764705882354,0.16666666260555565
"the use of 2  2000  mg myoinositol + 2  200  g folic acid per day is a safe and promising tool in the effective improvement of symptoms and infertility for patients with a polycystic ovary syndrome ( pcos ) . using a questionnaire 
 an observational study was performed under german gynecologists to collect data on ovulation and pregnancy rates in pcos patients with infertility . in this observational study , 
 3602 infertile women used myoinositol and folic acid between 2 and 3 months in a dosage of 2  2000  mg myoinositol + 2  200  g folic acid per day . in a subgroup of 32 patients , hormonal values for testosterone , free testosterone , and progesterone 
 were analyzed before and after 12 weeks of treatment . 
 the mean time of use was 10.2 weeks . during this time 70% of these women had a restored ovulation , and 545 pregnancies were obtained . 
 this means a pregnancy rate of 15.1% of all the myoinositol and folic acid users . in 19 cases a concomitant medication with clomiphene or dexamethasone 
 was used . 
 one twin pregnancy was documented . 
 testosterone levels changed from 96.6  ng / ml to 43.3  ng / ml and progesterone from 2.1  ng / ml to 12.3  ng / ml ( p < 0.05 ) after 12 weeks of treatment . 
 no relevant side effects were present among the patients . 
 this study could show that a new treatment option for patients with a pcos and infertility is available . 
 the achieved pregnancy rates are at least in an equivalent or even superior range than those reported by the use of metformin .","the mass of the high formation of many many the case , are observed in the most formation of the presence , the magnetic . our framework of a good agreement with high energy and the other sources between @xmath9 , where @xmath2 . the case of each , a. in this paper we find that of the standard number of the local galaxies and @xmath1 , and @xmath1 and the two the inner objects in the results have been observed in contrast to that the existence of the main material is used to the inner density _ @xcite . ( [ 2 ) . in , while the number of the high @xmath4 . a single _ we find that the magnetic field @xmath3 and @xmath3 , we show that the function , as @xmath1 , but not more two magnitude , to the two different _ . to the time of our analysis has been presented : @xmath0 @xmath3 to the most most is in the most most likely to the central central properties of the system of the observed in the other other other features of the light on the other other hand of a two sources in which is ) ) data and @xmath0-ron @xmath5 are compared to have been been found that that the observed @xmath0 and the time .e. [ [ 1 @xmath0 and @xmath1 . there , the system for such that may detect the system of @xmath3 @xmath1 is . this is a simple to the galactic mass emission of the , which would be smaller than well . [ fig . the most recent observations of the total total total number of the galactic galactic galactic line of the @xcite pacs and that can be @xcite . let @xmath1 @xcite ) and . [ 1 .",0.1702127659574468,0.20869565217391303,0.18749999505157486,0.026200873362445413,0.02608695652173913,0.02614378584969789,0.14893617021276595,0.1826086956521739,0.16406249505157486
"it is known that thyroid hormone is an important regulator of cancer development and metastasis . 
 what is more , changes across the genome , as well as alternative splicing , may affect the activity of the thyroid hormone receptors . 
 mechanism of action of the thyroid hormone is different in every cancer ; therefore in this review thyroid hormone and its receptor are presented as a regulator of renal cell carcinoma .","a a new new physics of these objects may for the total star formation of this work of the same properties of , and that the two agreement with the main way _ , which will - dependent and some of the time of the @xmath2",0.17391304347826086,0.25,0.20512820028928347,0.016129032258064516,0.023255813953488372,0.019047614211339093,0.10869565217391304,0.15625,0.12820512336620662
"within the last four decades , our view of the mature vertebrate brain has changed significantly . today 
 it is generally accepted that the adult brain is far from being fixed . a number of factors such as stress , adrenal and gonadal hormones , neurotransmitters , growth factors , certain drugs , environmental stimulation , learning , and aging change neuronal structures and functions . the processes that these factors may induce are morphological alterations in brain areas , changes in neuron morphology , network alterations including changes in neuronal connectivity , the generation of new neurons ( neurogenesis ) , and neurobiochemical changes . here 
 we review several aspects of neuroplasticity and discuss the functional implications of the neuroplastic capacities of the adult and differentiated brain with reference to the history of their discovery .",") sr __ _ _ _ from a _ _ _ _ _ . we find the high - dimensional of the total ly _ _ ] _ . we identify the mass emission . our framework , this scenario that the main main main features on our system of the star . the data _ d - free phase of the main model , _ _ _ , such such agreement . their s _ _ _ 3 _ ilc _ _ _ _ @xmath0 _ @xmath17 _ _ _ _ _ _ . these results should be @xmath8 _ _ : b. the of the . this paper _ _ , and p. they we demonstrate the system _ _ _ jes _ * chandra ) ) _ _ _ _ _ _ . the effect _ _ _ _ . phys . this work the inner inner region is very a direct algorithm luminluminluminos ss * _ _ _ _ _ . pst _ _ _ _ _ _ . it has to @xmath3 _ '' . . _ _ . _ ] we find find in the presence of the main model . e, _ _ j. * and @xmath6 _ , k",0.20454545454545456,0.21951219512195122,0.21176470088858146,0.023809523809523808,0.022058823529411766,0.02290075836606367,0.19318181818181818,0.2073170731707317,0.19999999500622848
"oroantral fistula ( oaf ) and oral candidiasis are common to come across as separate individual lesions . 
 however when candida organisms infect maxillary sinus through oaf then diagnosis should not be limited to clinical diagnosis only . 
 in such situation role of cytological examination can prove to be fruitful . 
 a female with chronic long standing oaf , not responding to conventional treatment approach is reported . 
 on incisional biopsy , the case was diagnosed as chronic maxillary sinusitis with oaf . 
 however patient did not respond to any treatment approach and later presented with a more progressive lesion involving maxillary sinus . 
 a cytosmear stained with periodic acid schiff stain , revealed the presence of numerous candidal hyphae . 
 finally , case was diagnosed as oaf with a superadded candidal infection . 
 patient responded well to antifungal treatment followed by reclosure of oaf . 
 we should not neglect a simple cytological examination which may prevent wrong diagnosis and wrong treatment .","we study a large - - dimensional stellar galaxy , the evolution of a a few few times . it would be important data are well - body . the model with a high scale of anisotropy of a ] # 1 # 1 # 1 # 2 # 2 # 1. so - of @xmath1 , , # 1 # 1 # 2 # 1 # 2 # 1 # # 1 # 1 * . # 2 # 3 * * * * * * * * # 2 # 2 # 2 # 1 # 2 * *#2#2#2 1 # 1#2#3#33 # 1 # 2 # 2 # 2 * * * * # 2 # 1 # 2 ) . # 2 # # 1 * # 2 ) # 1 # 2 # 1 # 2 . , # 2 # 1 # 1 # 1 # 1 # 1 1 as # 1 # 1 # 2 # 1 t ] . rev . [ ) .",0.10891089108910891,0.2619047619047619,0.15384614969729582,0.013888888888888888,0.02857142857142857,0.01869158438291657,0.10891089108910891,0.2619047619047619,0.15384614969729582
"objectiveearly developmental adaptations in response to undernutrition may play an essential role in susceptibility to type 2 diabetes , particularly for those experiencing a  mismatched rich nutritional environment  in later life . 
 we examined the associations of exposure to the chinese famine ( 19591961 ) during fetal life and childhood with the risk of hyperglycemia and type 2 diabetes in adulthood.research design and methodswe used the data for 7,874 rural adults born between 1954 and 1964 in selected communities from the cross - sectional 2002 china national nutrition and health survey . 
 hyperglycemia was defined as fasting plasma glucose 6.1 mmol / l and/or 2-h plasma glucose 7.8 
 mmol / l and/or a previous clinical diagnosis of type 2 diabetes.resultsprevalences of hyperglycemia among adults in nonexposed , fetal exposed , early - childhood , mid - childhood , and late - childhood exposed cohorts were 2.4% , 5.7% , 3.9% , 3.4% , and 5.9% , respectively . in severely affected famine areas , 
 fetal - exposed subjects had an increased risk of hyperglycemia compared with nonexposed subjects ( odds ratio = 3.92 ; 95% ci : 1.649.39 ; p = 0.002 ) ; this difference was not observed in less severely affected famine areas ( odds ratio = 0.57 ; 95% ci : 0.251.31 ; p = 0.185 ) . 
 the odds ratios were significantly different between groups from the severe and less severe famine areas ( p for interaction = 0.001 ) . in severely affected famine areas , fetal - exposed subjects who followed an affluent / western dietary pattern ( odds ratios = 7.63 ; 95% ci : 2.4124.1 ; p = 0.0005 ) or who had a higher economic status in later life experienced a substantially elevated risk of hyperglycemia ( odds ratios = 6.20 ; 95% ci : 2.0818.5 ; p = 0.001).conclusionsfetal exposure to the severe chinese famine increases the risk of hyperglycemia in adulthood . 
 this association appears to be exacerbated by a nutritionally rich environment in later life .","the local local evolution of these results with the two two two observations of the function and xon and high -  . our results are determined from the x - qubits on numerical analysis due to low velocity : agngn for each magneticity which this is the main results are considered ) , and the second order to be obtained models .",0.07784431137724551,0.29545454545454547,0.12322274551425179,0.014336917562724014,0.07017543859649122,0.02380952099224098,0.07784431137724551,0.29545454545454547,0.12322274551425179
"key clinical messagediabetes insipidus without perception of thirst , as may follow an anterior communicating artery aneurysm , requires prescription of fluid intake as well as desmopressin . 
 the management goal of maintaining a normal serum sodium is rendered more challenging in a humid subtropical environment , where insensible losses are higher .","we present the . the other of a high than a mass in @xmath7 was the . the high velocity at the cluster of these observations , and @xmath0 . it of the firstpage ) have to the central central central observations of this paper the galaxy m - forming - dimensional gas of anisotroptropy , or . the existence of the low - photo photon . however , where the light of the firstpage , . if the . recent results of each of an own own own own simulations in @xmath12 , the model can be measured more more than the source . thus the best a high high high high temperature can be be be used in the most star s of the best time systems ) the photometricmetric regions . we show that .",0.18181818181818182,0.11428571428571428,0.14035087245306266,0.02,0.008849557522123894,0.012269934397231327,0.13636363636363635,0.08571428571428572,0.10526315315481707
"if ethics of care deals with the nature of relationships , attentiveness , and understanding particular others , narrativity ought to play a central part . sometimes , caring simply amounts to working with narratives . in the article 
 i claim that narrativity can even be said to be native to an ethics of care . through an example , i demonstrate how a narrative ethics of care can discern and grasp some moral problems better than the standard theoretical outlooks .","we present the same model ( . these solutions ) of these data , ] , g. for a , , but are proposed . these results on @xmath0 radiative , , but is an example . for astr. the other disk gas . this end end and a a , and its data . the galactic data @xmath1 is the stellar ( @xmath6 are detected , the most ] ) of the evolution @xmath0 and a low temperature of three types of @xmath3 and photometry of the same calculations which are not not a , @xmath9 are well as a model . a first time the other hand . the surface region : 5 @xmath0-pole at the . we find that , in the mass @xmath0 , and they have a high mass luminos ratio of the cluster from the , l. this article to their physical physical interpretation of which is . using the total evolution distribution could be shown that the system are based on the case of the model , , so that the optical flux , which requires two , @xmath4 of the second , the large @xmath6 @xmath0 ( see first objects , is very large @xmath0 . the system , which are found that we have not a few , while high energy , where @xcite a wide energies with , in the source of the low matter as @xcite . at a star ( j. the system ( @xcite_ we show that of the large stars , , the formation of the mass of this model , this goal for this paper ) @xmath0 is a , @xmath28 or a single energy the ; a new new case of @xmath8 _ g g. we find that that the central gas gas gas ) of the presence of the best evidence show that the case , . ( b . these results could be a single - particle . [ , the system , we use the center - ray formation is not be determined more than the number of a standard model . the presence of ) that the low mass of the galactic galactic , @xmath6 , the @xmath1 . our model (",0.2962962962962963,0.11267605633802817,0.16326530213036244,0.0547945205479452,0.013468013468013467,0.021621618454200613,0.2777777777777778,0.1056338028169014,0.1530612204977094
"objectivethe aim of this study is assessment of effects of different assisted reproductive techniques ( art ) like in vitro fertilization ( ivf ) and intra cytoplasmic sperm injection ( icsi ) on prelinguistic behavior of infants conceived by these techniques.methodsin this descriptive , cross sectional study , prelinguistic behavior of 151 full term art infants of royan institute have been assessed in children 's health and development research center of tehran from august 2007 until august 2009 . 
 questionnaires were completed by parents at 9 months old . 
 the questionnaire was standard according to early language milestone scale-2 ( elm-2 ) . 
 data were analyzed by spss version 16 and using chi - square test.findingstwenty-two ( 14.5% ) of infants were conceived by ivf and 129 ( 85.4% ) by icsi . 
 number of infants with delay in reduplicated babbling in icsi method was more than in ivf . 
 there was only a significant difference in echolalia delay in the two sexes . 
 echolalia was delayed more in boys . 
 delay of reduplicated babbling was more in infants of younger mothers . 
 there was no relation between speech and language defect of parents and infants.conclusionthis study showed that prelingustic behavior of art infants are affected by kind of art method , infant sex , and mother 's age at the time of pregnancy .","we study the results on the total source of two regions ; the first . this object is an important important values of a sample , the . in a data . the other other region , which would in a simple analysis of the local . the central central , these results from adiab . the most most data data of their function of the other . . for their main method we find that for the source in the existence of such as . the magnetic field . on the inner and @xcite . the solar observations are also be the model of an few . we found that the galaxy galaxy structure of the , indicating that @xmath2 to the second . , , and the galactic mass galaxies with the central systems . the , the .g. we discuss the low - dimensional . ( , the , . the system , one - ray galaxies shows that the system , indicating a large number and the time of the inner function of a good agreement between a , we show that that it is the stellar field has developed for : @xmath13 : of , the existence of each of a power of our . when a significant way more than @xmath2 . the , which is given by the source , : the other hand . with the disk . in our results , and @xmath7 . the total , the system are @xmath5 , h. this method on the observed of the cluster cluster data , indicating be explained by . our method with the total emission are related to be interpreted as due to high luminosity @xmath20 . we find that a function from low - . the source and the _ department , and @xmath4 @xmath32 ) the ) of the observed , we also @xmath2 can be obtained from a broad - like like magnitude than the magnetic field , however , while their high - field that was measured in the other other than the total s * * p. . a a new than @xmath6 and the effect ) ( $ , , dm ] . the stellar regions carlo model model .g. the other  @xmath6 for such as a. furthermore , the @",0.2366412213740458,0.2152777777777778,0.2254545404657191,0.03398058252427184,0.023178807947019868,0.027559050296671436,0.21374045801526717,0.19444444444444445,0.2036363586475373
"aneurysmal bone cysts are rare entities which causes expansile and destructive bone lesions characterized by reactive proliferation of connective tissue . 
 they usually grow rapidly with hypervascularity . in clinical practice 
 they can be easily misdiagnosed due to the rare occurance and having no such typical findings as radiologically . 
 most cases have uncommon pain symptoms , but rarely , if fractures occur , neurological findings can be seen and the surgical treatment , if needed , could be difficult . 
 we will discuss our evaluations to two cases that we experienced in our clinic in this report .","we present recent data on the evolution of the first the @xmath0 emission of the firstpage . we provide a mass mass line line . the . we also report on the photon and @xcite . [ fig fig . this is that the large mass is @xmath15 , the s , as a inner redshift is anisotropy ) , this paper we find that of two - dimensional . the . we find astrophysicalstrophysical features when a new survey s . our model of the h. this work may be also consider the galactic emission - scale of dark dark matter of a. the cluster of the first - particle stars . the energy of of the total hions in the firstpage hamiltonian @xmath2 gaussian region . that s , and more large redshiftshifts , with the ghz .e. [ fig . for a new data @xmath3 , and , @xmath1 / based on the galaxy galaxies or the cluster , is the first than : ps . a first and non - ray binaries ir",0.1917808219178082,0.16091954022988506,0.17499999503828137,0.0,0.0,0.0,0.1780821917808219,0.14942528735632185,0.16249999503828141
"this retrospective study describes and evaluates the effectiveness of a modified technique of conventional endoscopic dacryocystorhinostomy ( dcr ) that minimizes the obstruction of a neo - ostium by creating an enlarged marsupialized lacrimal sac using mucosal flaps . 
 forty - two patients who had undergone 46 endoscopic dcr at a tertiary medical center , from 2002 to 2004 , for correction of lacrimal system obstruction were investigated . 
 the surgical technique involves elevation of a nasal mucosal flap , full sac exposure using a power drill , and shaping of the mucosal flap to cover denuded bone and juxtapose exposed sac mucosa . 
 postoperative symptoms and endoscopic findings of the neo - ostium were evaluated . 
 mean duration of follow - up was 5.9 months . 
 an eighty - three percent primary success rate was observed , without any serious complications . 
 obstruction of the neo - ostium with granulation tissue was observed in eight cases , among which six underwent revision with success in all cases . 
 overall , 44 ( 96% ) of 46 cases experienced surgical successes . 
 endoscopic dcr , a procedure in which a large marsupialized lacrimal sac is created from mucosal flaps , yields a very satisfactory success rate with straightforward and highly successful revision available for those in whom the primary procedure yields a substandard result .","the disk and the galaxy of them of the existence of the existence of the mass of the large - plane rate of the time - time stars in the high - like data data of a very . using several new results results of the other than both data data of the , a a function and photometry . the observed observed and the mass mass , which was not the firstpage , x - . furthermore ; .",0.1111111111111111,0.3684210526315789,0.17073170375669253,0.020202020202020204,0.06349206349206349,0.030651337333862244,0.09523809523809523,0.3157894736842105,0.1463414598542535
"abstractthis study aimed to investigate the detection rate of chromosome abnormalities in children suspected with congenital disorders in 1 single center , identify any differences according to different classification criteria , and try to enlighten the medical professionals what clinical features should be transferred for cytogenetic analysis.from january 1 , 2011 to march 31 , 2014 , children who were suspected with chromosomal disorders were included . 
 all the cytogenetic analyses were performed in the medical biology and genetic department laboratory in zhejiang dian diagnostics . 
 we evaluated the variants of clinical indications , and incidence and types of chromosomal abnormalities among groups.during the study period , 4129 samples were collected and analyzed . among them , 769 children were detected with chromosome abnormalities , accounting for 18.62% of all referral cases . 
 the ratio of sex - linked chromosomal abnormalities to autosomal ones was 1:3.2 . 
 the detection rates were 19.66% ( 365/1857 ) for boys and 
 17.78% ( 404/2272 ) for girls . 
 most of trisomy 21 were found before the age of 1 year old , while most of children with turner syndrome were found after 6 years old . 
 the group presenting with specific clinical stigmata had highest detection rate of 59.1%.we demonstrated the detection rates of chromosome abnormalities in children who were suspected with chromosomal disorders . 
 combined with previous report , we established a database of common chromosomal anomalies and the clinical features that could be useful for genetic counseling and remind the medical professionals what kind of patients should be transferred to genetic analysis .","the formation of the two two objects . this problem of low- , 2 ) . we propose . we show that the local local light of this would have been show a two data data of some s , they not @xmath0 @xmath0 . the new study the data is a few in high energy of this paper of the light , is not be be used to detect a large - rays of the model ( bon - , the detection of a sky structures ) of the analysis we develop that of magnitude of @xmath0 the discovery has been developed and ( i. this scheme , a wide range of the , it is @xmath4 . * n.",0.11971830985915492,0.2698412698412698,0.16585365427911966,0.004329004329004329,0.009174311926605505,0.005882348584951323,0.11267605633802817,0.25396825396825395,0.15609755671814407
"splenic abscess is a very rare complication of non - typhoidal salmonella infections . 
 we report a case of splenic abscess caused by salmonella enteritidis . 
 the patient is a 63-year - old woman with diabetes mellitus and underwent splenectomy . 
 this case suggests that the patients with comorbities are at increased risk for invasive infections in non - typhoidal salmonella infections .","the total magnetic agreement with respect to those measurements of this approach to more than the new than that that that that @xmath12 and the three clusters of a single - like a . this would be used of the sample . the other types of a good phenomena using one is obtained by the presence of the . . the most most significant significant significant system by the same value of @xmath0 , @xmath52 in this approach and the . we demonstrate that adiab , ( . we find adiab , i. we propose that about the two two different , the main approach of this paper is large large enough to an effective magnetic fields is a good agreement with an an exponential calculations of the optical optical observations is inhomogeneous regions , we find that the low red redshift @xmath1 : pionization of the local systems . in such than any data . the observed observed for a very large - .e. we also also study their data to the firstpage monte . this work for the ) . this study of the formation of the galaxy of supernuclear velocity ) the high - field and the center of this letter is used and which we demonstrate that the existence of the t . we find that has a simple quantum mechanics , a wide wide mass of the @xmath0 , the low scattering of the presence of the firstpage ) . using the firstpage , i.",0.3333333333333333,0.12612612612612611,0.18300653196462907,0.057692307692307696,0.01485148514851485,0.023622043987848427,0.3333333333333333,0.12612612612612611,0.18300653196462907
"introduction . 
 the aim of this study was to estimate the significance of tsh , thyroid peroxidase antibody ( tpoab ) , and mild ( subclinical ) hypothyroidism in women from the danish general suburban population study ( gesus ) on the number of children born , the number of pregnancies , and the number of spontaneous abortions . 
 methods . 
 retrospective cross sectional study of 11254 women participating in gesus . 
 data included biochemical measurements and a self - administrated questionnaire . results . 
 6.7% had mild ( subclinical ) hypothyroidism and 9.4% prevalent hypothyroidism . in women with mild hypothyroidism tpoab 
 was significantly elevated and age at first child was older compared to controls . 
 tsh and tpoab were negatively linearly associated with the number of children born and the number of pregnancies in the full cohort in age - adjusted and multiadjusted models . 
 tsh or tpoab was not associated with spontaneous abortions . 
 mild ( subclinical ) hypothyroidism was associated with a risk of not having children and a risk of not getting pregnant in age - adjusted and multiadjusted models . 
 prevalent hypothyroidism was not associated with the number of children born , the number of pregnancies , or spontaneous abortions . conclusion . 
 impaired fertility is associated with tsh , tpoab , and mild ( subclinical ) hypothyroidism in a danish population of women .",we investigate the solar data from the case for a model in a significant significant method of the stellar population of the low - level model of the main main studies . we discuss the two - photometricmetric sample is only a few large type of the large in an result of the central cluster stars . this article . since a first .,0.125,0.28205128205128205,0.1732283422010045,0.01935483870967742,0.05454545454545454,0.028571424705215946,0.11363636363636363,0.2564102564102564,0.1574803107049415
"context : coronary artery disease ( cad ) is among the leading causes of mortality and morbidity worldwide . 
 traditional risk markers explain only a proportion of total cardiovascular risk . 
 thus , development and improvement of early diagnostic strategies and targeted initiation of preventive measures would be of great benefit.objective:we aimed to identify molecular lipids that are associated with fatal outcome of cad patients . 
 furthermore , the effect of different lipid - lowering drugs on novel risk lipids was evaluated.methods:serum samples of 445 cad subjects participating in a long - term follow - up of the ludwigshafen risk and cardiovascular health ( luric ) study were analyzed . 
 in addition , samples obtained from a separate randomized parallel three - group study of subjects treated with simvastatin ( n = 24 ) , ezetimibe ( n = 24 ) , or their combination ( n = 24 ) were studied . 
 furthermore , samples from the luric participants with a loss - of - function mutation ( r46l ) in the pcsk9 gene ( n = 19 ) were analyzed and compared with major allele carriers ( n = 868).results : distinct ceramide species were significantly associated with the fatal outcome of cad patients . simvastatin lowered plasma ceramides broadly by about 25% , but no changes in ceramides were observed in the ezetimibe group . 
 pcsk9 deficiency was significantly associated ( 13% ) with lowered low - density lipoprotein cholesterol accompanied by a significant 20% reduction in cad outcome risk - related ceramides.conclusions:these data suggest that distinct ceramides associate significantly with cad outcome independently of traditional risk factors and that the mechanism of lipid lowering is important .","the kevmath0 . this approach using the solar solar nebula , the light light objects , '' of a present . using a standard method as a high - . as a a ) have the optical simulations to be a radio radio range of different source at the total total stellar spectrum : . an example ] ) which also used to an effective effective effective mass and @xmath0-us structure of the . we have . astrophysical and well as a a low - wave wave field is a .",0.0945945945945946,0.2692307692307692,0.13999999615200012,0.016,0.05063291139240506,0.02431610577322881,0.08783783783783784,0.25,0.1299999961520001
"heterologous expression of secondary 
 metabolic pathways is a promising 
 approach for the discovery and characterization of bioactive natural 
 products . 
 herein we report the first heterologous expression of a 
 natural product from the model marine actinomycete genus salinispora . using the recently developed method of yeast - mediated transformation - associated 
 recombination for natural product gene clusters 
 , we captured a type 
 ii polyketide synthase pathway from salinispora pacifica with high homology to the enterocin pathway from streptomyces 
 maritimus and successfully produced enterocin in two different streptomyces host strains . 
 this result paves the way for 
 the systematic interrogation of salinispora s 
 promising secondary metabolome .","we discuss the high mass , we be a low - ray data for the other evidence that they are shown to the system of the system , may be related to the universe . the time with the . this work gaussian disk and the first first firstpage . the stellar masses @xmath2 and for the . we conclude that the other luminosity method leads to have have a. if the model the source . the large and using an an al , for each . we use the two two . the stellar stellar @xmath3 . we suggest that two - - range of the most reds",0.23943661971830985,0.2982456140350877,0.2656249950598145,0.052083333333333336,0.05319148936170213,0.052631573947922915,0.2112676056338028,0.2631578947368421,0.23437499505981454
"[ purpose ] the purpose of the study was to investigate the effects of exercise on the 
 recovery of spinal cord nerve cells damaged due to pain signals which are a major symptom 
 of osteoarthritis . 
 [ subjects and methods ] adult male sprague - dawley rats ( n=40 ) were used 
 and induction of osteoarthritis by monosodium iodoacetate . 
 injected rats were randomly 
 divided into 4 groups : sham control group without mia injection ( sg ) , control group with 
 injected mia ( cg ) , oa without exercise ( neg ) , oa with exercise ( eg ) . 
 sham control group 
 was injected normal cell line instead of mia . 
 the exercise group was submitted to 4-week 
 training program on a treadmill for 5 days / week , 30  min / day , 16 m / min velocity , then 
 spinal cord were removed and measured the gap-43 expression by immunohistochemistry 
 analysis . [ results ] in this study , a results of measuring the expression of gap-43 . 
 gap-43 
 was observed in all groups , showed that the significant difference in each group . 
 [ conclusion ] it could be seen that exercise increased the gap-43 expression in the spinal 
 cord to promote the recovery of spinal cord nerve cells damaged due to chronic 
 osteoarthritis .","a new new mechanism . * ( d. we have been the standard model , and the firstpage . we have been consistent with the central systems ) ss js , h = = cd - like like like @xmath0 , # 1 , , # 2#1 . a ] # 1#1 . however . , * : 2 # 1 # # 1 , # 1 # 2 # 1 # 1 # 1 # 1 * * # 1#2#2 # 1 * * _ # 3 # 1 # 2 # # 1. phys , # 1 # 1 # 2 # 1 # 2 ##3#3#3#2#2#2 # 2 # 1 # 1 # 1#1 , # 3 # 1 # 1 # 2#1 , # 2 # 1 ) # 1 # 1 # 1 # 1#1 phenomenologicalphenomenological , # 2 , .#2 # 1 # 2 . * * * @xmath24 * * # 1 # 2 # 1 , # 1 # 2 , # 2 elliptic . # 1 1 1 # 2 . , # 1 # 1 , . # 2 * a few2 . # 1#2 # 2 # 2 # 1#2 # 1#3#3#1 # 1 # 1 # 2 # 2 .trontron er , # 1 # 1 1.25 1.25 1.25 1.25 ec * * # 1 # 1 # 1 # 1 # 1 # 1 * * * * * # # 1 # 1 # 2 : # 1 [ [ , # 2 # 2 # 2 , # 1 # 1 * and . the . * * *#2#2#2#2#2 # 1d . rev .",0.0990990990990991,0.19642857142857142,0.13173652248843645,0.0,0.0,0.0,0.09009009009009009,0.17857142857142858,0.11976047458424485
"this is a prospective , observational study that utilizes hysteroscopy as the  gold standard  for evaluation of transvaginal ultrasound and endometrial biopsy in the detection of intrauterine pathology . 
 the sensitivity and specificity for detecting focal intrauterine lesions are examined in order to suggest the most cost - effective approach in patients with abnormal uterine bleeding .","we propose propose a proposed on on the first ) of different is important in particular in which in . we find that , which have anisotropy of the results for the system or to a large magnitude and using the standard model , such as a new new method ) a . the evolution ( . our results are used to understand the inner , the high - dimensional and _ which provide a significant calculations of agns in high energies of the cluster , ) , and the star star simulations ) , j. a few observations ) ) and high energy ( mlls , while the : a new new new new new study of the two galaxies ; + + + , while a source is achieved by astrophysical field that the central results in particular . the model is expected to the main main main main observations of a high energy of the formation  galaxy are consistent with @xmath0 , the red - particle . at each . this method and their star . using numerical results in in the universe . we find a a single redshift , indicating that an overview is the high resolution of a mass and a single - .e. the firstpage , , such that have been ]@xmath0 and @xcite . since the @xmath6 the two two types has the mass measurements of the stellar cluster . since the model we also that the data ) from different different features . the two magnitude inhomogeneous s dm - - photometric models , we find that of the , and a large large density over the firstpage . it has been found in this effect ) as @xmath1 . this , @xmath9 and @xmath1 ) , the . ( m. therefore can be able to , . the @xmath3 . this paper weyl the low temperature . [ ) _",0.3695652173913043,0.12878787878787878,0.1910112321222069,0.018518518518518517,0.003787878787878788,0.00628930535659317,0.34782608695652173,0.12121212121212122,0.1797752770660271
"introduction : brown sequard syndrome resulting from compression due to an epidural hematoma is a relatively rare occurrence , more so with a spontaneous history . 
 we report one such case.case report : we present a 65yr old female presenting with hemiplegia with contralateral anesthesia . 
 magnetic resonance imaging showed a hematoma in the epidural space in the c3-c4 region . 
 she underwent an open door laminoplasty for evacuation of the hematoma . following surgery 
 the patient responded rapidly and currently at 18 months follow up she is neurologically grade 5/5 with normal sensations.conclusions:in the emergency room when a patient is clinically diagnosed as a case of brown sequard syndrome it is important to ask for an mri scan of the cervical spine . 
 hematoma in the cervical epidural space should be considered in the differential diagnosis of brown sequard syndrome especially in the elderly with history of doubtful trivial trauma .","the two two that . as a . here we compute the stellar analysis of the other hand formation of the universe on stars tr . the second universe symmeta . this paper we discuss these findings that the local ) , and well as used to both that is considered is not be low @xmath2 . the . the firstpage perturbperturbative component for different than the . as an effective ) i. this method is a large redshift of this paper , and ( @xmath2 . we find that the low . the discovery of neutron field , the first than an effective potential of the system or the existence of the results of the data that this context of the main analysis of the model have ) , the @xmath2. the results may be be observed of the results than that has been studied invariant . , and @xmath0 cm cm",0.1368421052631579,0.17333333333333334,0.15294117153979256,0.022388059701492536,0.024193548387096774,0.023255808961001007,0.1368421052631579,0.17333333333333334,0.15294117153979256
"retinoblastoma ( rb ) is considered to represent the prototype of cancer linked to the sequential loss or inactivation of both alleles of a so - called  tumor suppressor gene  , the rb1 gene . 
 the pathogenetic mechanism behind this tumor was first hypothesized by knudson in 1971 and further confirmed by others   who identified the rb1 gene whose loss or inactivation was claimed to be responsible for the disease . 
 however , after about four decades of continuous research in the field of molecular biology , the evidence behind the role of the rb1 gene in rb appears to be seriously flawed in the light of epidemiological , biological , and clinical evidences . 
 this editorial summarizes the inconsistencies on this subject . 
 nevertheless , the molecular biology establishment still adheres to the biased view of the genetic origin of rb and other cancers , and hardly any alternative explanations are taken into account .",we propose a new source of the presence of the stellar structure by the presence of the cluster of superddington number of a . the galactic center is discussed . the results of the disk .e. this paper we derive the disk ],0.06382978723404255,0.24,0.10084033281547923,0.014705882352941176,0.058823529411764705,0.023529408564706318,0.05319148936170213,0.2,0.08403361012640363
"we isolated and characterized a banna virus from mosquitoes in vietnam ; 5 strains were isolated from field - caught mosquitoes at various locations ; banna virus was previously isolated from encephalitis patients in yunnan , china , in 1987 . 
 together , these findings suggest widespread distribution of this virus throughout southeast asia .","we investigate the formation of the disk at a . it is well as a broad . we use of two two systems , and the system and a simple method for the model , the eq , including the central models is the light of a two dimensional cluster distribution which which are applied for a strong way to calculate the number of the number of the stellar stars of the model . the most a significant role of the galactic galactic plane of the system is _ * . this source of the high star _ . i. this algorithm is very large ] , we compute the first , m. the .",0.2,0.13333333333333333,0.15999999520000013,0.0,0.0,0.0,0.2,0.13333333333333333,0.15999999520000013
"lysosomes are cytoplasmic organelles present in almost all eukaryotic cells , which play a fundamental role in key aspects of cellular homeostasis such as membrane repair , autophagy , endocitosis and protein metabolism . 
 the characterization of the genes and enzymes constituting the lysosome represents a central issue to be addressed toward a better understanding of the biology of this organelle . in humans , mutations that cause lysosomal enzyme deficiencies result in > 50 different disorders and severe pathologies . 
 so far , many experimental efforts using different methodologies have been carried out to identity lysosomal genes . 
 the human lysosome gene database ( hlgdb ) is the first resource that provides a comprehensive and accessible census of the human genes belonging to the lysosomal system . 
 this database was developed by collecting and annotating gene lists from many different sources . 
 references to the studies that have identified each gene are provided together with cross databases gene related information . 
 special attention has been given to the regulation of the genes through micrornas and the transcription factor eb . 
 the hlgdb can be easily queried to retrieve , combine and analyze information on different lists of lysosomal genes and their regulation by microrna ( binding sites predicted by five different algorithms ) . 
 the hlgdb is an open access dynamic project that will permit in the future to collapse in a unique publicly accessible resource all the available biological information about lysosome genes and their regulation.database url : 
 http://lysosome.unipg.it/","using the two the main main spectra of high energy . the @xmath2 kev . the central galaxies as a function of the total mass @xmath6 ( ( the , however , c and two - forming stars .",0.059602649006622516,0.34615384615384615,0.10169491274793328,0.004329004329004329,0.02857142857142857,0.007518794707163338,0.052980132450331126,0.3076923076923077,0.0903954777196847
"periapical lesion is a general term used to describe the periapical inflammatory process that occurs in response to the invasion of micro - organisms in the root canal system as well as inflamed vital pulp . 
 this phenomenon necessitates endodontic intervention and if the necrosis has occurred prior to tooth maturation , wide patency of the apical foramen requires some treatment modalities such as apexification or apical plug . orthodontic treatment , on the other hand , 
 is cautiously done for previously traumatized teeth due to increased risk for necrosis of the compromised tooth . 
 this article tends to review the successful treatment process with calcium - enriched mixture ( cem ) cement apical plug for an immature previously traumatized incisor tooth with an extensive periapical lesion , which was under orthodontic treatment as well .","of the low energy in an role ,, as a optical gas is in the number of the total cluster . the stellar x - like the results were obtained by which describes an important , the universe ) and . to a consequence the . , , we find that in the model , the low energy are found that we are based on the absence of all - energy and photonn ) , the galactic stellar mass , j. we find that the light properties of the , is expected as @xmath1 and @xmath8 and @xmath20 and x. we show that the other model the first than large mass . the two states we have discuss the data using x - scale over a first that the first that the data _ , which are determined by our knowledge of a , ) with two - range of quantum simulations for the standard model with a new pacs . * ] . * , a central central central structure in the standard model , , , we find . j. however wd_ .70 , , h.g , a similar approach in ) , a galaxy galaxy galaxy ) k.",0.20454545454545456,0.1978021978021978,0.20111731343715877,0.048,0.03680981595092025,0.04166666175371394,0.17045454545454544,0.16483516483516483,0.16759776036453308
"objectivethe objective of this study was to compare immunohistochemical profile for the apoptosis regulators p53 , c - myc , bax , puma , and pten and the cell cycle regulatory proteins p21 and p27 , as well as clinical factors between types i and ii tumors.methodsin total , 131 patients in figo ( international federation of gynecology and obstetrics ) stages i - ii were divided into 2 groups of patients after type i tumors ( n = 79 ) and type ii tumors ( n = 52 ) . 
 differences in the immunohistochemical profile for the cell cycle  related proteins , detected by tissue microarrays and immune - histochemistry , were compared . for statistical tests , the pearson 2 test and 
 the logistic regression model were used . 
 all tests were 2-sided , and the level of statistical significance was p  0.05.resultsin multivariate logistic regression analysis with recurrent disease as endpoint , figo stage ( odds ratio [ or ] , 4.7 ) , type i / ii tumors ( or , 3.8 ) , body mass index ( bmi ) ( or , 3.5 ) , and p53 status ( or , 4.2 ) all were found to be independent predictive factors . in 2 different multivariate logistic regression analyses with type i / ii tumors as endpoint , 
 both p53+p21 ( or , 2.9 ) and p27 status ( or , 3.0 ) were associated with type ii tumors . 
 differently , c - myc status ( or , 0.4 ) was associated with type i tumors . 
 furthermore , age ( or , 1.04 ) , bmi ( or , 0.4 ) , and recurrent disease ( or , 4.3 ) all were associated to type ii tumors . in survival analysis 
 , there was a trend ( p = 0.054 ) toward better disease - free survival for patients with type i tumors.conclusionsconcomitant positivity for p53 and negativity for p21 , positivity for p27 , and negativity for c - myc in an epithelial ovarian tumor might strengthen the diagnostic option of type ii tumor ovarian carcinoma . 
 patients with type ii tumors were older , had lower bmi , and had more often recurrent disease than patients with type i tumors .","to investigate this paper paper in the mass . if the total ratio and ) , m. our galaxy stars agngn ) , an upper upper energy , with a large large energy @xmath1 + and @xmath2 is the low - rich rich of astrophysically . this paper we demonstrate that at 2 - . the formation ( ) are derived from the observed to the results indicate that the number of the magnetic magnetic fields of the presence of the @xmath5 ) is @xmath2 = =",0.11920529801324503,0.34615384615384615,0.17733989766701455,0.006872852233676976,0.02531645569620253,0.010810807452301991,0.11258278145695365,0.3269230769230769,0.1674876809182461
"introduction : classic bladder exstrophy ( be ) is a rare malformation of the genito - urinary tract affecting 1:50,000 to 1:100,000 live births . the surgical reconstruction of the be - epispadias complex is challenging for the most experienced pediatric urologists , surgeons , and orthopedists.purpose:to assess the success of staged reconstruction of the be and long - term effects on the upper urinary tract , renal function , and continence.materials and methods : this is retrospective study ; between 1994 and 2013 , 30 patients with be have undergone stage 1 repair at the institute . 
 eighteen male patients have been operated for epispadias repair and thirteen patients have undergone guy leadbetter bladder neck reconstruction . 
 three patients required augmentation cystoplasty one child is continent after epispadias repair only and one child attained continence after single - stage repair.results:hence , out of 17 patients , 14 are socially continent , four patients require clean intermittent self - catheterization for bladder emptying . 
 four patients , who are coming for regular follow - up , are awaiting continence procedure . 
 two patients who underwent augmentation cystoplasty are on hemodialysis for renal failure and one child has altered renal function.conclusion:in our experience , the modern staged repair offers a low risk of renal scarring with acceptable continence opportunity with acceptable cosmetic appearance of external genitalia in the males and females .","we present the data of of the cluster and the , . the , and @xmath2 , , the mass at the time and show of the . the new findings . for these results . a high state or the large spectrum , and the source is a small . in the second . this goal for both . the most most analysis of such as an interesting interesting method . in the inner physics ia , s . however : o. a . we assume the case . the mass emission , i. we use pacs. therefore the same data have no galaxy ) ._ , @xmath5 , and , '' ) + + , which has been found the standard data of the present present recent data from a function of three three three clusters . furthermore ) ) , ) . rev , i. finally phenomenological results that the time stars .e.e. ( ii , . +",0.1450381679389313,0.2345679012345679,0.17924527829699197,0.03317535545023697,0.05223880597014925,0.04057970539399342,0.12213740458015267,0.19753086419753085,0.15094339150453912
"in a retrospective case series study , medical records were evaluated for all male patients infected with human immunodeficiency virus ( hiv ) diagnosed over a one - year period with foot fractures ( n = 30 ) confirmed by magnetic resonance imaging at a los angeles outpatient private practice rheumatology clinic . proportionally more patients had received tenofovir prefracture ( 17 [ 57% ] ) than those who had not ( 13 [ 43% ] ) . at fracture diagnosis , these two groups were similar in median age ( 49 versus 48 years ) , hiv-1 rna ( both 1.7 log10 copies / ml ) , cd4 count ( 300 versus 364/mm3 ) , time between hiv diagnosis and foot fracture ( both 17 years ) , family history of degenerative bone disease ( 24% versus 23% ) , prevalence of malabsorption syndrome , renal failure , calcium deficiency , or vitamin d deficiency , and concurrent use of bisphosphonates , calcitonin , and diuretics . however , more tenofovir - treated patients had osteoporosis ( 35% versus 8% ) , stress - type fractures ( 53% versus 31% ) , concurrent fractures ( 12% versus 0% ) , wasting syndrome ( 29% versus 15% ) , truncal obesity ( 18% versus 8% ) , smoked cigarettes ( more than one pack / day for more than one year ; 35% versus 8% ) , dual energy x - ray absorptiometry ( dexa ) t scores < 2.4 ( denoting osteoporosis ) at the femur ( 24% versus 9% ) and spine ( 47% versus 36% ) , and had received protease inhibitors ( 71% versus 46% ) , non - nucleoside reverse transcriptase inhibitors ( 24% versus 0% ) , prednisone ( 24% versus 0% ) , testosterone ( 47% versus 23% ) , and teriparatide ( 29% versus 8% ) . 
 median time from tenofovir initiation until fracture was 2.57 ( range 1.175.69 ) years . in conclusion 
 , more foot fractures were observed in tenofovir - treated patients than in non - tenofovir - treated patients with hiv infection . 
 comorbidities and/or coadministered drugs may have been contributory .","we will consider that three - photon - electron luminosity is the x - ray ray emission of a low - rays within the stellar stellar stellar - based on a few few mass of an ) is is a function of a sample in the large star star sources in the data , the data of the h - - ray of them to the . the other other hand of a , of the time luminosity of the observed in @xcite . [ . , it is . it is also found that they are detected by the large - ray stars have been predicted in this work have been detected for many mass . as the observations are possible to the redshift energy formation , and the observations of the same data ( f. as @xmath0 . the large of the magnetic field , are also provide the energy that , and an upper . the second - ray xy mass of dark matter of star . the star emission of one can been obtained in agreement with which are a low xstellar formation of a a new new studies that the results of the x - body time may be identified at fig , we find the formation for this technique ) , the accretionsr , for the low - ray ray galaxy luminosity , there with anisotropy of the source ( fig , ( iii . this paper . the , a new new structure , we discuss this case of these observations in high x - ray s for the . the black hole ( @xmath2 the x - ray bursts , and a inner gas galaxies . we have the , which are more than a broad temperatures , i. they can be used , it is more optical xquaquasars - ray galaxies ) , we present - rich formation of the . the main study the firstpage . a a a good agreement with the stellar stellar clusters @xmath1 , one and ) , the galactic observations of the . the star star formation of the , but a new simulations are a , the hs ) ) , respectively . by the data and anisotropy ) . the first mass in . a new and the . we show a dmdm . we found , the , but but the radio - band , the @xmath3 for star formation is",0.15760869565217392,0.20422535211267606,0.17791410551243947,0.026755852842809364,0.026143790849673203,0.026446275992405833,0.14673913043478262,0.19014084507042253,0.1656441668621327
"economic evaluations of clinical treatments most commonly take the form of cost effectiveness or cost utility analyses . 
 this is appropriate since the main  sometimes the only  benefit of such interventions is increased health . 
 the majority of economic evaluations in public health , however , have also been assessed using these techniques when arguably cost benefit analyses would in many cases have been more appropriate , given its ability to take account of nonhealth benefits as well . 
 an examination of the nonhealth benefits from a sample of studies featured in a recent review of economic evaluations in public health illustrates how overfocusing on cost effectiveness / cost utility analyses may lead to forgoing potential social welfare gains from programmes in public health . 
 prior to evaluation , programmes should be considered in terms of the potential importance of nonhealth benefits and where these are considerable would be better evaluated by more inclusive economic evaluation techniques .","we study the time - wave and the high high - . on the case case on on a . the system in a broad type and black hole data that but are considered in supersymmetry , this work universcks . this suggests the most two luminosity process can be used to the magnetic state . an .s. we investigate how how how new objects with large x - to the optical optically a strong simulations . we find that the evolution of the same results of any results on the large large than high resolution source as a mass . using a central , the inner analysis of .",0.18681318681318682,0.25757575757575757,0.21656050468092025,0.021897810218978103,0.030303030303030304,0.025423723943192544,0.17582417582417584,0.24242424242424243,0.20382165117773554
"pasteurella dagmatis , a gram - negative coccobacillus , has been isolated from both dogs and cats as normal flora . 
 it is also a fairly new species for many clinicians because it is a pathogen in human infections . 
 the authors present a case of bacteremia in a 74-year - old man that was caused by p dagmatis . 
 a comparison of other reported cases of bacteremia due to p dagmatis is provided , along with a discussion of the challenges of standard automatic identification including alternative methodologies .","an algorithm are discussed at the mass of the , we derive a large galaxies galaxies galaxies are found of a very very very observed of this letter have the large of time , and the two two different different properties of @xmath0/0/ ( b - scale data , a few bursts and it will be be proposed the black holes has well - scale on the black hole hole @xmath6 has been identified here a large large line and , that the . we show that the star star and a simple phase of the photon system . the time - dimensional hamiltonian , where @xmath0 ( . the low energy are observed observed by the most large - type of the . in the inner @xmath0 ms in fig , we calculate the second stars . the , and a standard models of anisotropy is achieved from the same , @xmath3 , which are the , we find that the low - law of the same same properties are consistent with @xmath3 carlo of the solar clusters perturbative , with @xmath6o , which can be , which are observed using other stellar galaxies . using the light light . the results are discussed as a large ] .",0.28125,0.18556701030927836,0.22360247968211114,0.036585365853658534,0.017045454545454544,0.02325580961721131,0.21875,0.14432989690721648,0.17391303868832234
"an adolescent with hurler - scheie syndrome is reported . 
 this now 15 year - old - young woman was initially diagnosed at age 4 . 
 she was assessed for neurocognitive functioning at ages 5 , 13 , and 15 years . 
 results show a significant decline in intellectual functioning from the superior range to the average range from age 5 to age 13 , and then no change from age 13 to age 15 . 
 the relationship between hurler - scheie syndrome , premorbid intellectual functioning , and cognitive  behavioral interventions are discussed in light of the longitudinal neurocognitive effects of this disease .","the stellar . the hpc , ) . it is the galactic galactic galactic source sources . the magnetic galaxy galaxies . * k @xmath0-osm . the mass of the , .",0.06451612903225806,0.2222222222222222,0.09999999651250012,0.011235955056179775,0.041666666666666664,0.017699111698645787,0.06451612903225806,0.2222222222222222,0.09999999651250012
"phproteomicdb is a php - written module to help researchers in proteomics to share two - dimensional gel electrophoresis data using personal web sites . 
 no technical or php knowledge is necessary except a few basics about web site management . 
 phproteomicdb has a user - friendly administration interface to enter and update data . 
 it creates web pages on the fly displaying gel characteristics , gel pictures , and numbered gel spots with their related identifications pointing to their reference pages in protein databanks . 
 the module is freely available at http://www.huvec.com/index.php3?rub=download .","we study the observed of the central , and other objects and ) , . the , with an an arbitrary arbitrary evolution of a , k are more than the high - in this object , . we argue that inhomogenegenegeneous of the star and an external density is larger than a a large density of the results between the star systems can appear between the galactic galactic galactic galactic galactic cluster cluster can be observed . the same and photon line . using the firstpage s .",0.1323529411764706,0.1875,0.1551724089417362,0.01098901098901099,0.013157894736842105,0.011976042944532153,0.1323529411764706,0.1875,0.1551724089417362
"summarybackgroundthere is association between sleep quality and arterial blood pressure , but it is still unclear if the association also exists in the very elderly . 
 we examined the individual association between sleep quality and arterial blood pressure among the very elderly.material/methodsthe present study analyzed data from a survey that was conducted on all residents aged 90 years or older in a district with 2,311,709 inhabitants in 2005 . 
 sleep quality was measured using the pittsburgh sleep quality index ( psqi).resultsthe subjects included in the statistical analysis were 216 men and 444 women . 
 there were no significant differences in sleep quality scores , sleep latency , and sleep efficiency percentage and prevalence of poor sleep quality between subjects with and without hypertension . 
 none of the differences in systolic blood pressure , diastolic blood pressure , and prevalence of hypertension , systolic hypertension and diastolic hypertension among subjects with well , fairly and poor sleep quality were significant . 
 multiple logistic regressions showed that unadjusted and adjusted odds ratio ( ors ) of poor sleep quality for increased risk for hypertension were significant.conclusionsamong very elderly subjects , there was no association between sleep quality and arterial blood pressure .","we present using a new method of the , , has a system on the absence of an , we have a . however . the , . the time inhomogenegenegeneous phase at all the evolution , the analysis of the discovery of the existence of its sample of such such types of a second medium were calculated calculated a star star - body carlo approach .",0.11224489795918367,0.2894736842105263,0.16176470185553643,0.006289308176100629,0.017241379310344827,0.00921658594491449,0.11224489795918367,0.2894736842105263,0.16176470185553643
"this study investigated the effect of different traditional cooking methods on glycemic index ( gi ) and glycemic response of ten sweet potato ( ipomoea batatas ) cultivars commonly eaten in   jamaica . 
 matured tubers were cooked by roasting , baking , frying , or boiling then immediately consumed by the ten nondiabetic test subjects ( 5 males and 5 females ; mean age of 27  2 years ) . 
 the gi varied between 41  593  5 for the tubers studied . 
 samples prepared by boiling had the lowest gi ( 41  550  3 ) , while those processed by baking ( 82  394  3 ) and roasting ( 79  493  2 ) had the highest gi values . 
 the study indicates that the glycemic index of jamaican sweet potatoes varies significantly with the method of preparation and to a lesser extent on intravarietal differences . 
 consumption of boiled sweet potatoes could minimize postprandial blood glucose spikes and therefore , may prove to be more efficacious in the management of type 2 diabetes mellitus .","the ) . the sample kev , j. our our s. this paper is the effect of the total total source of this paper , a a . the existence of the first study of the universe , , and . the low - rays , this method using .",0.09259259259259259,0.38461538461538464,0.1492537282156383,0.018404907975460124,0.07142857142857142,0.029268289424866516,0.08333333333333333,0.34615384615384615,0.13432835508130994
"aim : aim of this retrospective study was to access the various surgical treatment options available for repair of anterior palatal fistula depending upon their size and presenting age , and also to anticipate the treatment outcome.materials and methods : the series include study report of forty patients with secondary anterior palatal fistula post cleft palate repair , reported in a single unit during a duration of 3 years . 
 all the cases were managed surgically under general anesthesia . 
 the patients were classified depending upon the location of anterior palatal fistula ( apf ) , the quality of tissue and age of patients to chalk out a justified treatment option outlay.results:forty cases were split for surgical correction into various options depending on their size , site , and quality of the tissue . 
 most of the cases were operated with a bardach 's redo for fistula closure ( n = 16 ) ( 40% ) and crevicular flap technique ( n = 13 ) ( 32.5% ) . 
 our overall success ( satisfactory results ) was 77.5% as observed in 31 out of 40 cases with individual success rates for bardach 's and crevicular being 75% and 77% , respectively . 
 there was reduction in size of fistula in three cases ( 7.5% ) and a remnant pinpoint hole in four cases ( 10% ) among all the operated cases.conclusion:management of post palatoplasty fistulas of the hard palate presents a challenging situation for a clinician following the surgical correction of cleft palate . 
 current paper describes the diagnosis and clinical management of forty cases reporting with unilateral apf following cleft palate surgery , over 3 years . 
 authors have attempted to propose different treatment modalities for surgical management of unilateral apf . 
 it was concluded in the primary review that the size of fistula was irrelevant in determining the clinical outcome . 
 instead , the quality and condition of the adjacent tissue appear to be the major governing factors for selecting treatment modality as well as the surgical consequences .","we present the first first first the mass at the formation in one of the inner gas of the system . the sample . the photoconductivity to first present the results is a significant studies of the source pacs ; g.sddd , ..g.",0.042682926829268296,0.25925925925925924,0.07329842689180678,0.0033444816053511705,0.02702702702702703,0.005952378992524737,0.042682926829268296,0.25925925925925924,0.07329842689180678
"background : effective transfusion and chelation have prolonged the quality and longevity of life in thalassemics , who now survive into adulthood . hence , adult physicians need to be aware of their clinical and laboratory profile and the problems faced by them.aim:the present study was aimed to evaluate the clinical profile of adult thalassemics.materials and methods : adult ( > 18 years ) thalassemia major patients ( n=19 ) were evaluated clinically and fasting pretransfusion blood samples were analyzed for complete blood counts , kidney and liver function tests , plasma glucose , serum ferritin , and thyroid hormone levels.results:average age was 21.652.47 years ( range 1928 years ) , 42.1% had body mass index ( bmi ) < 18.5 . 
 splenectomy had been performed in 47.4% before reaching adulthood , males significantly outnumbered females ( 72% vs. 12.5% ) . hemoglobin levels < 8 g / dl were observed in 31.6% and none had serum ferritin levels in the recommended range suggesting inadequacy of both transfusion and chelation . 
 indirect hyperbilirubinemia was observed in 21.1% patients although kidney functions , serum protein , and albumin were normal in all patients . 
 electrocardiographic abnormalities , diabetes mellitus or hypothyroidism were absent . 
 five patients ( 26.3% ) had contracted transfusion - transmitted viral infections 
 21.1% and 5.3% respectively had antibodies to hepatitis c virus and hiv , while 5.3% were positive for australia antigen . 
 all patients were receiving chelation therapy 
 deferiprone alone ( 78.9% ) or along with desferrioxamine ( 21.1% ) . 
 average dose of deferiprone being used was 958 mg / kg.conclusion : adult thalassemia major patients present with a distinct clinical profile having low bmi , generalized hyperpigmentation , most are splenectomized , have low hemoglobin , inadequate chelation and harbor transfusion - transmitted infections . 
 adult physician needs to be aware of this profile .","we present most present that many many on the high x - rich of @xmath00 _ are studied through an upper and high mass formation formation of the case of @xmath0 galaxies ) in @xmath1111 _ telescope . a very very very lower than the formation , @xmath4 ( s . we demonstrate show that its system which is the _ . we find that the . [ _ , with a significant region have an important analysis of the magnetic magnetic field is the total space - ray cluster of these . this mechanism . this paper .",0.08791208791208792,0.26229508196721313,0.13168723903808713,0.003367003367003367,0.011363636363636364,0.005194801668276976,0.08791208791208792,0.26229508196721313,0.13168723903808713
"background . acute respiratory infections ( aris ) 
 are important cause of mortality and morbidity in children under five in developing country . methods . 
 this observational study was conducted over two - year period in a tertiary care teaching hospital of eastern india . 
 nasal and throat swabs were collected , transported to the laboratory at 28c in viral transport media , and then processed for detection of viruses using mono / multiplex real - time polymerase chain reaction . 
 results . 
 a total of 300 children aged 260 months with aris were included . 
 the most common age group affected with lri was 212  mo and with uri was > 1260  mo . 
 viruses were detected in 248 cases . in uri , 
 77 were positive for single virus and 19 were positive for more than one virus ; in lri , 113 were positive for single virus and 12 were positive for more than one virus . 
 the most common viruses isolated from uri cases were rhinovirus and adenovirus . 
 the most common viruses isolated from lri cases were respiratory syncytial virus and influenza virus . 
 most cases occurred in the months of january , december , and august . 
 conclusion . 
 viruses constitute a significant cause of ari in children under five . 
 rsv , adv , rv , and ifv were the most prevalent viruses isolated .","we apply a a type type , mhz of some stellar stellar spectra of the observed , ; two types of two - emission as a few type galaxies . we will generate the most most of the two - ) , and x - ray bursts , kev .",0.08403361344537816,0.3448275862068966,0.13513513198411256,0.016216216216216217,0.06666666666666667,0.026086953374291497,0.06722689075630252,0.27586206896551724,0.10810810495708555
"backgroundmutations of dna topoisomerase ii ( top2a ) are associated with chemotherapy resistance , whereas dual - specificity phosphatase 6 ( dusp6 ) negatively regulates members of the mitogen - activated protein ( map ) kinase superfamily to control cell proliferation . 
 this study assessed top2a and dusp6 single nucleotide polymorphisms ( snps ) in non - small cell lung cancer ( nsclc ) patients for association with chemoradiotherapy responses and prognosis.material/methodsa total of 140 chinese patients with histologically confirmed nsclc were enrolled and subjected to genotyping of top2a rs471692 and dusp6 rs2279574 using taqman pcr . 
 an independent sample t test was used to analyze differences in tumor regression after radiotherapy versus snp risk factors . 
 kaplan - meier curves analyzed overall survival , followed by the log - rank test and cox proportional hazard models.resultsthere were no significant associations of top2a rs471692 and dusp6 rs2279574 polymorphisms or clinicopathological variables with response to chemoradiotherapy ( p>0.05 ) . comparing overall survival of 87 patients with stage i  iii nsclc treated with radiotherapy or chemoradiotherapy to clinicopathological variables 
 , the data showed that tumor regression , weight loss , clinical stage , and cigarette smoking were independent prognostic predictors ( p=0.009 , 0.043 , 0.004 , and 0.025 , respectively ) . 
 tumor regression rate > 0.34 was associated with patent survival versus tumor regression rate 0.34 ( p=0.007).conclusionstop2a rs471692 and dusp6 rs2279574 snps were not associated with chemoradiotherapy response , whereas tumor regression , weight loss , clinical stage , and cigarette smoking were independent prognostic predictors for these chinese patients with nsclc .","the s. we have also present in the solar stars . this paper we have an extended method , with a star on a , iigenigenvalue characterization of . this paper a single - ionion model _ v. by the universe universe , i. the , are found and and magnetic field . while the total type of the case of the formation , j. we find that the . in the . [ fig . it is based on the . the formation of high high - like the inner model , which is in this is a disk disk with the time . however .",0.1056338028169014,0.26785714285714285,0.1515151474584227,0.008771929824561403,0.021739130434782608,0.012499995903126341,0.09154929577464789,0.23214285714285715,0.13131312725640254
"objective . to determine changes in hemoglobin concentration at second measurements after a normal hemoglobin concentration was detected at first booking during pregnancy at low and at high altitudes 
 . methods . 
 this is a secondary analysis of a large database obtained from the perinatal information system in peru which includes 379,816 pregnant women and their babies from 43 maternity units in peru 
 . results . 
 most women remained with normal hemoglobin values at second measurement ( 75.1% ) . 
 however , 21.4% of women became anemic at the second measurement . 
 in all , 2.8% resulted with moderate / severe anemia and 3.5% with erythrocytosis ( hb>14.5  g / dl ) . in all cases 
 hb was higher as altitude increased . 
 risk for moderate / severe anemia increased associated with higher gestational age at second measurement of hemoglobin , bmi < 19.9  kg / m2 , living without partner , < 5 antenatal care visits , first parity , multiparity , and preeclampsia . 
 lower risk for moderate / severe anemia was observed with normal high hb level at first booking living at moderate and high altitude , and high bmi . 
 conclusion . 
 prevalence of anemia increases as pregnancy progress , and that a normal value at first booking may not be considered sufficient as hb values should be observed throughout pregnancy . 
 bmi was a risk for anemia in a second measurement .","we present a sample of the same model of the model ( first - rich star star formation of the data to to the most most photon stars in the total of the ) of two different properties of the ) , it is a time ( photoproduction , but in this work are , we find that anisotropies is more more few a function of the main goal that they would also be useful to achieve the total of of the sample from . in agreement between different methods ; using the firstpage . the h . a firstpage and a few observations  , which corresponds to a massive massive light light - redshift method are studied is observed results are observed at the central observations of the , and , however . firstpage , we prove the _ et al '' of this is that the second luminosity of a a radio and @xmath8 . in the large and the magnetic magnetic field of the mass , our results were more evidence evidence evidence that an external simulations of the time redshift can reach using the firstpage , elliptic properties of . the ) . it may be well as more present a galactic photometricmetric observations of the mass of which was was found to this paper is the other hand . the radio - energy . anisotropy data ) from the same same analysis with @xmath4 , @xmath4 , we show that of the large @xmath22 was seen in all clusters from the , and @xmath4 ) .",0.24793388429752067,0.26785714285714285,0.25751072462119406,0.03980099502487562,0.03686635944700461,0.03827750696904899,0.2396694214876033,0.25892857142857145,0.24892703363406962
"follicular lymphoma ( fl ) is the second most common type of non - hodgkin s lymphoma . 
 fl is an incurable disease with treatment options ranging from a  watch - and - wait  approach to localized therapy with radiation or systemic therapy with rituximab in combination with chemotherapy regimens . 
 this review summarizes the role of rituximab across the spectrum of fl treatment and the evolving therapeutic landscape with the emergence of novel agents currently in clinical development . despite the prospect of new agents on the horizon 
 , it is widely accepted that rituximab will remain as the cornerstone of therapy because of its established long - term efficacy . 
 many biologics , including rituximab , have lost exclusivity of composition - of - matter patent or will do so in the next few years , which is a concern for patients and physicians alike . moreover , access to rituximab is challenging , particularly in countries with restricted resources . 
 together , these concerns have fueled the development of safe and effective biosimilars . 
 the term  biosimilar  refers to a biologic product that is highly similar to an approved reference ( or originator ) product , notwithstanding minor differences in clinically inactive components , and for which there are no clinically meaningful differences in purity , potency , or safety . 
 biosimilars are developed to treat the same condition(s ) using the same treatment regimens as an approved reference biologic , and have the potential to increase access to more affordable treatment of fl . 
 herein , we also discuss the potential benefits of eagerly awaited rituximab biosimilars , which may mitigate the impact of the lack of access to rituximab .","we consider a simple approach in the low - dimensional . in an data in the second ray method is that of the optical , we discuss the number of the second second . ( ) @xmath0-ray . two - dimensional of the first first than the evolution of the existence of light of the presence of the data data is the observed in the observed . the two magnitude in the analysis for the presence of the system may be found in the other features of the main main field which the observed observed of these results show that in this paper of the number of the large of large - mode of the . we derive the cluster , . this of one of their model , which and the system in them for the first evidence evidence and the most existence of , and they are are presented are performed with anisotropy , . from the total total . this framework of the large star . as two which is a high flux is consistent and redshift . we perform a factor . using axisymmetric time - of a large and a standard standard data in both cases of the , . in these than the large evolution , respectively ) we also discuss the presence of the solar solar solar solar state ) which are known at the firstpage .",0.18543046357615894,0.3076923076923077,0.23140495398504213,0.05343511450381679,0.07734806629834254,0.06320541277438392,0.18543046357615894,0.3076923076923077,0.23140495398504213
"backgroundwe here describe the construction of the stockholm creatinine measurement ( scream ) cohort and assess its coverage / representativeness of the stockholm county in sweden . 
 scream has the principal aims to estimate the burden and consequences of chronic kidney disease ( ckd ) and to identify inappropriate drug use ( prescription of nephrotoxic , contraindicated or ill - dosed drugs).methodsscream is a repository of laboratory data of individuals , residing or accessing healthcare in the region of stockholm , who underwent creatinine assessments between 200611 . 
 laboratory tests were linked to administrative databases with complete information on socioeconomic status , demographic data , healthcare utilization , diagnoses , vital status and dispensed prescription medicines.resultsscream identified 1 118 507 adult stockholm citizens with available creatinine tests between 200611 . 
 this corresponded to 66% of the complete population in the region . 
 geographical coverage was uniform , ranging between 62 and 72% throughout its 26 municipalities . 
 population coverage was higher across older age strata ( 50% coverage for age range 1844 years , > 75% for 4564 years and 
 > 90% coverage for 65 years ) . of note , 
 97 and 98% of all individuals with a diagnosis of diabetes mellitus or cardiovascular disease , respectively , were captured by scream . 
 further , 89% of all deaths registered in the period occurred in individuals with a creatinine test undertaken.conclusionscream represents the largest cohort to estimate the burden and healthcare implications of ckd in sweden . 
 the coverage and representativeness of the region of stockholm was high and in accordance to both the commonness of creatinine assessment , and the medical indications for creatinine testing . 
 the inclusion of individuals who sought medical care and had a creatinine test undertaken resulted in a slight over - representation of elderly and comorbid patients .","it is given in the formation of the main luminosity of many , than for a . this suggests that they are not not be found to a disk is a , @xmath0 . in which are more than a inner spectra ( ii ii , @xmath0 . the observed , which has a new technique of the formation is agn , the firstpage . the large disk , , the two disk disk , and and a. these observations . if the galactic galactic system ( @xmath4 _ j. . our algorithm to the solar solar spectra , the same mass to the firstpage carlo algorithm , and for their stellar spectra the xmm . however , and more evidence for @xmath0 and @xmath0 - ray type of the formation of the other other hand : cm",0.08280254777070063,0.19402985074626866,0.11607142437858753,0.014760147601476014,0.03418803418803419,0.02061855248870848,0.07643312101910828,0.1791044776119403,0.1071428529500161
"comparative cognition aims at unfolding the cognitive processes underlying animal behavior and their evolution , and is concerned with testing hypotheses about the evolution of the brain and intelligence in general . 
 it is a developing field still challenged by conceptual and methodological issues . 
 systematic cross - species comparisons of cognitive abilities , taking both phylogeny and ecology into account are still scarce . 
 one major reason for this is that it is very hard to find universally applicable paradigms that can be used to investigate the same cognitive ability or 
 general intelligence in several species . 
 many comparative paradigms have not paid sufficient attention to interspecific differences in anatomical , behavioral and perceptual features , besides psychological variables such as motivation , attentiveness or neophobia , thus potentially producing misrepresentative results . a new stance for future comparative research may be to establish behavioral and psychological profiles prior or alongside to comparing specific cognitive skills across species . 
 potentially revealing profiles could be obtained from examining species differences in how novel experimental ( extractive foraging ) tasks are explored and approached , how solutions are discovered and which ones are preferred , how flexibly multiple solutions are used and how much individual variation occurs , before proceeding to more detailed tests . 
 such new comparative approach is the multi - access - box . 
 it presents the animal with a novel problem that can be solved in several ways thus offering the possibility to examine species differences in all the above , and extract behavioral and perceptual determinants of their performance . 
 simultaneously , it is a suitable paradigm to collect comparative data about flexibility , innovativeness and problem solving ability , i.e. , theoretical covariates of 
 general intelligence , in a standardized manner .","the disk disk in recent simulations )  field with with new gas gas are found to an optical fields are discussed , including , we show that if a more than the formation  observed in a a two two stars in the magnetic field field has the most sample of a function of @xmath0 .",0.07647058823529412,0.35135135135135137,0.12560386179840843,0.003703703703703704,0.018867924528301886,0.006191947721152572,0.07647058823529412,0.35135135135135137,0.12560386179840843
"backgroundself - management interventions are considered effective in patients with copd , but trials have shown inconsistent results and it is unknown which patients benefit most . this study aimed to summarize the evidence on effectiveness of self - management interventions and identify subgroups of copd patients who benefit most.methodsrandomized trials of self - management interventions between 1985 and 2013 were identified through a systematic literature search . 
 individual patient data of selected studies were requested from principal investigators and analyzed in an individual patient data meta - analysis using generalized mixed effects models.resultsfourteen trials representing 3,282 patients were included . 
 self - management interventions improved health - related quality of life at 12 months ( standardized mean difference 0.08 , 95% confidence interval [ ci ] 0.000.16 ) and time to first respiratory - related hospitalization ( hazard ratio 0.79 , 95% ci 0.660.94 ) and all - cause hospitalization ( hazard ratio 0.80 , 95% ci 0.690.90 ) , but had no effect on mortality . prespecified subgroup analyses showed that interventions were more effective in males ( 6-month copd - related hospitalization : interaction p=0.006 ) , patients with severe lung function ( 6-month all - cause hospitalization : interaction p=0.016 ) , moderate self - efficacy ( 12-month copd - related hospitalization : interaction p=0.036 ) , and high body mass index ( 6-month copd - related hospitalization : interaction p=0.028 and 6-month mortality : interaction p=0.026 ) . in none of these subgroups , 
 a consistent effect was shown on all relevant outcomes.conclusionself-management interventions exert positive effects in patients with copd on respiratory - related and all - cause hospitalizations and modest effects on 12-month health - related quality of life , supporting the implementation of self - management strategies in clinical practice . 
 benefits seem similar across the subgroups studied and limiting self - management interventions to specific patient subgroups can not be recommended .","using its regions ) , but not not not a simple data a system univers high - point to a way . both the existence of the new class of the high - equilibrium (math1 . at at a new simulation for the sample is the new .",0.08433734939759036,0.4666666666666667,0.14285714026447316,0.007782101167315175,0.05,0.013468011137185952,0.07228915662650602,0.4,0.12244897699916707
"microglandular adenosis ( mga ) is a rare benign disease that shows an infiltrative growth pattern of small glands , and it may progress to include atypia and carcinoma . here 
 we report two cases of breast carcinoma arising in mga . 
 case 1 was a 44-year - old woman with a previous history of ductal carcinoma in situ in her right breast . during a follow - up , a 1.8 cm mass - like lesion 
 was found in her left breast . 
 an excisional biopsy suggested that the lesion was breast carcinoma . 
 case 2 was a 57-year - old woman with a 2.9 cm mass in her right breast . 
 a core needle biopsy of the lesion suggested invasive carcinoma . 
 both patients underwent modified radical mastectomy with sentinel lymph node biopsy . 
 both tumors lacked a myoepithelial cell layer and stained positively for s-100 , lysozyme , and 1-antitrypsin , which is typical of mga . 
 both cases showed invasive carcinoma arising in mga .","kev , , , , which implies be considered considered large of this paper could be be be used from a a significant results is observed . the main goal of several massive massive massive observations for the . when a small luminosity . we be presented in the formation , @xmath2 ) ) @xmath1 + + * j. the time ( . , and radio galaxy galaxy galaxy emission as a galaxy , , '' of the . a a simple of the photon : , the other hand . , e. , hsos , and @xmath3-layer system ) ) , and of different models , rossi : ) are detected in each type , phys is also be be first first cluster cluster  .",0.13978494623655913,0.19696969696969696,0.1635220077227959,0.02112676056338028,0.02830188679245283,0.024193543492456764,0.10752688172043011,0.15151515151515152,0.12578615866619222
"segmental neurofibromatosis is a rare disorder , characterized by neurofibromas or caf-au - lait macules limited to one region of the body . 
 its occurrence on the face is extremely rare and only few cases of segmental neurofibromatosis over the face have been described so far . 
 we present a case of segmental neurofibromatosis involving the buccal mucosa , tongue , cheek , ear , and neck on the right side of the face .","we study these values of the case of a a single temperature . the first results of data are the presence of the light light x - : @xmath2 hamiltonians of the results . there are investigated within the existence of the evolution of its high - in the . finally , the best types of several large stars , . the standard standard model which may be applied , we find a a two an anisotropyy and , we find the standard model ) . it is obtained ) . a few than lower analysis in the galactic , where the first time can be calculated in least such as the high density of the new features of the . lett . this is an an explicit , the system is no significant significant simulations at this analysis analysis in the other data were measured to the optical structure of the most more longer detection of the , @xmath00 . we argue that that can be smaller than . the galactic : a ms at each of @xmath10 .",0.24489795918367346,0.13186813186813187,0.17142856687857153,0.03125,0.013513513513513514,0.01886792031327969,0.20408163265306123,0.10989010989010989,0.142857138307143
"peribiliary cysts are cystic dilatations of peribiliary glands in the liver . 
 they are present in ~50% of cirrhotic patients , but are underrecognized because they are usually asymptomatic and rarely present as obstructive jaundice . a 63-year - old male with hepatitis c cirrhosis , awaiting liver transplantation , had a new finding of intrahepatic dilatation on magnetic resonance imaging . 
 this was initially concerning for cholangiocarcinoma , but was ultimately diagnosed as peribiliary cysts . 
 peribiliary cysts can imitate cholangiocarcinoma on imaging . 
 therefore , awareness of this condition is essential because misdiagnosis may lead to inappropriate delay or denial for liver transplantation . 
 the ideal imaging modalities to identify peribiliary cysts are magnetic resonance cholangiography and drip infusion cholangiographic computed tomography , though hepatic dysfunction may limit the usefulness of the latter . 
 peribiliary cysts should be considered in cirrhotic patients with cholestasis , biliary dilatations and negative biopsy of the biliary system for malignancy .","several spectra of time - and results will will not not a stellar stellar data of the ) is @xmath1 of our results have been discussed , in one of the _ , which are a similar luminluminluminrs@xmath0 is much much larger than the number of a , using the , the . a large mass . such , the existence of the inner sources are discussed . the cluster and the universe is also also obtained as the cluster . for the galaxy cluster cluster cluster of the presence of the firstpage ) , ) is found that for an example cepcep , a factor of @xmath1 .",0.11827956989247312,0.2037037037037037,0.14965985929751505,0.007194244604316547,0.010526315789473684,0.008547003723795545,0.11827956989247312,0.2037037037037037,0.14965985929751505
"objective . a study to determine the efficacy of chloroethane spray compared to normal saline in the treatment of spastic torticollis in children and adolescents . hypothesis . 
 chloroethane spray is more superior to normal saline for the treatment of spastic torticollis in children and adolescents in the pediatric emergency room . 
 design . 
 prospective randomized study . setting . 
 urban inner - city hospital pediatric emergency department . 
 methods and results . all children and adolescents ( between the ages of 1 and 16 years ) presenting to the author with the complaint of stiff neck were enrolled in the study . 
 a total of 132 patients were enrolled . 
 after complete evaluation to rule out cervical spine injury , a central neurological cause , patients were enrolled in the study . 
 sixty - six patients were treated with chloroethane spray to the neck and the other 66 were given normal saline as placebo . 
 sixty - three out of 66 patients treated with chloroethane spray achieved relief in 5 minutes as demonstrated by painless and free movement of the head and neck . 
 no adverse effects were observed . 
 the patients treated with placebo have no relief in 5 minutes . to test the null hypothesis that the percentages improved in the 2 groups equally , we calculated the z statistic . 
 the z statistic of 24 corresponded to a p value of < .0001 , whether the test is 1-sided or 2-sided . 
 chloroethane spray treatment was superior to placebo with a high statistical significance . conclusion . 
 for children and adolescents with spastic torticollis chloroethane spray was more superior to normal saline in the pediatric emergency room .","the magnetic moments , using itsstrophysicalstrophysical structures ; the firstpage . for the . the mass . these features to @xmath3 , we present the existence of the stellar stellar medium .",0.04918032786885246,0.2857142857142857,0.08391608141033799,0.014492753623188406,0.1111111111111111,0.025641023599605687,0.04918032786885246,0.2857142857142857,0.08391608141033799
"elevated serum uric acid levels are associated with a variety of adverse health outcomes , including gout , hypertension , diabetes mellitus , metabolic syndrome , and cardiovascular diseases . 
 several genome - wide association studies on uric acid levels have implicated the atp - binding cassette , subfamily g , member 2 ( abcg2 ) gene as being possibly causal . 
 we investigated an association between the single - nucleotide polymorphism ( snp ) rs2725220 in the abcg2 gene and uric acid levels in the korean population . 
 a total of 991 subjects in seoul city were used for a replication study with abcg2 snp rs2725220 . 
 the rs2725220 snp in the abcg2 gene was associated with mean uric acid levels ( effect per allele 0.25 mg / dl , p < 0.0001 ) . 
 subjects with the gc / cc genotype had a 1.78-fold ( range , 1.22- to 2.62-fold ) higher risk of having abnormal uric acid levels ( 7.0 mg / dl ) than subjects with the gg genotype . when analyzed by gender , the association with abcg2 was stronger in men than in women . 
 the association with abcg2 was much stronger in male subjects with body mass index ( bmi )  26.4 ( odds ratio , 5.09 ; 95% confidence interval , 2.41 to 10.8 ) than in male subjects with bmi < 26.4 . 
 this study clearly demonstrates that genetic variations in abcg2 influence uric acid levels in korean adults .","we will be compared - to the . when @xmath33 @xmath0 k k k @xmath2 / , ) @xmath01@xmath3 . the optical . the total magnetic and @xmath2 and @xmath0 ) @xmath4 in the the sample at @xmath1 of the first - ray , in ) , there is still have two - to the x - . the . our present , and @xmath2 tt@xmath1@xmath1@xmath11@xmath0@xcite . this ) shows that the the most most most more than @xmath1@xmath1 , the high stars , for a a large large large @xmath0@xmath0@xmath1@xmath0@xmath1 , a firstpage , the observed in the . that the observed to a. the other than the firstpage ) [ j. the large large lines that in a high @xmath3 , i. our source , we found to the other parameters @xmath0@xmath5 , @xmath35 @xmath11 ) . we propose for the , and @xmath1@xmath9 ) . these and @xcite ) and @xmath3 cm , and the evolution evolution ( . we investigate astrophysical fields which is the main , the two type energy by a significant new predictions and the . for the source at small - photometry can be achieved from the @xmath21 @xmath10 . in this phenomenon of the . in detail in in - orbit . the most of the galactic galactic galactic galactic density of the . we will measure the formation from the data , , respectively ? * . as the light of all high @xcite ( @xmath13 is the formation of of the galaxy : , in addition . it is @xcite . this result may be observed and m. if @xmath4 , ( [ 3@xmath7 for @xcite , we have more than the sample sample of our results for some new measurements of the optical system to perform an important to find that . our calculation . the high energy @",0.16176470588235295,0.17886178861788618,0.16988416489676675,0.018518518518518517,0.015873015873015872,0.017094012123604334,0.1323529411764706,0.14634146341463414,0.1389961340087359
"summarythe aim of this work was to describe the clinical aspects of eye malformations observed at the ophthalmology unit of the yaound gynaecology , obstetrics and pediatrics hospital.patients and methodswe carried out a retrospective study of all malformations of the eye and its adnexae observed among children aged 05 years who were seen at the ophthalmology unit from january 2003 to december 2009.resultsout of the 2254 children who were examined , 150 ( 6.65% ) presented eye malformations . 
 the mean age was 14.40  4 months . 
 eye malformations were diagnosed in 71.66% of cases during the first year of life . 
 the most frequent malformations were congenital lacrimal duct obstruction ( 66.66% ) , congenital cataract ( 10.9% ) , congenital glaucoma ( 10.9% ) , microphthalmos ( 5.03% ) , and congenital ptosis ( 3.77%).conclusioneye malformations among children can lead to visual impairment and are a cause for discomfort to children and parents . 
 therefore , systematic postnatal screening is recommended to enable early management .","the existence of the system at the low magnetic dimensions . our our results to be be be observed in the sample and the center . . this work we are presented in our studies of the , and non - resolution , and @xmath1 was presented ) . when the firstpage , @xmath9 we find that are calculated between the local local properties of the first order of these observations . we study the disk in the two physics . this paper we find the detection - , the source of agn . this suggests that the optical results show that a high - range of the ; and @xmath31 , and the most , @xmath0 of anisotropy , and all the . . in the optical features are ) with these studies of the other results provide an an additional approach ) . these these data @xcite the , this paper , we give a significant significant calculations of a significant . the cluster . this paper is is : @xmath5 has been measured at ref .e. [math1 . the large - photon emission of the observed within the . however . the presence of a large scale is the evolution of ; is a data that the mass of the other hand . these data . the .s , the inner systems and one - scale scale of the @xmath2 . ( @xcite and @xmath3=.e. we introduce a good agreement with a strong time of t. : @xmath0-0-da . , which there is larger than the observed by the mass of a strong analysis is the inner data is a , . [ , we have been suggested , and photometric objects of the large temperature is observed in the standard model which are found to - loop distribution of the star sources . the effect of the case _ m. therefore . in our study of the results are derived . lets and of the detection distribution , i. we show that the two particles , we have more than the sample of the disk t ) , the surface distribution which requires a ps of the analysis , ( b. we construct the same parameters are related to be applied for these results . in the disk . in an anisotropyy is",0.21495327102803738,0.15333333333333332,0.17898832198822096,0.05128205128205128,0.026402640264026403,0.03485838331240179,0.19626168224299065,0.14,0.16342411965359066
"objectives discussion of a rare case of angioleiomyoma involving the geniculate ganglion and the intratemporal facial nerve segment and its surgical treatment.design case report.setting presence of an expansive lesion englobing the geniculate ganglion without any lesion to the cerebellopontine angle.participants a 45-year - old man with a grade iii facial paralysis according to the house - brackmann scale of evaluation.main outcomes measure surgical pathology , radiologic appearance , histological features , and postoperative facial function.results removal of the entire lesion was achieved , preserving the anatomic integrity of the nerve ; no nerve graft was necessary . 
 postoperative histology and immunohistochemical studies revealed features indicative of solid vascular leiomyoma.conclusion angioleiomyoma should be considered in the differential diagnosis of geniculate ganglion lesions . 
 optimal postoperative facial function is possible only by preserving the anatomical and functional integrity of the facial nerve .","a based on recent simulation at the galaxy galaxy stars and the . we perform a a . one of the x - of galaxies in the galactic galactic galactic emission obtained from two regions with a , we can the . the system is a single x x - dimensional , the same of mass and to the . as a disk s are used to @xcite , the other than the , @xmath66 , such as of @xmath0 , an application in our result in the same results of a ] ( r. the model , where @xcite , in which it not a ) with the star formation in the observed in them . from various high order calculations , and the high - - of these data that the high - red section ii ii . we have been very present a sample t. to the local local local redshift .",0.13043478260869565,0.14814814814814814,0.13872831871963665,0.05303030303030303,0.05223880597014925,0.05263157394765156,0.11956521739130435,0.13580246913580246,0.12716762507801815
"abstractthe aim of this study was to compare the long - term safety and efficacy of laparoscopic surgery and laparotomy for high - risk endometrial cancer ( ec).a retrospective analysis based on our decade of clinical data of patients with high - risk ec who were comprehensively surgically staged by laparotomy or laparoscopy was performed . 
 the surgical outcomes were compared between different approaches using propensity score matching ( psm).eighty - one pairs of patients from the initial 220 enrolled ones were matched by psm . 
 the mean operative time is similar between laparotomy and laparoscopy groups ( 258  minutes vs. 253  minutes ) . 
 the laparoscopy cohort has less blood loss ( 107  ml vs.414  ml , p  <  0.01 ) , shorter hospital stay ( 14.7 days vs. 17.7 days , p  =  0.02 ) and significant fewer intraoperative complications ( 6.2% vs. 25.9% , p  <  0.01 ) . 
 the pelvic lymph nodes dissected by laparoscopy ( 16.4 ) were significant less than that dissected by laparotomy ( 21.9 ) . 
 the 5- and 10-year survival rate for laparotomy were 89.2% and 75.8% compared with 85.3% and 85.3% for the laparoscopy . 
 there was no significant difference in overall survival ( p  =  0.97).laparoscopy is as effective as laparotomy in the long term and can be safely carried out in patients with high - risk ec for surgery treatment .","the standard measurements at s and a more than the same same properties of the model in the mass rate of superconductors of large star formation of a . we find a low - particle , we show that the observed for the presence of the large stars , for the analysis . [ lsons with a a very large large ghz to a firstpage .",0.09929078014184398,0.35,0.1546961291535668,0.0091324200913242,0.03333333333333333,0.014336914186611963,0.09219858156028368,0.325,0.14364640539666074
"transportation planning and public health have important historical roots . to address common challenges , including road traffic fatalities , integration of theories and methods from both disciplines is required . 
 this paper presents an overview of geoffrey rose 's strategy of preventive medicine applied to road traffic fatalities . 
 one of the basic principles of rose 's strategy is that a large number of people exposed to a small risk can generate more cases than a small number exposed to a high risk . 
 thus , interventions should address the large number of people exposed to the fundamental causes of diseases . 
 exposure to moving vehicles could be considered a fundamental cause of road traffic deaths and injuries . 
 a global reduction in the amount of kilometers driven would result in a reduction of the likelihood of collisions for all road users . 
 public health and transportation research must critically appraise their practice and engage in informed dialogue with the objective of improving mobility and productivity while simultaneously reducing the public health burden of road deaths and injuries .","in the star regions of the mass and the stellar stellar matter in the solar solar structure of the number of the . the cluster t. this phenomenon of an effective effective effective . our context of the same models . the two two light and gaussian of a function using a a . we give two information information the large disk ( iwarwarwarwarc , d. in the @xmath0 is discussed , we calculate our calculations . the presence of the source , the galactic galactic analysis , . in the detection of this study the most sample in each , , we show that the disk function of the surface ( 2. this paper in the system which we perform two systems . the data have been applied to a wide field between both both clusters , or in an alternative properties of the star star can be considered , our observations where the low - ray stars in the most photometricmetric stellar results in this paper . we propose a , we show that the standard model at the number of astrophysical sources of the model is a small , we prove in order results at various stellar results on the . the most most most radio spectrum , but be calculated in general general ] . this paper is the same results for this paper .",0.21359223300970873,0.21568627450980393,0.2146341413415825,0.05921052631578947,0.04838709677419355,0.05325443292041641,0.18446601941747573,0.18627450980392157,0.18536584865865569
"objectives : data mining algorithms have been developed for the quantitative detection of drug - associated adverse events ( signals ) from a large database on spontaneously reported adverse events . in the present study , the commonality of signals detected by 4 commonly used data mining algorithms was examined.methods : a total of 2,231,029 reports were retrieved from the public release of the us food and drug administration adverse event reporting system database between 2004 and 2009 . 
 the deletion of duplicated submissions and revision of arbitrary drug names resulted in a reduction in the number of reports to 1,644,220 . 
 associations with adverse events were analyzed for 16 unrelated drugs , using the proportional reporting ratio ( prr ) , reporting odds ratio ( ror ) , information component ( ic ) , and empirical bayes geometric mean ( ebgm).results : all ebgm - based signals were included in the prr - based signals as well as ic- or ror - based ones , and prr- and ic - based signals were included in ror - based ones . 
 the prr scores of prr - based signals were significantly larger for 15 of 16 drugs when adverse events were also detected as signals by the ebgm method , as were the ic scores of ic - based signals for all drugs ; however , no such effect was observed in the ror scores of ror - based signals.conclusions : the ebgm method was the most conservative among the 4 methods examined , which suggested its better suitability for pharmacoepidemiological studies . 
 further examinations should be performed on the reproducibility of clinical observations , especially for ebgm - based signals .","in in in the stellar field ( @xmath0 is the main main main than a few at the high - up to the sample of the low state and @xmath2 , we expect the data to a two - cluster . with the number of the . , which this work and the galactic galactic . we will be identified , in the radiative . this result of the existence of the galaxy stars . the standard model using the solar velocity of the star ( the cluster , this effect around the results . these data of the star mhz . this way and its two orders for @xmath3 , and a large large field in the system . the model , we find that _ in a a large . the model with this paper in the sample in particular , with this paper we conclude be described by the same results are observed in different structure , i. the firstpage . the surface of the high - orbit measurements . the source - ray emission of the time and . the second gas , such such than large mass of their low gas and @xmath0 of the detection . the results , and the stellar stellar model , the best best present present two - based on @xmath5 , for a high high - dependent parameters , as the stellar mass with their star on @xmath5 of the evolution that of a , d. however . firstpage . we describe the stellar stellar stellar stellar spectrum . this work is a data have the presence of the model the . the first first state of . the same sample for an data , we will observe it can be be presented for particular a large - based the evolution of an application , the central star stars , the most new measurements of a , we show that that that the , which is @xmath2 as the ) @xcite . the gc , the inner , we have studied the , this process are a massive massive massive massive massive emission in this talk are more than a ) , is still be the low mass of the model . , @xmath4 . one - rays , where a high - like the other other than for large , and the second ngc , , or the magnetic field on the universe@xmath0 in the",0.2556390977443609,0.2537313432835821,0.2546816429401451,0.07203389830508475,0.054838709677419356,0.062271057362906106,0.22556390977443608,0.22388059701492538,0.22471909612366578
"backgroundonce metastasized , despite a variety of therapeutic options , the prognosis of patients with malignant melanoma ( mm ) is still poor . 
 therefore , the search for reliable markers to identify patients with high risk of disease progression is of high clinical importance . we have recently shown that tt genotypes of the single - nucleotide polymorphism ( snp ) t393c in the gene gnas1 are significantly associated with better outcome in a variety of carcinomas.patientsin the present study we assessed whether the t393c snp is also related to the clinical course in mm . 
 328 patients with mm were retrospectively genotyped and genotypes were correlated with clinical outcome.resultswhile the allele frequency in the mm group ( fc 0.52 ) did not significantly differ from that of healthy blood donors , the t393c snp was associated with tumor progression of mm . 
 carriers of the c - allele showed a significantly more severe tumor progression as estimated from the time period to develop metastasis ( hr 2.2 , 95% ci 1.1 - 3.2 , p = 0.017 ) . 
 proportions of 5-year metastasis - free intervals were 87.1% for tt genotypes and 
 66.0% for c - allele carriers . 
 moreover , multivariable cox regression analysis including tumor stage and melanoma subtype proved the t393c polymorphism to be an independent factor for metastasis ( p = 0.012).conclusionsin summary , the gnas1 t393c snp represents a genetic host factor for predicting tumor progression also in patients with mm ; genotyping of this snp may contribute to better define patients who could benefit from an early individualized therapy .","a linear field of the galactic function in the presence of @xmath1 from the mass . using the center of the . in the number of the second medium , which is expected of the radio . , is the other than the other than the formation , which @xmath1 and high - ray spectrum is a inner data in the stellar , and @xcite , in each of two different time stars - type - , which the sample for the main mhz , which should be applied to test and a data on a. while is used for the local local redv in this technique , which would be shown in terms . this suggests that , and an exact role that ] is a significant , we determine the ] ] . to determine the mass is the @xmath0 is a standard work we will obtain a function of high - ray luminosity ) and it has investigated in addition . at at @xmath11 .s ( @xmath0 , which can be be performed . in fig , and @xmath4 , ms as well - up to measure the , @xmath02 , , these regions ( fig , it it is the mass and can be , but but is the two agreement with a low energy of our studies and two two two two than @xmath16 are expected to the . a significant problem of the low temperatures ) , of this paper , with a observed of the central sources and @xcite and in this implies that . the data are obtained from the source , the presence of the stellar stellar field . for @xcite , a sample ] , and the high - of the formation of @xmath0 in in the low temperature of magnitude @xmath4 of the large energy . the data , the two values of the main sources of . @xmath8 and a . the formation that the , and the data from the h. since other other than those by the cluster the time of the low - of the number of the main role in this analysis of the data can be consistent to the local local properties of an analysis and @xmath6 in terms in fig. , it is consistent with the photometric . since this work , we describe the standard way and the main way of",0.17123287671232876,0.19230769230769232,0.1811594153066584,0.0326530612244898,0.026755852842809364,0.029411759755150597,0.1643835616438356,0.18461538461538463,0.1739130384950642
