abstract,generated,rouge1-r,rouge1-p,rouge1-f,rouge2-r,rouge2-p,rouge2-f,rougel-r,rougel-p,rougel-f
"vera , the vienna environmental research accelerator , is especially equipped for the measurement of actinides , and performs a growing number of measurements on environmental samples . 
 while ams is not the optimum method for each particular plutonium isotope , the possibility to measure 239pu , 240pu , 241pu , 242pu and 244pu on the same ams sputter target is a great simplification . 
 we have obtained a first result on the global fallout value of 244pu/239pu  =  ( 5.7 
 1.0 )    105 based on soil samples from salzburg prefecture , austria . 
 furthermore , we suggest using the 242pu/240pu ratio as an estimate of the initial 241pu/239pu ratio , which allows dating of the time of irradiation based solely on pu isotopes . we have checked the validity of this estimate using literature data , simulations , and environmental samples from soil from the salzburg prefecture ( austria ) , from the shut down garigliano nuclear power plant ( sessa aurunca , italy ) and from the irish sea near the sellafield nuclear facility . 
 the maximum deviation of the estimated dates from the expected ages is 6  years , while relative dating of material from the same source seems to be possible with a precision of less than 2  years . 
 additional information carried by the minor plutonium isotopes may allow further improvements of the precision of the method .","Since the EU in this agreement the District's December 2010, the extent to a national and (3) the United States States. 110rererenns to the U. The House and its cost of the number of a result in a lower than three three three months in which it should establish a ""PlumPlumt. States.S. Some is a brief purpose of the second second time, although some instances of the end of the federal government. Since 2017. This amount will consider that could could be updated. This report, and in each each average growth in the United States, the lack of the number of the nation's ongoing work. Most Members of the past 10 million in September 30, 2007. The ""inin that the second second second second quarter, many sources. Under the number of , in the number of the number of the United States, including new new growth.",0.10526315789473684,0.17073170731707318,0.1302325534208763,0.014354066985645933,0.024793388429752067,0.018181813537374924,0.09022556390977443,0.14634146341463414,0.11162790225808565
"background : we recently indicated that patient age on its own is not a determinant of quality of allied health care received after an acute stroke . 
 it has not been tested whether other non - age variables influence care decisions made by allied health professionals . 
 this paper explores demographic and stroke - related variables that are putatively associated with the quality of care provided to acute stroke patients by allied health professionals.methods:data were retrospectively audited from 300 acute stroke patient records regarding allied health care . 
 compliance with each of 20 indicators of allied health care quality was established . 
 the influence of various demographic and stroke - related variables on each performance indicator was examined . 
 we undertook a series of analyses using univariate logistic regression models to establish the influence of these variables on care quality.results:patient age had a significant correlation with only one process indicator ( early mobilization ) . 
 seven variables , including stroke severity and level of dependence , were associated with patient age . the majority of these age proxies had significant associations with process indicator compliance . 
 correlations between non - age variables , in particular stroke severity and comorbidity , suggest the potential for complex confounding relationships between non - age variables and quality of allied health care.conclusion:compliance with individual indicators of allied health care was significantly associated with variables other than patient age , and included stroke severity , previous independence , comorbidities , day of admission , stroke unit admission , and length of stay . 
 the inter - relationships between these non - age variables suggest that their influence on quality of care is complex .","In January 2007, a congressional request, especially how the use, it that Congress that it did not be able to the same estimates that was being released a series of the health care management needs—as been made to the Department of Health and Human Services (b) provided high-related training and (3) this time on the Health (A) to determine whether health care systems on the use of the risk-scale services are also is the Navy that are no state servicemembers. To provide care, and the agency agency. A broad review to a number of the Department of the Bureau of the program to be used in a result, Congress can be subject to reduce health care. The results of the past, and whether the quality requirements for all medical centers (DOD) for for care, the Department has provided technical comments on the cost for the project for health; the program will have a variety of veterans; (3) health care, and to reduce the total of these areas, as using the department's prior to assess-related care system for determining determining care and other health care, and performance measures and a result in providing care for health care benefits, or it has identified as the contractor and (2) the Office of services are concerned that are needed to identify certain options for more than $1 $1 billion for a strategy. The Centers for the health care and for benefits; and the total federal, a cost of health care plan, and has been updated to review for care by the services. Further, for the program. The Administration (in care. In April 2010, which are a new services, such as a single-level care, and a greater than one year.",0.2440944881889764,0.2152777777777778,0.22878228284255403,0.03225806451612903,0.027777777777777776,0.029850741296503388,0.2047244094488189,0.18055555555555555,0.19188191383886397
"chromosomal heteromorphisms are described as interindividual variation of chromosomes without phenotypic consequence . 
 chromosomal polymorphisms detected include most regions of heterochromatin of chromosomes 1 , 9 , 16 and y and the short arms of all acrocentric chromosomes . here 
 , we report a girl with down - syndrome such as facies and tremendously enlarged short arm of a chromosome 22 . 
 fluorescence in situ hybridization ( fish ) with a probe specific for all acrocentric short arms revealed that the enlargement p arms of the chromosome 22 in question contained exclusively heterochromatic material derived from an acrocentric short arm . 
 parental studies identified a maternal origin of this heteromorphism . 
 cryptic trisomy 21 of the down - syndrome critical region was excluded by a corresponding fish - probe . here 
 , we report , to the best of our knowledge , largest ever seen chromosome 22 short arm , being ~1.5 larger than the normal long arm .","The U. Many of the National Aeronautics was asked to address the midst that that they have enacted the largest largest, including the United States is a single range of the United States. In the first first report, including a new number of the United States. For example, however, to its ability to protect the United States, but the military goals for 1, the first first first recommendation. These plan for the U. After some or or state, the future future. The Court of the military military safety, or state and (2) whether the potential for many in the current status, there is responsible for a clear, Congress also limit. The United States is now to protect more than half of the U. The 111-that have an overview of U. Some of how to the country are generally considered it is to all of the United States also use and local standards are too part in the final report, but it takes an overview of these issues facing the National Health Care program's ongoing to which is likely would also will enable or any role. The federal support at the U. While the Federal Emergency Reserve Act of the Federal Aviation Administration (i. Under a whole. The report.R. By the time, if the use of the number of the United States). The Department of U. While these challenges, the potential for [author name will be be done by the United States is needed to their size of how the number of the future than $1 $1 $1 billion—which are not have a variety of its current U. Further, or foreign forces. For example, see CRS Report RS RS2s. If the military personnel of the military insurance and Senate. This to be a single, see CRS Report Report Report RSt. The final final case management of the overall cost of certain business practices of the United States is limited on a result as subject to the national infrastructure for the end of U. However, or a result of the House House House, although two largest concern for an effective controls. The Bureau of a provision that have a series of the same period. These challenges in the country in the most the national system, there will continue to ensure by federal operations. For example, and the United States. The Secretary of oil that these issues that a significant role of the highest-based control are a more than the end of the number of a different types of its own own in certain role in developing the United States, which will also created the current level of the Court",0.18556701030927836,0.09183673469387756,0.12286688976878025,0.0364963503649635,0.014164305949008499,0.020408159236902087,0.17525773195876287,0.08673469387755102,0.11604095120222734
"abstractrna interference ( rnai ) by oral delivery of dsrna in insects has great potential as a tool for integrated pest management ( ipm ) , especially with respect to addressing the need to reduce off - target effect and slow down resistance development to chemical insecticides . employing the natural association existing between insect and yeast 
 , we developed a novel method to enable the knock down of vital genes in the pest insect drosophila suzukii through oral delivery of species - specific dsrna using genetically modified saccharomyces cerevisae . 
 d. suzukii that were fed with our  yeast biopesticide  showed a significant decrease in fitness . in this perspective article 
 , we postulate that this approach could be adapted to a large number of species , given the great diversity of symbiotic interactions involving microorganisms and host species . 
 furthermore , we speculate that beyond its application as biopesticide , dsrna delivery by genetically modified microbes can also serve to facilitate reverse genetic applications , specifically in non - model organisms .","The Act, and any of these ways to ensure that all food safety and the United States of the United States also a majority of the Federal Water Management and political infrastructure and other actions. The current security of the public.S has been made an overview of the extent to address non-thethe potential potential potential potential impacts as a total of the law may also the private sector to provide sufficient to use for these areas. Recent efforts. The program-rererere1 million between the future number for determining U. However, the cost estimates of the United States. The bill (T. Some of the past 3, which have been subject to establish a systematic impact on the United States has become an additional additional benefits of those, including this legislation on the right to the Department of a result result, including a result, if the most most likely in their health. Although a significant significant number of the impact in the current current status in the United States.L. Thus, and the final rule for the number of the extent to the public health care and the potential potential potential potential potential impact of the first step since 2016, the Department of the Court ruled that the United States has taken the program is working with a result of this number of the state management of congressionally, some of their own own own development of the Separately, as a new mission of a comprehensive cost savings associated with respect to make them by the first first-related oversight of the House and some of the federal lands, it would increase over the same, but can affect the two years before the time related to the cost for the most to the long in these factors that can have been been been raised progress in the United States. The House House passed some instances such as well as well as the amount of the number of the past 11 years have increased the United States, some some of the final rule that ""shalls of a result, and economic and some provisions. This report examines the future. In addition to provide the House and the current purpose of a number of the number of the average period of the basis, is a joint impact of the private entities. This bill and other sources in February 2009. On 2003, the need to address this, as an important steps to the new information the same time and (2) a national information on these steps have been considered the future resources in the number of various role in a result, the extent to the country. Most of a low. The Federal Reserve Committee; there are able to",0.20535714285714285,0.11734693877551021,0.14935064472255033,0.049689440993788817,0.02318840579710145,0.03162054902084142,0.17857142857142858,0.10204081632653061,0.12987012524203084
"cryoglobulinaemic mononeuritis multiplex ( mnm ) is an extrahepatic manifestation of chronic hepatitis c virus ( hcv ) infection for which interferon - based antiviral therapy is currently the treatment of choice . 
 rarely mnm can be associated with hcv treatment though generally in the setting of pre - existing cryoglobulinaemia and detectable hcv viraemia . 
 we report an unusual case of de novo mnm occurring late during the course of pegylated interferon and ribavirin therapy for chronic hcv infection , following a prolonged period of viral suppression . 
 the patient had no evidence of cryoglobulinaemia prior to hcv treatment and undetectable hcv rna levels at the time of presentation with mnm . 
 the case raises the possibility that mnm could develop as an adverse immunomodulatory effect of pegylated interferon therapy .","On December 26, 2014, 2014, 2014, the potential to the world on the most most of the country. In addition, especially in part of Homeland Security Administration and the U. To prevent the Secretary of the United States. During the President President Obama Commission to implement a more than an average of Representatives on the international relief on how the new new new product (R. This report provides more than a single number of Columbia, the United States v. The Department of the United States, and foreign aid would have been been updated as the use of some in the United States, such as well as high level of the most significant number of natural gas in response to promote more than the number of the United States, the number of the region. The House and the country. This report provides a ""shallA.L. These the time. Some Congress and Mexico, and political changes to determine if some of the Court would be used to the current market that might might be limited to maintain the future or market. In addition, and the  . The Court or her her her economic condition of the Secretary of the U. At the same time; if a particular, including a discussion of an opportunity to be updated as the Secretary of all trade provisions of the time frames frames also ""unununununununununununununununununauthorized two term, including whether the United States, including the United States.",0.14457831325301204,0.10434782608695652,0.12121211634272032,0.016260162601626018,0.010471204188481676,0.012738848737678768,0.14457831325301204,0.10434782608695652,0.12121211634272032
"objective . to review the extant literature on the prevalence of overweight and obesity in adolescents ( 1019 years old ) of both sexes 
 . 
 design . 
 the search was carried out using medline and scopus considering articles published from the establishment of the databanks until june 7 , 2012 . 
 data on the prevalence of children being overweight and obese from the international obesity task force ( iotf ) website was also reviewed . only original articles and 
 one national health report were considered . 
 forty studies met the inclusion criteria . 
 results . 
 twenty - five of these studies were nationally representative , and ten countries were represented only by regional data . conclusions . 
 the prevalence of overweight and obesity among adolescents worldwide is high , and obesity is higher among boys . 
 the iotf criterion is the most frequently used method to classify adolescents as overweighed or obese in public health research .","While the U. To also meet the past work on FY2014, in some Congress issued a timely manner is is a significant significant and the Senate. The same effect on the Federal Administration issued a result, the President's Office of the private sector could be applied to address the number of the United States.R. This report on a draft of Justice Authorization Act has continued to the federal support of the government and to support for this report examines (1) some countries or a single basis on non-reburs, and (2) the private sector and the most federal federal government's ongoing funding in an congressional action to the most key challenges, but also known as a result in the agency in part of the same time, the government's recent years. Several issues.R. In fact, the governmentwide new requirements can be updated as it.S. If Congress has made by the program, most recommendations in its own to the United States. A provision were not consistently provide a new changes that are not be used to which also been done. It is taking by the responsibilities. Most programs. In contrast, in the United States.L. The 112th Congress (including the two years, in the new security assistance (e. It will be considered legislation that the two government-for example, Congress and the Senate Committee, the agency that may not not fully fully implemented by H.R. This report will be eligible for the Senate, and (3) the future, or an increase the use. Of the Court.L. Such a single single and it had not have been completed in general, but but a number of an additional additional additional and public health, however, most recent years, however, including those of one of their own changes in a comprehensive, including an assessment for the extent to receive new new policy for one year (i. Since the first year 2004 from all U. In fact that he also also discusses how how it will be made progress in their respective countries. In addition, and local local governments to the Federal Aviation Administration and an estimated an effort to the end of the government-related information, a more than a comprehensive-based approach was raised by the report to help some countries in other courts have been delayed, the basis of the impact on the role of the federal, including the state and the current current law enforcement problems to the United States on the federal government to the U. While they have been been been a government for a process. The National",0.23404255319148937,0.10784313725490197,0.14765100239268514,0.022727272727272728,0.007957559681697613,0.011787815411860863,0.2127659574468085,0.09803921568627451,0.13422818360073882
"intramuscular teicoplanin ( 400  mg every 12  h for three doses , then 400  mg daily , intramuscularly ) was prescribed for a 37-year - old woman with presumptive diagnosis of cellulitis . on the 14th day of treatment , she developed generalized maculopapular rash , accompanied by fever , wheezing , shortening of breath , and lymphadenopathy . 
 lab tests revealed abnormal liver enzymes , leukocytosis , and eosinophilia . 
 the treatment was interrupted with suspicion of drug reaction . 
 fever subsided after 48  h. skin eruption and respiratory symptoms began to resolve within 2  weeks . 
 the follow - up lab tests performed 1  month later indicated resolution of liver dysfunction . 
 with respect to delayed onset of symptoms including fever , generalized rash , lymphadenopathy , and organ involvement , drug reaction with eosinophilia and systemic symptoms ( dress ) was highly suspected . 
 the causality was evaluated by conventional scoring systems . 
 the reaction was rated as probable ( score  =  5 ) according to regiscar and possible ( score  =  5 ) based on kardaun et al.s scoring system . 
 however , dress was not confirmed by the japanese group s criteria for diagnosis of dress / drug - induced hypersensitivity syndrome ( dihs ) .","Congress created the United States, which the World Trade Organization (e, see see see see see see see see see see see a result, the same, but not have been adopted, including the Department of UAS, including the United States), however. Most Congress. The act on one of the National Assistance Assistance (including the law within the two-use, and political role in the ""taxtax. The 111th Congress. These in the ""other-state health assistance, and S. One reason for their respective respective respective respective and Drug Council."" This report also provides a broad array of Agriculture, and Senate, the number of the U. The final report focuses on the extent of this period of an overview of the potential to a brief proposal. In March 2013 (S. The Court is to the Court Court has been increased. As a clear as amended, as the majority of the same information are introduced introduced and the unconstitutional between the constitutional, especially in the current law—but",0.09917355371900827,0.12121212121212122,0.10909090414090931,0.005319148936170213,0.006944444444444444,0.006024091473367338,0.09090909090909091,0.1111111111111111,0.09999999505000023
"background : storage of serum and other blood products is often necessary in laboratories because of technical issues or to preserve samples for subsequent research purposes . 
 the aim of this study was to determine whether the stability of biochemical analytes is affected by storage conditions.materials and methods : a total of 17 biochemical analytes in the sera of ten patients were examined following storage . 
 subsequent to determining the baseline measurements , the serum of each patient was aliquoted and stored at 20c for 7 , 15 , and 30 days and then analyzed for stability . 
 the results were compared with the initial analysis measurements obtained from fresh samples . 
 mean changes compared to baseline ( t0 ) concentrations were evaluated both statistically and clinically.results:our results show that sodium , potassium , urea , creatinine , uric acid , total calcium , phosphorus , direct bilirubin , total bilirubin , aspartate aminotransferase , alanine aminotransferase , alkaline phosphatase , total protein , albumin , cholesterol , and triglyceride levels were stable under all conditions . 
 serum amylase was the only analyte demonstrating instability following prolonged storage ; amylase levels changed significantly ( both statistically and clinically ) at 7 , 15 , and 30 days ( p < 0.05).conclusion : most common biochemical analytes , except for amylase , showed adequate stability in serum following 30 days of storage at 20c . 
 serum amylase analysis should be conducted on the same day that the sample is received in the laboratory .","The act authorized in the National Business Administration (aa) was considered. The National Defense (FFF) was created more than one-rerererere&E) to receive a broader broader goals, if the time"""" the federal facilities as the United States (DOT) is the United States in the Senate and natural gas emissions through 2005, to be a small businesses, the next recommendations of non-based quality. Under the public. These federal and other stakeholders to the current, including how to promote some decades.R. These issues relating to an overview of the government had been referred to the extent to be raised, in the United States were concerned that could be used by the most common common, or the majority of non-called economic economic structure. The same-related activities. For this period of the United Nations (S. To do so into all. Finally, or in the ""renn-related action without the United States. The Department of the potential role in all market. Both policy regarding the federal government needs by the number of time over $1 billion in an average, although the United States. The Coast Guard has expressed concern, including a range. These available for example, a single, a low-year review of foreign foreign health officials from this report will have been available in the Secretary of the President on its own and, including how to support of the federal land for the extent for U. It was signed into the highest performance than in addition to the amount, for how to be eligible for an estimated by the final authority, a number of the time and the U. As a more than the private sources. Both the amount of federal government agencies in October 2012. 2012. They have increased the use of drug activities for international community. In the most recent questions about the Departments, respectively, or other things. In addition, and Urban Development's decision when when the need for its analysis to be used to ensure that could provide an increase.",0.1678832116788321,0.1270718232044199,0.1446540831460387,0.013100436681222707,0.010416666666666666,0.01160541092585389,0.145985401459854,0.11049723756906077,0.12578615861773682
"this study aimed to compare the apical sealing of root - end fillings performed with lysanda ( zinc oxide - eugenol paste ) with radiopacifiers ( iodoform or zinc oxide ) and calcium hydroxide . 
 root - end cavities were prepared and filled with different materials , as follows : group i  lysanda paste with iodoform ; group ii 
 lysanda paste with iodoform and calcium hydroxide ; group iii 
 lysanda paste with iodoform and zinc oxide ; group iv  lysanda paste with zinc oxide ; group v 
 mineral trioxide aggregate ( mta ) . after filling , 
 the teeth were immersed in 2% methylene blue for analysis of marginal leakage . 
 it was observed that marginal leakage occurred in all groups . 
 lysanda paste with iodoform showed the lowest leakage , with no statistically significant difference compared to the other groups . 
 all materials can be considered as good options for root - end filling .","As a congressional request, including including the nation's ability of the extent to the two year, by the ""ununununununununununOpponentsOpponents of federal court. Because the United States and how the global policy concerns, and (3) the constitutional changes. However, and its ability to determine whether the number of trade markets that the U. The Coast Guard, as amended in the United States, and local, if other things, which would not increase a brief overview of the number of the use of March 1, 2005 2005 and the Obama Administration's, some trade agreements. In June 19, 2001 2001, or the Senate (USDA) passed four U. However, the National Defense Authorization Act (N. 2 years. While the public. Under the country. A2016 enforcement enforcement programs of the use of each each rule. Since the world that it also to a variety of other political and the right"" of the future. This report: U. This report presents questions. Most of the U.L. The United States. In addition, Congress in November 2003, a vote of one or by P. The Secretary has not have been been available by the first first 2013 on the U.L. In 2005, the end. However, by the same time (with three three hand, the country and other things than 30th Congress, and the future. However, or the extent to address this area, the defendant, there has received some Members of a significant issue in order by the current current constitutional goals in the new development of the highest rules that is a new rules, see Congress have been made numerous efforts to maintain a final rule-thirds of Defense Authorization Act's first step in this report discusses that ""to-state ""enen) program authority.",0.16049382716049382,0.08074534161490683,0.10743801207533658,0.008130081300813009,0.003937007874015748,0.005305035391514173,0.12345679012345678,0.062111801242236024,0.08264462364558456
"backgroundglobally , head injury is a substantial cause of mortality and morbidity . 
 a disproportionately greater burden is borne by low- and middle - income countries . 
 the incidence and characteristics of fatal and hospitalised head injuries in fiji are unknown.methodsusing prospective data from the fiji injury surveillance in hospital system , the epidemiology of fatal and hospitalised head injuries was investigated ( 20042005).resultsin total , 226 hospital admissions and 50 fatalities ( 66% died prior to admission ) with a principal diagnosis of head injury were identified ( crude annual rates of 34.7 and 7.7/100,000 , respectively ) . 
 males were more likely to die and be hospitalised as a result of head injury than females . 
 the highest fatality rate was among those in the 3044-year age group . 
 road traffic crashes were the leading causes of injuries resulting in death ( 70% ) , followed by  hit by person or object and falls ( 14% each ) . among people admitted to hospital , road traffic crashes ( 34.5% ) and falls ( 33.2% ) were the leading causes of injury . 
 the leading cause of head injuries in children was falls , in 1529-year - olds road traffic crashes , and in adults aged 3044 years or 45 years and older  hit by person or object. among the two major ethnic groups , fijians had higher rates of falls and  hit by person or object and indians higher rates for road traffic crashes . 
 there were no statistically significant differences between the overall rates of head injuries or the fatal and non - fatal rates among fijians or indians by gender following age standardisation to the total fijian national population.conclusiondespite underestimating the overall burden , this study identified head injury to be a major cause of death and hospitalisation in fiji . 
 the predominance of males and road traffic - related injuries is consistent with studies on head injuries conducted in other low- and middle - income countries . 
 the high fatality rate among those aged 3044 years in this study has not been noted previously . 
 the high case fatality rate prior to admission to the hospital requires urgent attention .","On FY2017 2010,, a congressional request request, and the public and the extent of all activities among EPA' (EU) health health care programs.S) and (2) (2) the same time in addition, or natural gas from the extent to the United States may establish certain factors such as well as the Federal War, and (e. Most, the National Aeronautics and the Department of the impact on the first 2 years. While it has undertaken some observers in some products and local governments in the status to maintain, but the program. A range of a result in terms. Under the use federal funding of these challenges that are not have used to meet the current government, whereas an estimated. This statement will not make.R. An high levels. These options for the ability to make significant significant risks and the Secretary of its business management, particularly in the end of the new factors that is based. This report will provide a non-term comments on January 2010, 2010, the first decade, has expressed a new changes in the time in some years in the Federal Employees; and how the effectiveness in the Federal Federal Food Services (GAOPMD) may have received some issues for a result of U. If the public and the federal and Human Services (B) by by many trade system were not meet certain federal law enforcement, and local countries. Other government programs. The new resources. However, and more more than in the number of the need for the national challenges, including the impact.",0.16875,0.18,0.17419354339229984,0.020134228187919462,0.02608695652173913,0.022727267810205374,0.14375,0.15333333333333332,0.14838709177939663
"acinetobacter infections have increased and gained attention because of the organism s prolonged environmental survival and propensity to develop antimicrobial drug resistance . the effect of multidrug - resistant ( mdr ) acinetobacter infection on clinical outcomes has not been reported . a retrospective , 
 matched cohort investigation was performed at 2 baltimore hospitals to examine outcomes of patients with mdr acinetobacter infection compared with patients with susceptible acinetobacter infections and patients without acinetobacter infections . 
 multivariable analysis controlling for severity of illness and underlying disease identified an independent association between patients with mdr acinetobacter infection ( n = 96 ) and increased hospital and intensive care unit length of stay compared with 91 patients with susceptible acinetobacter infection ( odds ratio [ or ] 2.5 , 95% confidence interval [ ci ] 1.25.2 and or 2.1 , 95% ci 1.04.3 ] respectively ) and 89 uninfected patients ( or 2.5 , 95% ci 1.25.4 and or 4.2 , 95% ci 1.511.6 ] respectively ) . increased hospitalization associated with mdr acinetobacter infection 
 emphasizes the need for infection control strategies to prevent cross - transmission in healthcare settings .","The Federal Federal Information Information System (FDA) is a congressional interest to their number of a significant significant significant authority to its own own use of all interoperability during all all all all revenue costs, the program was of Health Health Health and a large impact of a number of service.L. The Department of the use, and other things. This report provides an congressional interest in March 2004 is a number that would would amend the U. During the same time, or an increase in place an overview. For example, because they have sought by the results because the effects of the same time time. In addition, including such as to address a number of their own, with a new servicemembers that are a non-that were the number of the long-time information technology, including how to provide the number of the most recent years, and the program for its current and the interoperability, in the costs of all non-passedpassedpassedpassed ""called the use of the status has no longer-U. Further, the same period of the national national quality for the number of the United States. The new new market.R.",0.12844036697247707,0.13592233009708737,0.13207546670211837,0.006134969325153374,0.006211180124223602,0.006172834506367408,0.11926605504587157,0.1262135922330097,0.12264150443796747
"decreased activity of the mitochondrial 2-oxoglutarate dehydrogenase complex ( ogdhc ) in brain accompanies neurodegenerative diseases . to reveal molecular mechanisms of this association , we treated rats with a specific inhibitor of ogdhc , succinyl phosphonate , or exposed them to hypoxic stress . in males treated with succinyl phosphonate and in pregnancy - sensitized females experiencing acute hypobaric hypoxia 
 , we revealed upregulation of brain ogdhc ( within 24 hours ) , with the activity increase presumably representing the compensatory response of brain to the ogdhc inhibition . 
 this up - regulation of brain ogdhc was accompanied by an increase in exploratory activity and a decrease in anxiety of the experimental animals . remarkably , the hypoxia - induced elevation of brain ogdhc and most of the associated behavioral changes were abrogated by succinyl phosphonate . 
 the antagonistic action of hypoxia and succinyl phosphonate demonstrates potential therapeutic significance of the ogdhc regulation by the phosphonate analogs of 2-oxoglutarate .","The bills would a ""authorauthor name scrubbed]. At the Supreme Court made with significant policy and recent years, and how the end of the ""year report. The Supreme Court of Homeland Security Act Act of the private health care that can take to encourage or political or their average for the President of the United States and related to be needed for these changes were the past, P P. Section 16 years-level information, or other types of one of the world's March 2013, the District of the United States' development (i. 113to increase the potential for the future. Senate, however, and Human Services Administration (OIG) the Senate and natural gas is responsible for the United States, including the amount) of the number of the United States.",0.12941176470588237,0.13253012048192772,0.13095237595308978,0.014184397163120567,0.017857142857142856,0.01581027174553732,0.12941176470588237,0.13253012048192772,0.13095237595308978
"purposethe purpose of this article is to report establishment of the 1st web - based database ( db ) system to collect renal cell carcinoma ( rcc ) data in korea.materials and methodsthe new web - based db system was established to collect basic demographic and clinicopahtological characteristics of a large cohort of patients with rcc in korea . 
 data from a total of 6,849 patients were collected from 8 tertiary care hospitals that agreed to participate in organizing the korean renal cell carcinoma ( korcc ) study group as of 1 july 2015 . 
 basic demographic and clinicopathological characteristics were collected . 
 the data of patients who underwent surgical treatments were analyzed to characterize korean rcc.resultswe established the 1st web - based db of korean rcc , a database comprising renal mass management cases from multiple centers in korea . 
 the data of 5,281 patients who underwent surgical management ( mean follow - up , 32 months ) were analyzed . 
 the most common symptom was incidentally detected renal mass ( 76.9% ) . 
 clinical t1a was the most common ( 54.3% ) stage and mean tumor size was 4.84.2 cm . 
 radical nephrectomy accounted for 62.7% of cases and an open approach was used in 50.7% and 52.2% of radical and partial nephrectomies , respectively . 
 the 5-year overall , cancer - specific and recurrence - free survival rates were 88.1% , 92.2% , and 88.0% , respectively.conclusionswe report the 1st establishment of a web - based db system to collect rcc data in korea . this db system will provide a solid basis for the characterization of korean rcc .","The Office has has a congressional activity and the number of the status. 2 years (P) is expected to its annual funding. These challenges, and Human Services (H. To develop a few years of the Department of their high risk and other problems that may be considered in September 2003, 2003, as a larger goal, and unconstitutional, with respect to the data data collection process in a result of this issue issue by U. The Department of health health information available that they are considered in its use the current oversight of the United States has raised progress when federal land management practices that are to implement the federal government will be considered as a report from October 2002, and the government's and other provisions that can be updateds, are the risk of the end of the status, although although the responsibilities) management-Frank Act of the U. In addition, but not provide to develop a process. The number of health information on their use it if Congress in the Federal Federal Federal Service, and (2) the cost in the cost. The Secretary of the total. Since 2013, which may be in the United States, the amount of these issues in the status. Of the number of the extent to the number of time frame. Some observers could take steps and for the use or the risk of the public care of these recommendations to determine by the agencywidewide access to the need to be updated as a wide wide wide variety of the basis in the need is made progress, and an individual health care. Most of a variety of these recommendations.",0.16911764705882354,0.16666666666666666,0.16788320667909865,0.02575107296137339,0.02631578947368421,0.026030363764146622,0.14705882352941177,0.14492753623188406,0.14598539646012057
"background and aims : c - mac video laryngoscope ( vl ) with macintosh blade has been found to improve cormack - lehane ( c - l ) laryngoscopic view as well as intubating conditions for orotracheal intubation . 
 however , studies done on the performance of c - mac vl for nasotracheal intubation ( nti ) are very few in number . hence , we compared laryngoscopy and intubating conditions between macintosh direct laryngoscope and c - mac vl for nti.methods:sixty american society of anesthesiologists physical status i , ii patients , aged 818 years , posted for tonsillectomy surgeries under general anaesthesia with nti were randomised , into two groups . 
 patients in group 1 were intubated using macintosh direct laryngoscope and group 2 with c - mac vl . 
 c - l grading , time required for intubation , need for additional manoeuvres and haemodynamic changes during and after intubation were compared between the groups.results:c-l grade 1 views were obtained in 26 and 29 patients in group 1 and group 2 , respectively ( 86.7% vs. 96.7% ) . 
 remaining patients were having c - l grade 2 ( 13.3% vs. 3.3% ) . 
 duration of intubation was less than a minute in group 2 ( 93.3% ) . 
 need for additional manoeuvres ( m1m5 ) were more in group 1 ( 97% vs. 77% ) . 
 m1 ( external manipulation ) was needed more in group 2 compared to group 1 ( 53.3% vs. 30% ) . 
 magill 's forceps alone ( m4 ) and m4 with additional external manipulation ( m5 ) were needed more in group 1 compared to group 2 ( 60% vs. 16%).conclusion : the overall performance of c - mac vl was better when compared to conventional direct macintosh laryngoscope during nti in terms of glottis visualisation , intubation time and need for additional manoeuvres .","In March 2015, the Federal Acquisition Reform Act or or the United States has been implemented. The act to the U. Under the U. Some of the ""new billion in the United States. They also the U. The House of the wake of the world as well as the total, some observers have have adopted an organization: The House House and the potential energy impacts about the House Appropriations Committee on December December 2006 (DOD) of political, a national security that the ""rennnnnnnnnns) and S. If the number of oil oil, the end of Defense (the2017 appropriation (E) to the next decade, is a wide wide wide number in the use for an integrated and the President enacted in the House Act, which been taken as amended its own questions about 7 in the most part of the new new new new activity may report include whether as ""at the world through a larger health and the public health assistance to the first action have been delayed new U. As a wideyearyear period, the ""best. The Court was enacted in the U. Absent an opinion from other other other hand. An An An subject will be updated as part in the extent of political level. The federal government to the Senate introduced, however, as the majority of their long-related issues. This report report provides an array of the number of international international. The United States and/AIDS Act of the majority majority and its own changes for international organizations are unable to obtain a new food, including one-standing interest in the Federal Research (c) has been updated in a brief time. Some of the most likely than in the constitutional constitutional or her financial crisis; and the United States v.",0.12857142857142856,0.11842105263157894,0.12328766624132127,0.01171875,0.012345679012345678,0.01202404309958802,0.12142857142857143,0.1118421052631579,0.11643835117282814
"[ purpose ] the aim of this study was to clarify the effects of the rom exercise on joint 
 components according to histopathological analysis . [ subjects and methods ] in total , 
 twenty - six 9-week - old adult male wistar rats were used in this study . 
 the rats were 
 randomly divided into three groups , the immobilization group ( n=10 ) , exercise group 
 ( n=10 ) , and control group ( n=6 ) . 
 the immobilization group and exercise group were 
 anaesthetized and operated on under sterile conditions . 
 the right knee joints in the 
 immobilization group and exercise group were immobilized with external fixation at 120 
 degrees of flexion . 
 range of motion exercise was started from the day after 
 immobilization . 
 rom exercise was performed in the exercise group once a day for 3 minutes , 
 6 days a week , for 2 weeks . 
 [ result ] the joint capsule in the immobilization group and 
 exercise group showed narrowing of the collagen bundles in interstitial spaces but was 
 less dense in the control group . in the immobilized group , a hyperplastic reaction was 
 associated with infiltration into the articular cavity and adhesion to the surface of the 
 articular cartilage . 
 conversely , in the exercise group , hyperplasia of tissue was 
 localized to the synovial membrane . 
 [ conclusion ] this finding may suggest that rom 
 exercise induces some changes within the joint components and tissue metabolism .","The Department of the National Science; the way for the private-income services to an independent status for its ongoing ongoing ongoing assistance to the Court, and Development (Es and some of the second of the United States has been challenged by the first first 2003 and Development, including the United States. Finally, to be a few has evolved. The Senate and other things, or the President's of health records, if the use an estimated four types of the Federal Court did not have been been an overview of the most frequently frequently passed the ""term care that may be reduced it will create a significant changes changes are not include a wide number of the use and the majority of its business is uncertain of care measures.",0.0847457627118644,0.1282051282051282,0.1020408115347774,0.010362694300518135,0.017094017094017096,0.012903221106973615,0.07627118644067797,0.11538461538461539,0.09183672990212438
"objective : to describe the features of adult patients with benign , unilateral cerebral cortical encephalitis positive for the myelin oligodendrocyte glycoprotein ( mog ) antibody.methods:in this retrospective , cross - sectional study , after we encountered an index case of mog antibody  positive unilateral cortical encephalitis with epileptic seizure , we tested for mog antibody using our in - house , cell - based assay in a cohort of 24 consecutive adult patients with steroid - responsive encephalitis of unknown etiology seen at tohoku university hospital ( 20082014 ) . 
 we then analyzed the findings in mog antibody 
 positive cases.results:three more patients , as well as the index case , were mog antibody  positive , and all were adult men ( median age 37 years , range 2339 years ) . 
 the main symptom was generalized epileptic seizure with or without abnormal behavior or consciousness disturbance . 
 two patients also developed unilateral benign optic neuritis ( before or after seizure ) . in all patients , 
 brain mri demonstrated unilateral cerebral cortical fluid - attenuated inversion recovery hyperintense lesions , which were swollen and corresponded to hyperperfusion on spect . 
 csf studies showed moderate mononuclear pleocytosis with some polymorphonuclear cells and mildly elevated total protein levels , but myelin basic protein was not elevated . 
 a screening of encephalitis - associated autoantibodies , including aquaporin-4 , glutamate receptor , and voltage - gated potassium channel antibodies , was negative . 
 all patients received antiepilepsy drugs and fully recovered after high - dose methylprednisolone , and the unilateral cortical mri lesions subsequently disappeared . 
 no patient experienced relapse.conclusions:these mog antibody  positive cases represent unique benign unilateral cortical encephalitis with epileptic seizure . 
 the pathology may be autoimmune , although the findings differ from mog antibody  associated demyelination and rasmussen and other known immune - mediated encephalitides .","The Congressional Transportation). The President President Barack Obama Services (O),), the extent to establish a a fewth Congress also issued the Department of their own appropriations to establish an amendment also authorized in U. These developments. After the United States, including the nation's (FDA)) of the potential effect also also be considered.R. Over the President's (including 2008, the majority of the world and a few few years, including whether a number of the current role among several cases, for the second second second-that are not not a number of Mexico's (C. For example, there are necessary to a wide range of an overview of the current government to implement the United States States to enforce the United States (DOT) or ""significantsignificant-use of the highest of the same same time.S. The House budget request of the primary primary impact on oil assistance and what would have created by by [author name scrubbed], and a number of the United States and the public.S. At the region. Because it, which a series of the EU responsibilities and international resources. Other, the same same time toward an alternative alternative information on a result in particular, but the largest production of the Senate Appropriations (EU) and (2) the current drug development of each issue in a substantial manner and foreign government and the ""specially. Some is no longer in the Senate Appropriations: however, especially 10 years. Finally, including increasing the potential for the primary information on the majority of its own or to support a series) of time frames. Many of those requirements. The Obama Administration that would have have been been extended by the public or older and Human Services (USDA)) is concerned that the U. Among what is a result in the same same time such as high-term, though the constitutional authority in the constitutional developments have begun to other things, and the House and the Supreme Court included in a whole, which are currently currently been amended). On June 2004 2004 and how one or use of new new development, and CRS Report RL3333-related-standing issues and the majority of the United States, among the second range of the next next 2 2th Congress has been been a separate use the U. This report, which a number of Energy Policy; some of the same same same time as well as a larger larger authority to the U.L. For the new new new assistance to meet the potential and a third-incomely. The President,",0.13372093023255813,0.11557788944723618,0.1239892133553231,0.01838235294117647,0.014619883040935672,0.016286640016128985,0.12209302325581395,0.10552763819095477,0.11320754219629348
"the 
 observed water oxidation activity of the compound class co4o4(oac)4(py 
 x)4 emanates 
 from a co(ii ) impurity . 
 this impurity is oxidized to produce the well - known 
 co - oec heterogeneous cobaltate catalyst , which is an active water 
 oxidation catalyst . 
 we present results from electron paramagnetic 
 resonance spectroscopy , nuclear magnetic resonance line broadening 
 analysis , and electrochemical titrations to establish the existence 
 of the co(ii ) impurity as the major source of water oxidation activity 
 that has been reported for co4o4 molecular cubanes . 
 differential electrochemical mass spectrometry is used to characterize 
 the fate of glassy carbon at water oxidizing potentials and demonstrate 
 that such electrode materials should be used with caution for the 
 study of water oxidation catalysis .","The Department of Agriculture and state is limited to a variety of the United States to the same time to a strong interest that they have a congressional authority for a result, and a strong policy, and international investment; and a wide range of the federal government government; (2) how are necessary to an average of the country) would remain the public information in the extent to the total of the most in the development, and Related General, has already already a a provision, but has begun to the number of the United States; the United States. This report concludes that whether the use of the number of the program is designed to the U. To the Court or a small, the Federal Election Act of the same requirements that would help other years, or ""substantial, see see the Supreme Court is the United States; (9) the majority of the impact on the country with respect to meet the end of a significant goals, some categories. It has held that would be achieved in the number of ""passedpassedpassed bill, but they are important to the end of a high-in the use that their business or her threat to the U. The first time to be able to the U. In commenting for a total of their financial system would be updated into an estimated that the federal government, the extent to be less than the President signed into the potential for two issues, or more than the use. In particular, and (3) the two-term impact of the U. For example, a third process on-term challenges to implement their business. As a ""term approach would be updated whether to the new new policy. It will be updated as ""the U. The Federal Court of the two countries that were raised in any any new technologies. The Department of the second request, see CRS Report R&D) ""to-called the government, including a new system by by the United States, in this action that that may may be a large number of the right was enacted and other things, see a small effects, most likely to establish a variety of economic and S. While any cost would include the time for ""in the United States and other things. Some factors, in the need to the number of the number of the U. In 2002, there is unlikely that the new products, when the same time.L. For example, and the next 20 years of a result.R.L.",0.18292682926829268,0.0797872340425532,0.11111110688175599,0.018018018018018018,0.006042296072507553,0.009049769994371046,0.17073170731707318,0.07446808510638298,0.1037036994743486
"objectivewe carried out a secondary analysis in high - risk patients with a previous myocardial infarction ( mi ) and diabetes in the alpha omega trial . 
 we tested the hypothesis that in these patients an increased intake of the n-3 fatty acids eicosapentaenoic acid ( epa ) , docosahexaenoic acid ( dha ) , and -linolenic acid ( ala ) will reduce the incidence of ventricular arrhythmias and fatal mi.research design and methodsa subgroup of 1,014 post - mi patients with diabetes aged 6080 years was randomly allocated to receive one of four trial margarines , three with an additional amount of n-3 fatty acids and one placebo for 40 months . 
 the end points were ventricular arrhythmia  related events and fatal mi . 
 the data were analyzed according to the intention - to - treat principle , using multivariable cox proportional hazards models.resultsthe patients consumed on average 18.6 g of margarine per day , which resulted in an additional intake of 223 mg epa plus 149 mg dha and/or 1.9 g ala in the active treatment groups . during follow - up , 29 patients developed a ventricular arrhythmia  related events and 27 had a fatal mi . compared with placebo patients , the epa - dha plus ala group experienced less ventricular arrhythmia  related events ( hazard ratio 0.16 ; 95% ci 0.040.69 ) . 
 these n-3 fatty acids also reduced the combined end - point ventricular arrhythmia  related events and fatal mi ( 0.28 ; 0.110.71).conclusionsour results suggest that low - dose supplementation of n-3 fatty acids exerts a protective effect against ventricular arrhythmia  related events in post - mi patients with diabetes .","The Congressional Budget (UN) on on the United States, as the U. The United States is a brief brief concern that were introduced a higher-term and a national security measures of information security of the long and in the United States, the Senate, however, as ""unununECA and natural gas of the National Intelligence Policy Reform and others in federal research, and other types of a new government or a number of the impact of its own and the federal law in this report in the Federal Emergency Management Office of the ) and other factors, and the majority of the private assistance to be the federal funds, and Human Services (FY2009 to a new investment. Among the past past policy of its second second-a, P. Many Many countries and a series of new assistance.",0.06622516556291391,0.13157894736842105,0.08810572241805609,0.012345679012345678,0.025,0.016528921193908704,0.06622516556291391,0.13157894736842105,0.08810572241805609
"the current technique for surgical treatment of the longitudinal spinal cord injury has proven to be successful for restoration of some motor function and alleviation of pain . 
 this has been the first step in finding a cure for spinal cord injuries , but so far there are many obstacles still to be overcome . in this particular injury return of function from spinal cord surgery 
 is only partial . 
 some of the main remaining problems are related to injury - induced neuronal death , direction and specificity of regeneration and muscle , and receptor disintegration from long time denervation . 
 currently this is a surgical procedure without any adjuvant treatments . in order to gain 
 further functional improvement combinational therapies developed in basic science experiments are essential .","The international energy energy energy, and other things, or the United States also a larger, they were not a ""rererererererererererererereim Protection Protection (EU of energy or the way, and/AAA.C) must be considered as the U.R. There is to the United States have expressed a small businesses. The Court of the extent to be addressed, including the United States to the way, which are the United States has enacted, and a comprehensive role in the U. One issue in the National Aeronautics and nonfederal gas gas, and gas, particularly the constitutional structure, along with the number of whether what types to be able to the private insurance with some some cases in a number of the private entities in the number of those that would become low-based support certain policy and may be done by the primary service, and the U. The ""not a majority of the current current role in the United States's political-sector groups, thereby an estimated in the number of a significant progress in place or the future, and the most more than a number of the majority of the U.is held that may also created by the Federal Aviation Administration and/in the United States, and the U. If a wide range of the number of new new, it has been to the number of these categories, to help as much than half of the country in the U. This point for all economic-such as the use with a new business business by the country. Over the majority of the end of a significant significant than federal government-U was extended an increase in the potential cost of its own the ""product of a series of the Supreme Court.""."" As ""nonof-to include that to to the current and are subject to ""the largest in the primary interest in the United States. In addition to encourage these concerns, the number of the United States (e.C.S.year period for the ""fair-thirds of a ""year period.isis out out of the potential than the world to the overall business. This policy of the future-on the role in the public health care at all of a number of the number of any specific changes will be updated as the final rule, the two years because Congress—based costs. There are likely to meet the use by the current current law. However, to the number of international aid to make potential potential portion, a ""related impacts.",0.17857142857142858,0.07936507936507936,0.10989010562975503,0.03389830508474576,0.012698412698412698,0.018475746612335437,0.17857142857142858,0.07936507936507936,0.10989010562975503
"large - scale chromosome structure and spatial nuclear arrangement have been linked to control of gene expression and dna replication and repair . 
 genomic techniques based on chromosome conformation capture assess contacts for millions of loci simultaneously , but do so by averaging chromosome conformations from millions of nuclei . 
 here we introduce single cell hi - c , combined with genome - wide statistical analysis and structural modeling of single copy x chromosomes , to show that individual chromosomes maintain domain organisation at the megabase scale , but show variable cell - to - cell chromosome territory structures at larger scales . despite this structural stochasticity , localisation of active gene domains to boundaries of territories 
 is a hallmark of chromosomal conformation . 
 single cell hi - c data bridge current gaps between genomics and microscopy studies of chromosomes , demonstrating how modular organisation underlies dynamic chromosome structure , and how this structure is probabilistically linked with genome activity patterns .","The President signed into a congressional request, see CRS Report RL RL RL32es in the United United States and gas, Congress, from the way that the past, H. At the United States, and natural gas, focusing on  NHTSA, and it by the future markets have taken some actions. The program the U. Other challenges to help meet the world. The agency will need for the President's analysis of a brief brief brief brief overview of the primary actions GAO reported by [author name scrubbed] for their data about the House passed and a brief overview of the impact of such as such as well as the nation to support for a substantial substantial, the public development of the new-state policy and (3) how the federal law enforcement standards for the United States. This report discusses the country, among other things, which will not affect its decision to the number of the cost. The government. In addition, and may make those in some years from the new new new financial management of an overview of the need for small effects (EPA) was asked to the impact on their current years to the public health care on time, or whether a brief period and U. According to protect the nation's) the federal government-based costs and the public. During the time, and some of Justice of these cases, to reduce its own services to the U. They is not the U. The Court Court is often make an additional issues, and a new institutions have already have been been used the first to the public drugs and political, even though the process, or ""as limited information that also will be addressed an analysis in which are not considered about the National Defense Authorization Act of U. The current or may address an estimated that is necessary, including the United States. This report, or ""rerererererereropriropriropriropriropriI) with those states to the impact on state requirements that a variety of nonfederal safety of the new new types of the first several years, the United States as well as warranted. There are to address whether whether to meet its condition that are considered a result, as well as more than the overall use of the end of the government's impact of the second session over the future provisions of the end of the process, such as the country. At the same time, and other options over the same time, such as ""substantial waste and may have been been introduced by P. If several years, and the long term as",0.1782178217821782,0.08955223880597014,0.11920529356146675,0.006802721088435374,0.0028735632183908046,0.004040399864834434,0.1782178217821782,0.08955223880597014,0.11920529356146675
highlightsthe paper reports the effect of steroids on upper limb function in non ambulant dmd boys.boys continuing steroids after loss of ambulation perform better than those who stopped at the time of loss of ambulation.the performance of upper limb test can reliably capture change over time and the effect of intervention .,"Federal Health Health Health Health Act Act (a (a) or or (2) whether use was the Department of the extent that might also are used in recent years in the United States is more than the time on the nation's that can be considered in the most of any costs, the Department of the President's. The Court of Homeland Security's are likely that provide to the United States. In addition, and financial comments may allow a specific problems and whether there is required to the Department of the use of the public assistance. In response, though, and for all of care to the President Barack Obama. For example, though some of the public and Reinvestment Act through the first year and a fewth Congress (DOJ) to a few years, or many of these changes to to the Federal Transit Administration's most recently reported in which is considering that would need to an additional additional technical comments (H. To take actions to some of the past progress that would not subject to the number has been available through its own policies and the United States.R.e.L. On March 2010. This report, the current and others and a portion of the impact on the majority of their ability to which is known about the system that can be provided by which is the basis of all states on the same type of a particular, such as they are limited to the system of the extent, and the past in the first first two-such as a new information related to those they are subject to make those reported to make them to promote the public health care from a more difficult to the status of the future, as the new training. Additionally, or the process in the time under the current law law.L. Other concerns and the time, and other objectives and the number of the end of the time. The Court from the end of these systems from any significant steps under the current and the extent on July 2011, the status and S&D. This report. The U. Finally, while whether the most important in which is used to increase the time to the new performance and the CA plans for the first few years of the number of these concerns that have been introduced by a wide range of the Secretary of the number of the system.",0.2702702702702703,0.054945054945054944,0.09132419810512715,0.0425531914893617,0.006309148264984227,0.010989008740037895,0.21621621621621623,0.04395604395604396,0.0730593579224788
"the definition of lutembacher 's syndrome has undergone many changes . 
 it refers to combination of congenital atrial septal defect with acquired mitral stenosis . 
 lutembacher 's syndrome is a very rare disease and in the past , it has been either overdiagnosed or misdiagnosed . here 
 , we will discuss a case of a pregnant lady who developed breathlessness during her third trimester of pregnancy and on detailed examination and investigation , she was found to be having lutembacher 's syndrome .","Since the Congressional Budget Budget Office of the largest election. The House for the U. The2016. The Court also also provide their policy policy challenges in some cases (N. On December 2012 to reduce the U. It also also have have introduced in both the number of the District of the constitutional requirements in the United States Act).). When the Supreme Court is being to the current role of the President's international aid and gas.R. The Senate and to the most amended the ""citizens, it it will also also has not not not not be ""full-specific spending, including the constitutional and private sector, and for the U. In the end of Representatives, including this policy challenges challenges that the Senate Administration's budget rules related to an ""public. In addition, both the Senate of a constitutional level of the 112th Congress would would be updated into the total, with the "" ""passed vote for the Supreme Court would increase U. If Congress, whether to the final request for a broader request of the United States. Finally, the federal laws that are largely, and for a broad process is not consider an individual individual. Several proposals, however, whereas more stringent stringent market, the National Defense. A ""U. The United States enacted enacted on its report will be an amendment to extend the 112th Congress in the federal government. In particular, a defendant. Although the national court for the most likely likely. However, the same time, the second second report addresses the United States), is still address the House House debate, for the first first 2010 2010 and the second process is that also, the region, which provided in the National Preparedness Plan was used to these provisions, and the Senate Senate bill, and political. The bill (GAO) from this is not be required to maintain the country; or a few issues for non-passedpassed legislation in place the Court Court Court, that the Court and U. The Consolidated Appropriations Act can be updated as the majority of the Supreme Court was introduced the United Nations of the 110th Congress in a number of the Senate, and the new market has provided one-level debt for the potential resolution of Justice's economic structure. The Administration and political, the United States and natural disasters.R. Many has provided a vote, and in the future.L) an amendment. Congress by the two bills on the majority of the federal government.",0.25,0.07692307692307693,0.11764705522491362,0.04054054054054054,0.008849557522123894,0.014527842094871292,0.21666666666666667,0.06666666666666667,0.10196078071510971
"assam and arunachal pradesh have very rich tradition of herbal medicines used in the treatment of various ailments . 
 tribal communities practice different types of traditional healing practices . 
 enough documentation is available on the healing practices in other tribal communities except mishing community of assam and foot hill of east siang district of arunachal pradesh hence the attempt was made for the same . 
 a survey on folk medicinal plants and folk healers of mishing tribe was conducted in few places of lakhimpur and dhemaji district of assam and east siang district of arunachal pradesh , where this ethnic group is living since time immemorial . 
 all information was collected based on interview and field studies with local healers within the community . 
 the identification of medicinal plants collected with help of indigenous healers was done . 
 such medicines have been shown to have significant healing power , either in their natural state or as the source of new products processed by them . 
 this study is mainly concentrated with plants used to cure diseases and to enquire about different healing systems . 
 detail note on the method of preparation of precise dose , the part / parts of plants used and method of application is given .","As a congressional request, see see see see see see see see see see see see see see see see see see see see see see see see see see see see see see CRS CRS CRS CRS Report RS RS3((((((a) may an overview of dollars may not yet to reduce the federal government's (FTA) has been completed in fiscal years 2011. Under Under the first major assistance, and (3) the law. The public health health insurance of the next , the public housing and their health care, though all the United States to the country, if any, and non-incomeincome insurance, or in the District of those in the first first action to a number of certain certain things), and their use of the need to be subject to date and gas use or other challenges, but it is known as as as well as a high-related areas in March 18, 2013, there are also discusses the extent to reduce the time, there was not have have no longer in recent years 2013 through fiscal year 2000 through 2010. The federal and has been been limited a result in some of the number or natural gas and Senate, and any, including the past, has raised concerns in the end, as a new facilities. Under the same time toward least four of the nation's reviews budget. Some of Homeland Security Security, or a key elements-term care through its own. On 2014, the long-related threats. The number of the extent to make a result in October 2016, the federal governmentwidewide information on September 2006, including a number. The current status of their federal agency, some studies and interviewed officials to the federal agencies are being being reported that is a portion of the U. For EPA officials on the first and the number of a number of its own and other aspects of the new new guidance, but is no longer than the private sector. The number of the extent, which the program. Many were available or any plan in addition, many types of non-time risk of the majority to be important for the extent by the Federal agencies as amended, as more detailed information about $52, and other years 1997, the impact on (1) they are no challenge of the amount of the extent to consider the process to provide certain programs.",0.23931623931623933,0.14814814814814814,0.18300653122452912,0.03278688524590164,0.01892744479495268,0.023999995359120896,0.1794871794871795,0.1111111111111111,0.1372548972376011
"objective : to evaluate the use of ex vivo lung perfusion ( evlp ) clinically to prepare donor lungs for transplantation . 
 methods : a prospective study involving evlp for the reconditioning of extended - criteria donor lungs , the criteria for which include aspects such as a pao2/fio2 ratio < 300 mmhg . between february of 2013 and february of 2014 , the lungs of five donors were submitted to evlp for up to 4 h each . during evlp , respiratory mechanics were continuously evaluated . once every hour during the procedure , 
 samples of the perfusate were collected and the function of the lungs was evaluated . 
 results : the mean pao2 of the recovered lungs was 262.9  119.7 mmhg at baseline , compared with 357.0  108.5 mmhg after 3 h of evlp . 
 the mean oxygenation capacity of the lungs improved slightly over the first 3 h of evlp-246.1  35.1 , 257.9  48.9 , and 288.8  120.5 mmhg after 1 , 2 , and 3 h , respectively - without significant differences among the time points ( p = 0.508 ) . 
 the mean static compliance was 63.0  18.7 mmhg , 75.6  25.4 mmhg , and 70.4  28.0 mmhg after 1 , 2 , and 3 h , respectively , with a significant improvement from hour 1 to hour 2 ( p = 0.029 ) but not from hour 2 to hour 3 ( p = 0.059 ) . 
 pulmonary vascular resistance remained stable during evlp , with no differences among time points ( p = 0.284 ) . 
 conclusions : although the lungs evaluated remained under physiological conditions , the evlp protocol did not effectively improve lung function , thus precluding transplantation .","The Supreme Administration (INA) in their interest in the Constitution.L.L. A variety of the United States, and the defendant.S. The number of the President and the Constitution to be the U. The Department of the ""for example, and others can be for one of the end of the most significant use from the U. In addition, whether the world-fired energy. However, which of the United States. However, including the number of the current energy, an international health benefits, the patent law. It is known as the current foreign foreign government-related assistance and natural gas for China may find the United States. In an overview of international-income families. Several factors as amended, that the wake of the2015.",0.06993006993006994,0.136986301369863,0.09259258811771284,0.00816326530612245,0.019230769230769232,0.011461313867703764,0.04895104895104895,0.0958904109589041,0.06481481033993515
"despite the fact that the superficial peroneal nerve is the only nerve in the human body that can be made visible ; iatrogenic damage to this nerve is the most frequently reported complication in anterior ankle arthroscopy . 
 one of the methods to visualize the nerve is combined ankle plantar flexion and inversion . in the majority of cases , 
 the superficial peroneal nerve can be made visible . 
 the portals for anterior ankle arthroscopy are however created with the ankle in the neutral or slightly dorsiflexed position and not in combined plantar flexion and inversion . 
 the purpose of this study was to undertake an anatomical study to the course of the superficial peroneal nerve in different positions of the foot and ankle . 
 we hypothesize that the anatomical localization of the superficial peroneal nerve changes with different foot and ankle positions . in ten fresh frozen ankle specimens , a window , only affecting the skin , was made at the level of the anterolateral portal for anterior ankle arthroscopy in order to directly visualize the superficial peroneal nerve , or if divided , its terminal branches . 
 nerve movement was assessed from combined 10 plantar flexion and inversion to 5 dorsiflexion , standardized by the telos stress device . also for the 4th toe flexion , flexion of all the toes and for skin tensioning possible nerve movement 
 was determined . 
 the mean superficial peroneal nerve movement was 2.4  mm to the lateral side when the ankle was moved from 10 plantar flexion and inversion to the neutral ankle position and 3.6  mm to the lateral side from 10 plantar flexion and inversion to 5 dorsiflexion . 
 both displacements were significant ( p  <  0.01 ) . 
 the nerve consistently moves lateral when the ankle is manoeuvred from combined plantar flexion and inversion to the neutral or dorsiflexed position . 
 if visible , it is therefore advised to create the anterolateral portal medial from the preoperative marking , in order to prevent iatrogenic damage to the superficial peroneal nerve .","Pursuant to a broader amendment a legislative rule, and a temporary temporary temporary law, if a temporary. Under the primary trade.S has led a growing source of the Supreme Court of the United States in a brief brief concern that was the CleanS into the political or their defendant.scale products in the U.in the highest day of the number of the United States, as the President'ss political, however, including the new political markets in its ""thethethethethe United States passed by [author name of the highest highest-cost costs of the United States, and private private sector to the United States.22 million, including their offense would be subject from the United States.author name name of political politicalizing several role in lights role, or or ""called the joint provisions where where where the constitutional situation. The majority of the U.S.S.S.income U.S.R.fired production of a ""public"" from both to provide for the ""non-148 is responsible for some observers would be included a number of this, and foreign action to the Supreme Court of the new new political and Reinvestment Act of the impact of the ""and the ""called more stringent than its own, but the United States in its patent production of a whole) was enacted by the ""in the constitutional constitutional constitutional issues to enforce, and a ""related provisions of the political political.ofof-Pacific5 billion (DOD.a) the United States or international international international development, respectively), which was enacted in the world), the Unitedthethethethe2006 after December 8, 2001 and trade-PacificPacificPacificPacificPacific billion in both the market and local, including an effort in accordance with the United States.to be considered his2001.S.S.S.fired. This discusses these concerns about the global trade-related the U.fired U.S. This report summarizes a relatively high-Frank Act in its own.S.S. This report and Reinvestment Act of the new international.to be updated as the country's nuclear weapons will be updated as a number of Representatives was unable to the future.e) in a variety of a constitutional authority.inin the political political political, and to its own to to the international international, and international international and non-related action.toto-the2000 and/AIDS, the first-UU.the2005, but the political and natural resources over over the maximum",0.14814814814814814,0.11695906432748537,0.13071894931757033,0.03319502074688797,0.026845637583892617,0.02968459616909015,0.13333333333333333,0.10526315789473684,0.11764705389273376
"warthin 's tumor is the second most common type of salivary gland tumor . 
 microscopically , warthin 's tumor displays a proliferative epithelial component and lymphoid stroma . 
 carcinomas arising from the epithelial component are well known , but malignant transformations of the lymphoid stroma are rare . when they do occur , they are most commonly b - cell type non - hodgkin lymphomas . a 60-year - old male patient 
 underwent surgical resection of a parotid mass . 
 after superficial parotidectomy , microscopic examination indicated that the tumor was of epithelial components with basaloid and oncocytic columns of cells neighboring lymphoid components . 
 in addition to the lymphoid follicles with distinct germinal centers , there were large , bizarre and extremely atypical neoplastic cells seen in the lymphoid component . 
 large neoplastic cells were diffusely cd20 and cd30 positive . the patient was diagnosed with "" warthin 's tumor and diffuse large b - cell lymphoma with expression of cd30 . "" 
 the histopathologic and clinical features are discussed along with a review of the literature .","It has a political political political markets that may also led a congressional economy might might might seek to possible on the number of the time, but it to provide that that has been the President, the former former one of the NHTSA had only to the Senate. This report for the time over the United States; the second or her number of the United States that it did be eligible for the number of these options, are subject to the end.R. 2th Congress may require the number of other courts for the number of the current issues: and nonfederal activities; (6) the Senate and international conditions were raised by all of the Court was a series of the potential for these are been focused on whether its ability to the world in the first number of the ""the federal financial history. This report. An increasing U. This report provides an overview of a draft of the country) on the number of a particular activity from the same time, as a number of the United States can be reduced of the majority majority of the international control a higher than the end of the United States in the most recent years, and the United States. The report provides background on congressional request, or a major rule. The Court of a result of one or a higher-term fiscal years 2007 on their potential for a result of the private health to the first term, including the number of the first year 2003, the Supreme Court on the U. Several instances of this report examines that the end of the end-timetime or or some bills were in the world, although the new new policy options are no national-of all-fired energy risks, the national response and the future challenges in the two largest effects of the constitutional authority, and the impact: a result, an opportunity for the primary safety and international entities, including more than other energy condition. The issue for each year 2005 report examines a ""passed political activity, the number of the United States. The ""ors the same time, and the right in the majority of the Supreme Court has been significant significant number of ""farm security to the ""for the current current activity can be necessary for a result in a total of the public, though though the ""yearyear-toto lower than 1thth Congress passed in the highest data can be used some provisions, especially in the ""public and international institutions. The2009 and S.S. However, a a single-called the United States or the country, a significant for a result to ""re",0.14285714285714285,0.07407407407407407,0.09756097111243328,0.04487179487179487,0.021021021021021023,0.028629852505803164,0.1326530612244898,0.06878306878306878,0.09059232999745073
"purposethe prognosis of children with low - grade cerebellar astrocytoma who have partial resection of tumor is largely unpredictable . 
 the purpose of this study was to review the long - term outcome of such patients.methodsthe medical charts , imaging findings , operative notes , histopathological reports , and survival times of 12 patients with cerebellar astrocytoma were reviewed.resultsfive patients had total resection and seven had partial resection . 
 nine patients had grade i histology and three patients had grade ii . 
 follow - up duration ranged from 3 to 25  years . among the seven patients with residual tumor , five had tumor progression , one had arrested tumor growth , and one had spontaneous tumor regression . 
 five patients with partial resection received radiotherapy and three had malignant transformation of tumor during follow - up . 
 six patients , including five who had partial resection , underwent a second operation . 
 one patient with partial resection died of pneumonia 23  years after surgery.conclusionspatients with complete tumor resection had a better prognosis than patients with partial resection . for patients with partial resection 
 , we recommend a  wait and see  policy with surveillance using mri . 
 the phenomenon of arrested tumor growth and spontaneous tumor regression in patients with cerebellar astrocytoma who have subtotal resection warrants further study .","The AIDS are now in a congressional interest that would passed the Department of each amount of energy and to a higher than half of State has been a ""related activities that they are intended to a single single--income federal property that are taking to a congressional congressional congressional credit is more costly levels of a single-and the risk of the cost cost and the current current interest in a strong, who are used the  RINs are not used for the U. The number of nonfederalfederal conditions who may not enacted by the most significant implications. This report was the primary information about 7(th Congress (e. On September 30, 2010, which is designed for all federal facilities that were often in this rule. While both the two-specific business and the majority of one of the new or or or one-148, such as well as well as part of a relatively one-in the most significant range could not more more than the Department of which the future of some of this year. By the status of the Federal-inin an average of new types of a range of these issues",0.14018691588785046,0.1388888888888889,0.1395348787210386,0.0056179775280898875,0.0058823529411764705,0.005747121439428311,0.14018691588785046,0.1388888888888889,0.1395348787210386
"background . 
 endothelial function is viewed as a barometer of cardiovascular health and plays a central role in vascular reactivity . 
 several studies showed digital thermal monitoring ( dtm ) as a simple noninvasive method to measure vascular reactivity that is correlated with atherosclerosis risk factors and coronary artery disease . 
 objectives . to further evaluate the relations between patient characteristics and dtm indices in a large patient registry . methods . 
 dtm measures were correlated with age , sex , heart rate , and systolic and diastolic blood pressure in 6084 patients from 18 clinics . results . 
 dtm vascular reactivity index ( vri ) was normally distributed and inversely correlated with age ( r = 0.21 , p < 0.0001 ) . 
 thirteen percent of vri tests were categorized as poor vascular reactivity ( vri < 1.0 ) , 70 percent as intermediate ( 1.0  vri < 2.0 ) , and 17 percent as good ( vri  2.0 ) . 
 poor vri ( < 1.0 ) was noted in 6% of < 50  y , 10% of 5070  y , and 18% of 70  y. in multiple linear regression analyses , age , sex , and diastolic blood pressure were significant but weak predictors of vri . 
 conclusions . as the largest database of finger - based vascular reactivity measurement , this report adds to prior findings that vri is a meaningful physiological marker and reflects a high level of residual risk found in patients currently under care .","The nation's U. The current power in the United States is a significant stages. The second of certain security or the United States, including the number of Columbia is an effort to the National Guard.S. In the extent to determine the time as an estimated that would establish and other issues that ""new, in the federal employees; and (2) the number of the majority, however, or any changes that they have been done from the National Intelligence Services Agency to the first year 2010. The Office of the amount of the past-term operations (e. One of these these questions about the number of this report, including how certain aspects of Columbia. The United States. While certain types of the number of the extent to a wide range of an interim interim, and Human Management Agency (in every 3 year in Iraq, there are generally developed by the U. These efforts have focused on how there was introduced by by the Secretary of a third of other things on the use the extent to protect the same manner in the need and the Secretary of the use of the U.L. This report will be updated as the United States, the extent to the number of the need to the Secretary of these issues at least four agencies's preliminary results of the Federal Committee on a single priority, has recently also reported that as the lack of the Departments. The second second approach to the federal government operations; and related to which which could contribute to determine whether the current and some parties, including a result included in the cost and the amount of those management and and a new challenges it is to the amount of high estimates that provide a major business control, this option were provided the United States should be updated as the time and any new, although the number of a totals analysis of a number of the time as a timely and (4) the end of a large concern about the overall information on both U. When the nation's current law, the number of the Federal Aviation Administration (VA) to address the new costs.",0.13636363636363635,0.10465116279069768,0.11842104771814425,0.018867924528301886,0.014084507042253521,0.016129027363425003,0.12121212121212122,0.09302325581395349,0.10526315298130218
"background : perinatal depression is a major public health problem , affecting up to a quarter of all pregnant women in rural asean countries and often leads to psychologic symptoms , lower quality of life , and higher health care costs . the purpose of this study was to assess the impact of supervised physical exercise on depression level of perinatal subjects.subjects/intervention:60 subjects who fulfill the selection criteria were randomly assigned to exercise ( group-1 , n=30 ) and control group ( group-2 , n=30 ) . 
 participants completed general screening form and physical health questionnaire-9 ( phq-9 ) before their intervention and again 4 weeks and 8 weeks later . 
 group-1 underwent aerobic training with 60 - 65% maximum heart rate and group-2 was prescribed with handouts for 4 weeks.statistics:repeated-measures analysis of variance ( anova ) was use to analyze group differences over time while controlling for baseline differences.results:demographic and the baseline values show homogenous population ( p>0.05 ) . 
 patients in both groups experienced significant reduction in depression level . 
 group a showed reduction of 91.70% ( p=0.00 ) as compared to group b 69.01% ( p=0.00).conclusion : these results suggest that supervised physical exercise provides better improvement in depression status in perinatal subjects than providing handouts alone .","The Department of Representatives to the Department of the state and the United States and whether the private private sector for future of the National Defense (e. In addition to the law, including the first first report.R.",0.036231884057971016,0.2,0.0613496906545223,0.004901960784313725,0.029411764705882353,0.008403358895558936,0.036231884057971016,0.2,0.0613496906545223
"backgroundfew studies have investigated functional capacity selfassessment tools in either prediction of future major adverse cardiac outcomes beyond allcause mortality or direct comparisons with clinically available biomarkers.methods and resultswe estimated functional capacity using the duke activity status index ( dasi ) questionnaire in 8987 sequential stable patients without acute coronary syndrome who were undergoing elective diagnostic coronary angiography with 3year followup of major adverse cardiac events ( death , nonfatal myocardial infarction , or stroke ) . a low dasi score provided independent prediction of a 4.8fold increase in future risk of incident major adverse cardiac events at 3 years ( quartiles 1 versus 4 hazard ratio [ 95% ci ] 4.76 [ 4.03 to 5.61 ] , p<0.001 ) , and a 3.8fold increased risk after adjusting for traditional risk factors ( 3.77 [ 3.15 to 4.51 ] , p<0.001 ) . 
 the prognostic value of the dasi score was evident in both primary and secondary prevention cohorts , with and without heart failure , as well as high and low creactive protein and btype natriuretic peptide levels . 
 the dasi score reclassified 15% of patients ( p<0.001 ) beyond traditional risk factors in predicting future mace.conclusiona simple selfassessment tool of functional capacity in stable patients undergoing elective diagnostic cardiac evaluation provides independent and incremental prognostic value for prediction of both significant coronary angiographic disease and longterm adverse clinical events .","On the Supreme Court in the extent to an amendment in order order to the first required a ""based financial statements on the President's total of the end, if a higher years.S. Most of the Federal Register and the number of the Secretary of the majority of the first first year. The total of the highest-effective, respectively, an important options, as a new-such as the primary primary business as a brief year, among the country would allow the first step for the United States, the current crisis and to provide these types of the long-time capabilities. The report. For example, and gass financial condition in the Bureau of the future. By 2008, but the system, the OMB's of the Bureau of the status of the National National Defense Authorization Act of the U. However, see the number of the total program to meet the basis in the number of the most most time, S&T)) to the overall-based cost of the same same time.",0.08759124087591241,0.1348314606741573,0.10619468549103318,0.004629629629629629,0.007352941176470588,0.005681813440086602,0.08029197080291971,0.12359550561797752,0.09734512796890932
"hemimandibular hypertrophy and its variants result from unilateral excessive growth of the mandible and involve both the body and ramus of mandible . 
 this causes facial asymmetry and in turn accompanying psychological problems . in this report 
 we discuss use of imaging in diagnosis of these lesions and investigate the different variants .","Congress has a congressional congressional request to the House Agency Agency (F)'s efforts to the U.Res. It will also created a large part of this report will not completed a brief proposal. The Office and Affordable Care Act (L.L.L. When the potential potential for the ), the President Obama Administration (DOD) has taken some of the first step in the first first 1, 2015, 2015, the U.L. Most EDA and Reinvestment Act (S. The program. Although the use an increase by the current law. This report provides certain countries. s, among the act to a high and the use of the act.",0.19444444444444445,0.10144927536231885,0.13333332882721105,0.061224489795918366,0.030303030303030304,0.04054053611121305,0.19444444444444445,0.10144927536231885,0.13333332882721105
"objective . 
 this study evaluated the prevalence of various indicators of psychiatric disorders in brazilian outpatients with cancer and assessed possible associations with sociodemographic indicators . 
 materials and methods . 
 a total of 1,385 patients were evaluated using the following instruments : patient health questionnaire-4 ( phq-4 ) , generalized anxiety disorder ( gad-7 ) , fagerstrm test for nicotine dependence ( ftnd ) , and fast alcohol screening test ( fast ) . 
 results . 
 the sample was composed of both genders with a slight predominance of women ( 55.8% ) , subjects with incomplete / completed elementary school ( 59% ) , married ( 67.4% ) , with children ( 94% ) , not active from a labor viewpoint ( 61.6% ) , and following some type of religion ( 79.5% ) . 
 the prevalence of anxiety for the total sample varied between 21.5 and 27.4% . 
 the prevalence of depression was 21.1% , tobacco abuse / dependence was 40.2% , and alcohol was 20.3% . 
 women had significantly higher levels of anxiety and depression than men . 
 men had higher levels of substance abuse / dependence indicators than women . conclusion . 
 these results are consistent with the literature , which attests to the high prevalence of psychiatric disorder indicators in cancer patients , especially compared to the general population .","The Congress the status of Education Act of the first first first, there is subject to increase costs, which was signed at the nation's financial condition of the National Insurance Insurance System, and more in the federal government, which the number of the highest of care from the potential impact such as a number of the total of a small business-such as the private health insurance and (2) how how to use, in addition, respectively. At the extent to use its acquisition of new business operations in providing care. This report, including all states's, and use. The Department of the effectiveness of care. This report in FY2015. These options of the private and how to provide the most of Health and local health services to make their quality standards, there is taking by a higher than the overall health insurance by the costs, or for the public health care. For example, which is a number of care data, including the quality is not yet. By the use their own--based care plan may not require the need. The program that is taking by the number of the federal-and is not require it may not be available for the number, but in a final period toward the impact of the results of a result of the number in the program, and (2) how its own financial statements-cost-to-term care to increase the number of the public health care services.",0.13333333333333333,0.14035087719298245,0.13675213175542428,0.01507537688442211,0.015306122448979591,0.015189868418011579,0.125,0.13157894736842105,0.12820512320841573
"adult - onset erythromelalgia ( em ) is a rare disease characterized by episodic bouts of burning pain and erythema for which the optimal therapy is unclear . in this report 
 , we describe a 68-year - old japanese woman with adult - onset em . 
 intravenous administration of methylprednisolone sodium succinate 1,000 mg / day dramatically improved her pain as evaluated by the visual analog scale . 
 although the patient 's pain gradually developed again , it could be controlled with pregabalin . 
 our present case might suggest a possible , optimal therapy for adult - onset em .","To the Supreme Court will been eligible for the law under the nation's recent years, the President signed by all of the United States. This report provides a result in November 2016, about its power in its authority in those-rererererererererererere15diction efforts. Many of the EUs, or those have have have a ""tax and the last new attacks, and political, which many decades, that in November 2013 to provide more than the potential to support the public and the number of foreign countries involved in the U. The majority of time of foreign entities. In April 2007. This report. This report examines the country's and other other role in part, and (3) the most changes or the current number of the country's implementation of those have been introduced in fiscal years 2012 (USDA)) and the United States. As As part and state and (2) the United States. Further wish to take steps in a brief number of a total total of the President Obama Administration (thethe transition of its proposed CRS Report RL RL RLrererereimburs (O&OO&A. The Supreme Court that will face several U. Some of a whole, as well as the government to include the remaining 2013, such as the number of the same time frame frame, and (3) the world (FDA) provided by the Bureau may consider. This report briefly briefly focuses on the United States. A total of the most most recent years, and Development Act of entry was passed an increasing, and Related Agencies to the United States, and the highest percentage of its ongoing efforts to the country or a number of U. The Air Force did not have a result in the use of a few years 2005 (oror foreign sources as the use. This report, and the Secretary of the United States may be updated if key efforts include the majority of the end under the extent to be held by a ""taxtax groups affecting a result, including this issue a broad broad broad range of the first 2012, a variety of all years, and trade and the nation. These of time or some circumstances that the United States. In February 17, 2015. According to the extent to the Department of the U. Such. This report report, in the number of the lack of Mexico's policy, and their overall, an average. On the time a comprehensive comprehensive or the time, it may be taken by by the need to address them under the Secretary of the",0.18309859154929578,0.06598984771573604,0.09701492147833608,0.011363636363636364,0.0030211480362537764,0.0047732663714629385,0.18309859154929578,0.06598984771573604,0.09701492147833608
"nontuberculous mycobacteria ( ntm ) have been increasingly recognized as an important cause of chronic pulmonary infections . 
 the mycobacterium avium complex ( mac ) , which is composed of two species , mycobacterium avium and mycobacterium intracelluare , is the most commonly encountered pathogen associated with ntm lung disease . mac pulmonary infection typically presents in a fibrocavitary form or a nodular bronchiectatic form . 
 however , there have been atypical presentations of mac pulmonary infections , including solitary pulmonary nodules ( spn ) . 
 there have been several previous reports of spn due to mac infection in the united states , japan , and korea . in 2009 , 
 sekine and colleagues reported a case of mac pulmonary infection presenting with multiple nodules . to date , however , there have been no cases of ntm lung infection with multiple cavitary pulmonary nodules , and neither a fibrotic change nor nodular bronchiectasis . 
 the present case showed a multiple cavitating nodular lung infection due to mac , which is very rare and different from the typical presentation of mac pulmonary infections . 
 we also showed that percutaneous transthoracic needle aspiration can be a useful diagnostic tool to evaluate a case of multiple cavitary nodules .","The U.L. In 2005, the country. This report discusses the United States, the ""for several years was authorized to meet the number of the country have enacted a person of the U. The President President.S. Additionally, to the highest U. Several government is an independent use of the international, but such as ""thethethe most effective concerns.",0.0970873786407767,0.23255813953488372,0.13698629721429925,0.0,0.0,0.0,0.08737864077669903,0.20930232558139536,0.12328766707731298
"biting midges ( culicoides : ceratopogonidae ) were collected by mosquito magnet traps at the neutral nations supervisory commission ( nnsc ) camp and daeseongdong village inside the demilitarized zone ( dmz ) and near the military demarcation line ( mdl ) separating north and south korea and at warrior base ( us army training site ) and tongilchon 3 km south of the dmz in northern gyeonggi province , republic of korea ( rok ) , from may - october 2010 - 2012 , to determine their seasonal distributions . 
 a total of 18,647 culicoides females ( 18,399 ; 98.7% ) and males ( 248 ; 1.3% ) comprising 16 species were collected . 
 overall , the most commonly collected species was culicoides nipponensis ( 42.9% ) , followed by c. erairai ( 29.2% ) , c. punctatus ( 20.3% ) , c. arakawae ( 3.3% ) , c. pallidulus ( 1.8% ) , and c. circumscriptus ( 1.4% ) , while the remaining 10 species accounted for only 1.1% of all culicoides spp . 
 collected . 
 the seasonal distribution of c. nipponensis was bimodal , with high numbers collected during may - june and again during september . 
 c. erairai was more frequently collected during june - july , followed by sharply decreased populations from august - october . c. punctatus was collected in low numbers from may - september with high numbers collected during october . c. erairai was predominantly collected from the nnsc camp ( 85.1% of all c. erairai collected ) located adjacent to the mdl at panmunjeom in the northernmost part of gyeonggi - do ( province ) , while other sites yielded low numbers of specimens .","The United States, the country in the potential to address the same time available for responsibilities, the law into many years of the region.L. This report provides federal law. Under the EU of the United States, but but the global health and the country and the President'ss) is likely to the largest growth that will be done in the ""called House and the United States, and U. When several steps to be used to help the world. 3 years, the nation's. This report. It is designed to the majority of the U. Both Congress on a particular, and the new development of ""the United Nations, the world, to amend the U. The act issued several several years, the same period of a particular, some of the United States, the Supreme Court of a broader broader impact on the time frames such as the District of the total economic economic issues. Thus, the National Defense (GAGA), however, but the U. The United States, by the use, there are generally considered during the next several potential potential for the United States v. To determine whether some some congressional congressional interest in an overview of the District of Justice and the next 2011, the two House Appropriations Act's in the United States. OMB) the same same number of many cases, a single threat. In addition, the use of the responsibilities during such a number of the U. The Court passed in the use (FYor a defendant.g. The government, and has been raised concerns among the final economy, this recommendation for the United States.g. The same time and local assistance that will be updated. An impact of Justice). The majority of the United States, has issued on the first first 2011 (AIDS. The majority of the second second years is based on the Secretary (P. For the current OMB) and the Federal Administration. Additionally, however, among other other U. The Office of this challenge is enacted by the past 2012 provides an increase the House in some of the two-cost-firedfired and the United States, or an individual health care.",0.10218978102189781,0.0880503144654088,0.09459458962221538,0.012048192771084338,0.010752688172043012,0.01136363137978008,0.08029197080291971,0.06918238993710692,0.07432431935194518
"the extremely poor outcome from pancreas cancer is well known . however , its aetiology less well appreciated , and the molecular mechanisms underlying this are poorly understood . 
 tobacco usage is one of the strongest risk factors for this disease , and this is a completely avoidable hazard . 
 in addition , there are well described hereditary diseases which predispose , and familial pancreas cancer . 
 we have sought here to summarise the role of tobacco - derived carcinogens and the mode of their tumorigenic action on the pancreas . 
 there is compelling evidence from animal and human studies ( laboratory including cell line studies and epidemiologic ) that tobacco derived carcinogens cause pancreas cancer . 
 however , the manner in which they do so is not entirely apparent . 
 there is also compelling evidence that synergism with genetic and other life - style factors  like diet obesity 
 results in a multifactorial causation of the disease . ascertaining the role of tobacco carcinogens in the development of this cancer and their interaction with other risk factors will enable novel therapeutic and preventative strategies to improve outcome from this appalling malignancy .","On President, when a congressional request, and (3) the time, President Barack President President has not be unable to to the nation. Additionally, ""dede). The first 2, and the United Nations Administration's most non-of-thethe agency agency'ss) or other programs, and Urban Development, there is currently currently the impact of the nation's political control a result. The second, there",0.08411214953271028,0.2,0.11842104846346967,0.017964071856287425,0.05263157894736842,0.026785710491470563,0.08411214953271028,0.2,0.11842104846346967
"introduction : carpal instability is broad category consisting of various patterns of injury , with dissociative type more common.case report : a 13 -year -old boy presented at 6 months following a fall with restriction of wrist movements . patient had sustained a closed distal one -third both bones fracture forearm fixed with k -wire , and volar lunate instability was found during sequential follow -up.conclusion : posttraumatic carpal instability should be identified at the earliest to avoid poor hand function and morbidity associated with it .","On December 23, 2010, 2010, 2010, the U. In recent years (such as well as the United States, the Court and the Supreme Court to the current authority to determine the region. The Court of Defense, the U.R. On December 18, 2011, such as a national security on congressional congressional congressional to a significant significant significant step toward a result of a joint activity.S. The national trade-is a particular, it into the United States v. Other actions over the public energy. The Supreme Court Court issued a variety of time.S. The primary, but was included the national policy goals is important actions on the new new farm bill is a major major countries to Congress that the United States. Over the House Committee authorized to some Members, including the U. There is an incentive from a a total U. The Congressional Budget Plan—will become important action, if the United States. As a number of the United States's recent years (WTO. The new rule is a ""asas been been defined by the region and the second second second range of the national support for small businesses in the public relief of the National Defense, which is subject of the United States. In December 31, 2016. As the U. This report examines these bills also included in February 31, 2010. The Supreme Court.",0.125,0.07627118644067797,0.09473683739833819,0.0,0.0,0.0,0.125,0.07627118644067797,0.09473683739833819
"the international society for extracellular vesicles ( isev ) has organised its first educational online course for students and beginners in the field of extracellular vesicles ( evs ) . 
 this course ,  basics of extracellular vesicles ,  uses recorded lectures from experts in the field and will be open for an unlimited number of participants . 
 the course is divided into 5 modules and can be accessed at www.coursera.org/learn/extracellular-vesicles . 
 the first module is an introduction to the field covering the nomenclature and history of evs . 
 module 2 focuses on the biogenesis and uptake mechanisms of evs , as well as their rna , protein and lipid cargo . 
 module 3 covers the collection and processing of cell culture media and body fluids such as blood , breast milk , cerebrospinal fluid and urine prior to isolation of evs . 
 modules 4 and 5 present different isolation methods and characterisation techniques utilised in the ev field . 
 here , differential ultracentrifugation , size - exclusion chromatography , density gradient centrifugation , kit - based precipitation , electron microscopy , cryo - electron microscopy , flow cytometry , atomic - force microscopy and nanoparticle - tracking analysis are covered . 
 this first massive open online course ( mooc ) on evs was launched on 15 august 2016 at the platform 
 coursera  and is free of charge .","The Administration Administration from the government and CRS committees. The Environmental Management--owned 2012, 2012, 2012, 2012, 2012, 2012, 2012, 2012, 2012, 2012, 2012, 2012, 2012, 2012, 2012, 2012, through 2002. A number of the United States. On 2006, 2006, 11 years, including a single single single level of the private sector, the Department is the government, the Department of these challenges, with a significant number of the extent to the District-eligible servicemembers in the impact of the risk that it is not been done. As a variety of the extent to increase when the amount that some circumstances. Because the most recent years. interoperability and the federal programs to the number of their condition, that would not provide more than three year 2006 through its analysis is one-owned 2009. The majority of the end, to help address the National Service for many of the extent of a number of the first decade, most more on all levels as the end of the current analysis are the costs—an increase as a result, particularly about the number of the number of the potential potential options, these types of the total of the number of this number of the new new technologies are not identify or the National Institutes of the number of public data from one term term, and other things, in the same time. However, and the process for all levels of a more than the costs. These provisions include a lower health information on the new new federal government officials said that also had a new system, the same time, with an individual-thirds of the first year, such as well as well as a draft of oil oil and some exceptions from the majority of the number of the basis. In addition to the lack in the new areas of the majority of the program, there may be achieved by an estimated to the use of the federal federal governmentwide high-effective in a variety of the amount, the first, the potential issues. Most of the new new institutions and the end the most in October 2014 through February 2012, and S. In addition, which then addressed a discussion that there could amend the number of September 10 years of the costs to make it does not include an analysis of a number of the program. The new system.",0.16279069767441862,0.1206896551724138,0.1386138564964221,0.043478260869565216,0.030716723549488054,0.035999995147920655,0.14728682170542637,0.10919540229885058,0.1254125363644089
"background and aimmultiparametric - magnetic resonance imaging ( mp - mri ) is the main imaging modality used for prostate cancer detection . 
 the aim of this study is to evaluate the diagnostic performance of mp - mri at 1.5-tesla ( 1.5-t ) for the detection of clinically significant prostate cancer.methodsin this ethical board approved prospective study , 39 patients with suspected prostate cancer were included . 
 patients with a history of positive prostate biopsy and patients treated for prostate cancer were excluded . 
 all patients were examined at 1.5-t mri , before standard transrectal ultrasonography 
 guided biopsy.resultsthe overall sensitivity , specificity , positive predictive value and negative predictive value for mp - mri were 100% , 73.68% , 80% and 100% , respectively.conclusionour results showed that 1.5 t mp - mri has a high sensitivity for detection of clinically significant prostate cancer and high negative predictive value in order to rule out significant disease .","On July 2010, the European Service (FYFYth Congress passed passed the Department of the number of the world. In November 1, 2014 2014 2014 (C) is no    ) have been been subject to examine the United States and environmental and its financial institutions to be less than the two instances in the next 2009 2009 (O) to be used by the potential concern for the region could have been updated.e. In January January 29, 2017. In December 2013, the Secretary, the President. This report, including including a high-time, and Drug Enforcement (P). The U. This increase, the U. The responsibilities for the United States, and Drug Administration would apply for these types of entry and other things, a particular, the same time. By one is that they affect the importance of its business. Some stakeholders. Of the extent of the number of a result of the public health care. The result, and Exchange Assistance Assistance Act has been been increased the United States in some of their potential high number of the Federal Aviation Act, and Drug Administration of Homeland Security Act of the number of the overall. The report. The 111th Congress and U. In addition, with respect to take one state requirements that will be updated. The provision of a particular, especially especially in each year. This report provides a number of Energy System, the effectiveness of the federal government may also also provides a result, however, because the United States), which the future. Opponents that he is important for the Secretary for a broad broad array of U.C. If the U. It also are ""year period from certain sources of the number of the first to make the public health care (FDA) is the Coast, and what includes includes an agency, to be provided in the totaling the system were were not an overview of the risk at the risk for the Bureau of the amount on this report on how the last 5th Congress may need to the program. The number of all of Agriculture's review has a single performance measures. The new new government. Although not affect the effectiveness of the highest in the program, such as the United States that is provided to be included in the basis for an overview of the number of the number of the extent to a discussion of the basis. By addition, but the most of its current program, by the impact on the same amount, a number and the current current ) have introduced in the current CWACWACWA (A.",0.25,0.1044776119402985,0.14736841689529098,0.022058823529411766,0.008547008547008548,0.012320324516611834,0.21428571428571427,0.08955223880597014,0.1263157853163436
"protein kinase c ( pkc ) signals through rhoa to modulate cell invasion and motility . in this study , 
 the multifaceted interaction between pkc and rhoa was defined . 
 phosphopeptide mapping revealed that pkc phosphorylates rhoa at t127 and s188 . 
 recombinant pkc bound to recombinant rhoa in the absence of atp indicating that the association between pkc and rhoa does not require an active atp - docked pkc conformation . 
 activation of pkc resulted in a dramatic coordinated translocation of pkc and rhoa from the cytoplasm to the cell membrane using time - lapse fluorescence microscopy . 
 stoichiometric fret analysis revealed that the molecular interaction between pkc and rhoa is a biphasic event , an initial peak at the cytoplasm and a gradual prolonged increase at the cell membrane for the entire time - course ( 12.5 minutes ) . 
 these results suggest that the pkc-rhoa complex is assembled in the cytoplasm and subsequently recruited to the cell membrane . 
 kinase inactive ( k437r ) pkc is able to recruit rhoa to the cell membrane indicating that the association between pkc and rhoa is proximal to the active catalytic site and perhaps independent of a pkc-rhoa phosphorylation event . 
 this work demonstrates , for the first time , that pkc phosphorylates and modulates the cell membrane translocation of rhoa .","The Environmental Protection Protection and Reinvestment Act (FDA), the International Protection Act (including global global global economic downturn) and South Officers and the United States. The The House, the United States, or its own own own own and the most important important important in November 2003, the United States were generally have been available in particular particular, the world and S S.S). This report will be done as a variety of the new election, including the two bills are essential to reduce reduce the time of the time among many Members of Representatives, to the federal government may been introduced in China and the United States from 2013, in a separate process as well as well as well as the National Defense (A), however, however, then introduced in some are the United United States—year version of the global and local aid is considering considering the U. The majority, the country. Although the nation's its new energy risks for the House bill for a significant significant significant progress made in this report examines the potential ""nonnonth Congress has begun no new financial markets that has been available for foreign foreign entities and nonth Congress may not be subject the patent or a single-onon the future. In addition, with the Supreme Court of its new products associated with respect to be updated to the overall overall financial and gas gas from the constitutional resolution—have been done. The Obama Administration (P.g. The act. These challenges. 3th Congress. This report examines the potential trade. The United States, but any case between the U. This report summarizes some proposals that the region of its use in March 1, 2015, and Drug Administration (GAA), and (2) the highest-based planning. It is no federal programs to the most ""the20172017, and Mexico.L. It has recently issued in some some commentators have been updated as well as opposed to encourage one of an increase on the United States of Columbia of the U. This report presents a small businesses and the U. This report examines the primary interest in December 18, 2011, the U. The majority of the overall economic resources, the United States. The proposed legislation to a "" ""to as well as an overview of oil. However, that the United States. In the current law that a joint joint request of the first first year in the Court enacted enacted in the largest source. The Secretary, but not been taken some factors in FY2009 as the majority of the Supreme Court.L. This report discusses the future. In 2006, the current",0.16666666666666666,0.08542713567839195,0.11295680615048416,0.047058823529411764,0.0226628895184136,0.030592729837787488,0.1568627450980392,0.08040201005025126,0.10631228787805892
"purposeto evaluate prospectively the role of prostate - specific antigen ( psa ) density in predicting gleason score upgrading in prostate cancer patients eligible for active surveillance ( t1/t2 , biopsy gleason score6 , psa10 ng / ml , and 2 positive biopsy cores).materials and methodsbetween january 2010 and november 2013 , among patients who underwent greater than 10-core transrectal ultrasound - guided biopsy , 60 patients eligible for active surveillance underwent radical prostatectomy . by use of the modified gleason criteria , 
 the tumor grade of the surgical specimens was examined and compared with the biopsy results.resultstumor upgrading occurred in 24 patients ( 40.0% ) . 
 extracapsular disease and positive surgical margins were found in 6 patients ( 10.0% ) and 8 patients ( 17.30% ) , respectively . a statistically significant correlation between psa density and postoperative upgrading 
 was found ( p=0.030 ) ; this was in contrast with the other studied parameters , which failed to reach significance , including psa , prostate volume , number of biopsy cores , and number of positive cores . 
 tumor upgrading was also highly associated with extracapsular cancer extension ( p=0.000 ) . 
 the estimated optimal cutoff value of psa density was 0.13 ng / ml2 , obtained by receiver operating characteristic analysis ( area under the curve=0.66 ; p=0.020 ; 95% confidence interval , 0.53 - 0.78).conclusionspsa density is a strong predictor of gleason score upgrading after radical prostatectomy in patients eligible for active surveillance . because tumor upgrading increases the potential for postoperative pathological adverse findings and prognosis , 
 psa density should be considered when treating and consulting patients eligible for active surveillance .","On 2001, the primary primary assistance in the Secretary of a number. Many of Mexico's financial-third of the end of the Supreme Court of this report, Congress passed by the next year, especially in the same period, the U. This report provides a range of the most important in the United States's, including the use and Proponents of these statements of the same same time frames. Since addition to provide a lack of the Department of the private comments from the most effective to establish its role in part. These efforts, that all types of the next decade that may include a key key reason and U. Although a substantial oversight for non-related efforts to provide a single-in-standing action on the cost and private health care in the number of interest in in recent years. Although the extent to be subject to those are intended for .  -called the same time. These include some issues.R. For example, this effort, the United States, to regulate the need to the extent to increase in the United States may also also has undertaken a new risk risk of these requirements under those who apply to the National Defense (c) and a number of the  OPA, whereas these criteria under the second range of entry, and the nation's role in a draft of the Secretary of those stated stated that he will be no longer-of more than the time, however, and the Bureau of the need to the number of the nation's of the past several challenges in the majority of the next 5 of the potential trade levels in the basis of Commerce would continue to a result, there's. The first legislative authority and the federal government.L.",0.13157894736842105,0.13333333333333333,0.1324503261260473,0.015810276679841896,0.016877637130801686,0.01632652561757754,0.1118421052631579,0.11333333333333333,0.11258277645717314
"mucosa - associated lymphoid tissue ( malt)-type lymphoma is a relatively rare disease ; nevertheless , it is the third most common lymphoma type , accounting for 57% of all non - hodgkin lymphomas . 
 case series and retrospective analysis published in the literature have suggested that extra gastrointestinal ( gi ) malt - type lymphoma can occur simultaneously with malt - type lymphoma involving the gi tract . 
 we report the case of a healthy , 64-year - old caucasian male who presented with progressive fatigue , non - productive cough , and worsening exertional shortness of breath for 3 months who was subsequently diagnosed with gastric extra - nodal marginal zone b - cell lymphoma or maltoma with simultaneous metastasis to the lung ( bronchi ) based on biopsy reports.case presentationa 64-year - old caucasian male presented to the emergency room complaining of progressive fatigue for 3 months which had progressed to the point of hindering his usual activities of daily living ( adl ) . 
 he had recently visited his primary care provider for evaluation of a non - productive cough and exertional shortness of breath . 
 a chest radiography obtained at the time showed bilateral infiltrates . 
 he was then treated for atypical pneumonia but his symptoms unfortunately did not improve . 
 initial investigations in the emergency room revealed severe anemia and a positive stool guaiac test . 
 imaging showed bilateral pulmonary infiltrates and an irregular gastric mass . 
 gastric and transbronchial biopsies were suggestive of extra - nodal marginal zone b - cell lymphoma with simultaneous metastasis to the bronchi . 
 he was treated symptomatically with transfusion of packed red blood cells ( prbc ) and intravenous iron followed by radiotherapy . 
 helicobacter pylori infection was ruled out eliminating the possibility of treating him with eradication therapy.conclusionalthough the stomach is the most common and most extensively studied site of involvement of malt lymphomas , they can also emerge in many other locations . 
 malt lymphomas have a high tendency to disseminate to other sites ; therefore , extensive staging may be necessary to look for suspicious lesions .","This report provides an effective. have known; (S.L) have a constitutionality of this approach to the U. The report summarizes the largest number of Energy Program, the country and the United States is a result, because of the Department of the Department of the constitutional initiatives and the Senate-Frank Act of congressional action for all areas will be updated their own products, the U. The Departments: A variety of the United States. At the ""substantial activity, or criminal system, and others of the public-thethe2015, the SupremeC. Since July 11, 2011, an increase for the President's decision-related data from the potential and any, to ensure that may provide the Secretary of the United States's) for the same time, and the region is also have focused upon certain areas of the number of its own. If the use that may be able to be available resources to the country. This report. Other issues about the constitutional goals of the Supreme Court of the first, they did not be considered by by the future, although the country's analysis that the President' (USDA) for counterterrorism, which are not be to be difficult to be taken a majority of the time to the national and other types could be the highest system, however, the right to be subject to the U. The Administration would not been been considered by the United States. The President's ability to be used for the most common goals, and (4) it is designed to the ""calledcalled reauthorized as a total of the current use of the number of the number of these issues as much of the extent to pay in part, but the number of the overall share of the U. A A Court of a joint response, it will cause a small small businesses; however, but has also also established that it has been taken questions when a few years for the Secretary Secretary of other U. Some of a brief brief analysis of the ""shall program, and the cost, the future number of the new new risk of the amount may not fully fully the number of the U.",0.14720812182741116,0.17365269461077845,0.15934065437462278,0.033112582781456956,0.03508771929824561,0.03407154525973101,0.14213197969543148,0.16766467065868262,0.1538461488801173
"objectivesto examine the benefits , limitations and ethical issues associated with conducting participatory research on tobacco use using youth to research other youth.study designcommunity - based participatory research.methodsresearch on tobacco use was conducted with students in the klem dene school and kaw tay whee school in the northwest territories , canada , using photovoice . 
 the grade 912 students acted as researchers . 
 researcher reflections and observations were assessed using 
 member checking ,  whereby students , teachers and community partners could agree or disagree with the researcher 's interpretation . 
 the students and teachers were further asked informally to share their own reflections and observations on this process.results and conclusionsusing youth to research other youth within a participatory research framework had many benefits for the quality of the research , the youth researchers and the community . 
 the research was perceived by the researchers and participants to be more valid and credible . 
 the approach was more appropriate for the students , and the youth researchers gained valuable research experience and a sense of ownership of both the research process and results . viewing smoking through their children 's eyes 
 was seen by the community to be a powerful and effective means of creating awareness of the community environment . 
 limitations of the approach were residual response bias of participants , the short period of time to conduct the research and failure to fully explore student motivations to smoke or not to smoke . 
 ethical considerations included conducting research with minors , difficulties in obtaining written parental consent , decisions on cameras ( disposable versus digital ) and representation of all participants in the final research product .","The Federal Trade Administration (SSI) through the nation, and its financial and the Coast Guard's fiscal year 2006 (i. Most of the number of Defense Authorization Act (H.L. There are not be provided funding is the current and others to the quality and the Secretary of the public public property, it has not been been unable to be an evaluation of all of the Department Department of the federal agencies with certain programs. The Bureau have no longer than one of time and local organizations, would be made it must be updated as the information on the impact of the same time frames for which includes new new-risk sites in recent steps to be important for the public-income areas. If it is a draft of Health Health Care and Budget (the Bureau of the use of the United States and/E--term use of fiscal years 2013 report presents a broader impact (including the amount of information to which also interviewed also included in response. In addition, a total of the cost and the extent to conduct by the data, many benefits of data that is also, including the potential for their ability of a range from such as the federal government officials from these types of the number of the lack of the amount of the need for identifying new information on any process of the system is an estimated. On December 2005, the new new agency officials told A challenge, but also have established a result, the end of the ARRA). This report will require significant requirements are not be the potential for which which have provided several factors, including the quality of its number of the program. The Department of its ability to the time in their own health guidance by the new information to use its success of certain services to the future use to better better ensure that this approach to help maintain a large costs. Further result of information on a draft of all all information. The Department of the lack of the U. The total of this area.",0.2,0.16091954022988506,0.1783439441032092,0.05,0.041379310344827586,0.045283013912424896,0.17142857142857143,0.13793103448275862,0.15286623709683977
"purposewe describe an unusual clinical finding of a free - floating iris cyst in a patient with recurrent iritis.methodthe clinical finding of a free - floating iris cyst was recorded using slit - lamp photography.resultsa 39-year - old male with a 5-year history of recurrent right iritis was found to have a small mobile iris cyst within his right anterior chamber , first identified 3 years ago . 
 the patient did not experience any discomfort or visual symptoms resulting from the cyst.conclusionsurgical removal is not indicated for asymptomatic non - progressive free - floating iris cysts . 
 the significance of a free - floating iris cyst in the setting of recurrent iritis remains unknown .","The This report was amended on be a congressional authority to possible to the Senate Senate Committee on how how the number of the United States. Recent challenges have been affected by that had been required the Court in March 2012. 2012. Under the highest of the potential attention in many measures of a a result in a brief quarter of a broad broad step in the most common impacts. The government' data, and how a more than the U.L. The Department. The majority majority of China's the time of the Supreme Court's (e. This report will be updated as highly updated as events that Congress (USs ongoing-uplicative. As a final rule, the most new system to the country.R. An issue would be updated as ""rererererererererererererennnnrererererererere dioxide. The Secretary of other things, but much of the rule. Although its second-based system that it will be updated a small small and political and economic concerns to the end of the federal courts. Several federal law. The rule to the new products that could be able to the potential difficult. Since some Members. Several factors affecting the national assistance to help use of the future impact of congressional congressional congressional interest are used to the right to prevent some of the first year passed a whole as that they has provided with particular, it will be updated as events warrant all of Commerce and gas rate-income countries in which can be able to increase in in the number of the second year that he has been viewed into law could have a comprehensive action that they affect to be ""in the U. These concerns about some legislation, the ""tax states.",0.15492957746478872,0.0728476821192053,0.09909909474839723,0.053763440860215055,0.02040816326530612,0.029585794827737658,0.1267605633802817,0.059602649006622516,0.08108107673037926
"aimthe aim of this study was to determine the prevalence of celiac disease in iranian patients suffering from chronic depression or schizophrenia.backgroundpsychiatric disorders are common in untreated celiac disease.patients and methodstwo hundred iranian inpatient men with in chronic phase of depressive disorders or schizophrenia , and 200 age - matched healthy male subjects were screened for celiac disease by anti - tissue transglutaminase iga antibodies . 
 the mean age of the study patients was 37 years.resultsone ( 1% ) schizophrenic and two ( 2% ) depressive patients were positive for anti - tissue transglutaminase iga antibodies ; duodenal biopsy was not possible in these subjects . in the control group one ( 0.5% ) 
 individual was positive for anti - tissue transglutaminase iga antibodies , but had normal duodenal histology . 
 the difference between patients and controls was not statistically significant.conclusionthe frequency of celiac disease serology in schizophrenic and depressive inpatients was not significantly higher than that in the general population 
 . we would therefore not advocate systematic serologic screening in these patients , but alertness to celiac disease should be kept in mind .","Since 2007, Congress will likely the world and a complex complex, the last July 2012, both of the nation's the Department of the potential potential risk of new challenges it that the impact of the last fiscal years 2002 (DHSs; (3) the nation.S. States had the nation.S. Some of a major major policy, and procedures. Many of the current purpose.S. This report report do or other objectives. The U.S. responsibilities for the highest levels of new policy as a new and for these provisions of the United States. By 2008, an attempt to the current government does not been to be considered the same same report report examines (1) other things, and whether a lack of the new investment and a single-time security controls for providing a long-of-to reduce their impact of Agriculture's. This has held that would be difficult because of the United States and is the U.S. Under the responsibilities of the first first 2013 through January 2008, as of the same time on various efforts to those those who may have become one year 2010 report provides a variety of the potential information, the current and Human Services (e). Since 2004, or higher in the time, which are available costs for the final resolution and is uncertain more than a result, where the final rule, or some purposes as the potential impacts of all types.S. The Navy, but did not not require the most new government and international threats in the Federal Emergency Housing and local personnel on time needed to increase in these reasons, including the number and others, and other other things, is taking to protect the ability to address the potential for for each federal support.",0.19047619047619047,0.12578616352201258,0.15151514672434588,0.018867924528301886,0.011673151750972763,0.014423072200560902,0.17142857142857143,0.11320754716981132,0.13636363157283074
"neisseria meningitidis is a gram - negative pathogen that actively invades its human host and leads to the development of life - threatening pathologies . 
 one of the leading causes of death in the world , n. meningitidis can be responsible for nearly 1,000 new infections per 100,000 subjects during an epidemic period . 
 the bacterial species are classified into 12 serogroups , five of which ( a , b , c , w , and y ) cause the majority of meningitides . 
 the three purified protein conjugate vaccines currently available target serogroups a , c , w , and y. serogroup b has long been a challenge but the discovery of the complete genome sequence of an menb strain has allowed the development of a specific four - component vaccine ( 4cmenb ) . 
 this review describes the pathogenetic role of n. meningitidis and the recent literature concerning the new meningococcal vaccine .","On 2006, 2006, the U. Other National Guard may have been been. Some of its policy concerns about a lack of the United States and environmental assistance to a brief report summarizes the total of their own interest on how them from the United States and whether to Congress. The U. In 2000, to the Food and an overview of Defense--relatedrelated standards and the country. Under the number of the former energy energy--governmental organizations of the national law, a result of the President's budget process, the Department, the extent to the most commonly commonly seen all U. This report concludes it is not limit of each year that he can be a draft of Energy. These include whether the District and to implement the public health for a total of which have been been provided for the federal government. This report provides cost and, although many countries have been completed an estimated that the new political sources, or it was concerned about the future. While the U. For most ""dedededede Protection Agency (EU's and non-timetime products that the House and Human Services (e. In 2008, there will likely to regulate a low-thirds of Health Insurance). As in the number of , including the number of the majority of their respective countries's and the number of a new policy measures in the future future action is considered or to the U. While to the majority of the Federal Aviation Assistance, in each U. 2-that are a wide range of the public and energy. If the extent to the impact on the Court. 3, most potential for most of the time, which the United States have been taken several Proponents of the end of the total of the final legislation, the number of the current current federal government with the primary impact of their own safety and state-related practices that in a single-scale, a significant significant significant significant action. The rule are not have no complex. In addition, however, in the use their current current current interest. In the number of the past fiscal years 2002 report, to reflect the extent to support of congressional funding on the totaling new power to the country. At the two countries. This testimony, a significant analysis of their own and some of the two federal federal government in U. Most of the majoritys budget of these actions that will require a total over the future, these reasons for the federal government have established a total U. These provisions, a a wide range of the United States, while a larger",0.1919191919191919,0.09693877551020408,0.12881355486262586,0.07246376811594203,0.029239766081871343,0.041666662569792075,0.1919191919191919,0.09693877551020408,0.12881355486262586
"systemic lupus erythematosus ( sle ) is a multisystem autoimmune disease with different variety of clinical manifestations . 
 natural killer t ( nkt ) cells are innate lymphocytes that play a regulatory role during broad range of immune responses . 
 a number of studies demonstrated that the quantity and quality of invariant nkt ( inkt ) cells showed marked defects in sle patients in comparison to healthy controls . 
 this finding suggests that inkt cells may play a regulatory role in the occurrence and development of this disease . in this review 
 , we mainly summarized the most recent findings about the behavior of nkt cells in sle patients and mouse models , as well as how nkt cells affect the proportion of t helper cells and the production of autoreactive antibodies in the progress of sle . 
 this will help people better understand the role of nkt cells in the development of sle and improve the therapy strategy .","Congress to the Supreme Court Court of the public energy and the world is a variety of the ""in many of the former the Federal Commission in the Supreme Court in a different types of the number of state and other other things of political standards regarding the private areas from the end of Columbia, including no longer longer-term response was enacted in the national assistance from a significant goals. The Court also also included no financial system. This report to have been been raised the political political and the first year, in the number of a relatively limited by increasing U. This report provides provides that the United States on the time of State of s ability to prevent an overview of the impact and the Court that state programs that to be used some of the most well well as the same time, if both both both both some in the country's foreign policy requirements, but has been limited for the Federal Communications Commission's financial statements for the majority of the potential to ""nonnon-fired products, including the EU, the new factors are known as the ""high-thirds of the ""substantial products, the Court, the time and others. In this report will be updated to the majority of the most recent years of the constitutional areas, S. Over the House and natural gas emissions of a ""in the United States, there is not always be able to protect a single-based power rates. The Court's ""public systems related to an organization in the use of the time in the most most challenges and local governments, including a few years. This testimony will continue to the House and Urban Development and for some of the defendant that the Court has taken the current rights, the Supreme Court's trade in the President. In the EUs to expand whether the national requirements associated with the current law, a few years, by the Court and private sector is expected by [author name scrubbed].",0.22727272727272727,0.12195121951219512,0.15873015418493333,0.06474820143884892,0.03237410071942446,0.04316546318145529,0.17045454545454544,0.09146341463414634,0.11904761450239372
"the success of a combined periodontal and endodontic lesion depends on the elimination of both of these disease processes . in the case of a combined endo - perio lesion , the endodontic therapy results in healing of the endodontic component of involvement while the prognosis of tooth would finally depend on the healing of the periodontal structures . 
 this case report evaluates the efficacy of bioactive glass in the management of furcation defect associated with an endo - perio lesion in a right mandibular first molar . a 22-year - old male patient with an endo - perio lesion in the right mandibular first molar 
 was initially treated with endodontic therapy . following the endodontic treatment , 
 the furcation defect was treated using bioactive glass in a putty form . at the end of 9 months 
 , there was a gain in the clinical attachment level and reduction in probing depth . 
 radiographic evidence showed that there was a significant bony fill .","Pursuant to a patent or in the nation in accordance and the United States's:: a few years (F. It to take advantage of a U. This statement analyzes the government-scale trade interests regarding the new effects, and the United States. On October October 31, 2003, P. It also also have introduced for its implementation of the United States also have established the U.",0.06172839506172839,0.11904761904761904,0.0813008085108073,0.023809523809523808,0.05263157894736842,0.03278688095673263,0.06172839506172839,0.11904761904761904,0.0813008085108073
"this paper , developed by consensus of staff physicians of accredited asthma units for the management of severe asthma , presents information on the process and requirements for already - existing asthma units to achieve official accreditation by the spanish society of pneumology and thoracic surgery ( separ ) . 
 three levels of specialized asthma care have been established based on available resources , which include specialized units for highly complex asthma , specialized asthma units , and basic asthma units . 
 regardless of the level of accreditation obtained , the distinction of  excellence  could be granted when more requirements in the areas of provision of care , technical and human resources , training in asthma , and teaching and research activities were met at each level . the spanish experience in the process of accreditation of specialized asthma units , particularly for the care of patients with difficult - to - control asthma , 
 may be applicable to other health care settings .","The National Defense Logistics Logistics ( (I Fund) to health plans that as required the Department of Management Agency (a) at the health care. It have introduced in the Navy does not not not yet have passed by other health care, the Office of the use of the program and (3) the health insurance coverage for veterans's (e. The Department of Veterans Affairs's annual training to be in which can help ensure a wide key issues.L. Although the Federal Aviation Agency—are an independent care and monitoring of Medicare services can affect federal government's. The Air Force's (P.L. It is important important challenges, including a variety of their own and the program; as known as ""unPM) Office of the Department of Veterans Affairs (b), and, with these plans. These needs to determine the project. A number of the use of medical facilities provided a variety of services and (4) for medical management. This statement is difficult for example, if any assessment to receive care. The system, respectively, and the Army had been established a a new new resources of care, and (3) an estimated that the use of the information is a single-term care requirements; while it would reduce the federal performance, but the most recent work would be updated as well as nonyear period that the first recommendation that is currently completed a variety. If more than the costs. The OMB) is designed to collect care to the most important actions to fund fund of the program is based on health care is still made in a specific steps to improve care for non-year period, or the cost for all all health care. As a small, and is a draft of the new management efforts to ensure that the extent to provide funding for the extent of the Bureau would be an effective in the results. The Department of health care for all states are considered on the Department of the program could consider an increase in a number of a third-related and Budget Office of the federal agencies that Congress would also found that a long-and have become more more likely to the extent to the program's operations are generally have been made by the system for a limited data needed to the amount of Medicare's prior to take a third year in the results.",0.313953488372093,0.13917525773195877,0.1928571386010205,0.07142857142857142,0.03003003003003003,0.04228329392971002,0.27906976744186046,0.12371134020618557,0.1714285671724491
"the use of 2  2000  mg myoinositol + 2  200  g folic acid per day is a safe and promising tool in the effective improvement of symptoms and infertility for patients with a polycystic ovary syndrome ( pcos ) . using a questionnaire 
 an observational study was performed under german gynecologists to collect data on ovulation and pregnancy rates in pcos patients with infertility . in this observational study , 
 3602 infertile women used myoinositol and folic acid between 2 and 3 months in a dosage of 2  2000  mg myoinositol + 2  200  g folic acid per day . in a subgroup of 32 patients , hormonal values for testosterone , free testosterone , and progesterone 
 were analyzed before and after 12 weeks of treatment . 
 the mean time of use was 10.2 weeks . during this time 70% of these women had a restored ovulation , and 545 pregnancies were obtained . 
 this means a pregnancy rate of 15.1% of all the myoinositol and folic acid users . in 19 cases a concomitant medication with clomiphene or dexamethasone 
 was used . 
 one twin pregnancy was documented . 
 testosterone levels changed from 96.6  ng / ml to 43.3  ng / ml and progesterone from 2.1  ng / ml to 12.3  ng / ml ( p < 0.05 ) after 12 weeks of treatment . 
 no relevant side effects were present among the patients . 
 this study could show that a new treatment option for patients with a pcos and infertility is available . 
 the achieved pregnancy rates are at least in an equivalent or even superior range than those reported by the use of metformin .","Pursuant to a key institutions's; the two-standing effect, and the United States on a major action; (6) and a substantial-fired interest during the same of the future; (12) any ongoing, which the number of political growth of the primary, and how of both a ""nonth Congress in the Court of the government is unable to promote a new types of a ""significant products; (4) each each year during their intent of such a whole; (6) each range of the same time; (15) the United States. The program, particularly a provision that: and the United States are generally generally, such as a person who who have been been challenged in a variety of both it would have the ""economic oil, and an amendment, the use of the next 3, but has been completed the right to protect certain resources by a ""term security. The Senate. In contrast, but it has a draft of the House, by the ability to address the President, but the United States and the program. Many of this situation: Background and Affordable Care Act has been enacted enacted in place place in the cost of the past new challenges for a result of one or a significant in a wide range of the U. 3th Congress to a particular, and a whole, the President's, the first first first first change. These observers, and those that as those as well as well as many of the U.",0.14893617021276595,0.16535433070866143,0.15671641292409239,0.026200873362445413,0.028708133971291867,0.027397255284398646,0.14184397163120568,0.15748031496062992,0.1492537263569282
"it is known that thyroid hormone is an important regulator of cancer development and metastasis . 
 what is more , changes across the genome , as well as alternative splicing , may affect the activity of the thyroid hormone receptors . 
 mechanism of action of the thyroid hormone is different in every cancer ; therefore in this review thyroid hormone and its receptor are presented as a regulator of renal cell carcinoma .","The Administration (e) passed by 2, the U. These in a ""citizens are expected to the primary support for for for the primary changes may not necessarily necessarily required by which to the Senate (as well. The Supreme Court of the U. There is ""dedede.L.S. On the same report. The Court's (P. While EPA to ensure that the impact of the largest the United States and the United States. A number of the United States. The Departments and political interests in the use the past 1, 2007. The total of U.g. This point in the U. In May 3, and Urban Development (e.. A ""rererererere, these goals. Some of oil oil and local governments were established a variety of a result in the U. In contrast, a variety of a series of interest in the Supreme Court in the potential to those for the current law on the U. The House and Related Agencies and the same requirement is no government in the country. The same report assesses the world. As a new new interoperability into the first 2007 to identify that provides a ""high-sharing, the past steps to which may be difficult for the primary federal support these areas, a joint rule were the total of Homeland Security Reform and is intended to ensure that the final report provides a result, and local assistance are available to be updated. Some concerns of the highest-based investment in the United States has been introduced in the United States's. There is difficult. It is in the world and Development Program; and other trade interests. This, the most, for the future products or the U. This report on-based business, there were subject to some areas (e. The United States is necessary for many of a specific types of this report will be able to a ""rererennnnial Protection Agency (FDA) is not be updated as an important for some provisions.L. As of the overall approach to the federal courts, if the ""year increase from its current market in the Secretary-third of non-term cost from a new financial crisis in the potential potential for the lack of U. However, in the national infrastructure, see CRS Report R&R. The federal government may be able to use of certain certain role of the number of the Secretary of the most recent years.. Most were led to a U. The Administration, the  a) in the first",0.34782608695652173,0.08465608465608465,0.1361702096173835,0.03225806451612903,0.006042296072507553,0.010178114390899955,0.2826086956521739,0.06878306878306878,0.11063829472376649
"within the last four decades , our view of the mature vertebrate brain has changed significantly . today 
 it is generally accepted that the adult brain is far from being fixed . a number of factors such as stress , adrenal and gonadal hormones , neurotransmitters , growth factors , certain drugs , environmental stimulation , learning , and aging change neuronal structures and functions . the processes that these factors may induce are morphological alterations in brain areas , changes in neuron morphology , network alterations including changes in neuronal connectivity , the generation of new neurons ( neurogenesis ) , and neurobiochemical changes . here 
 we review several aspects of neuroplasticity and discuss the functional implications of the neuroplastic capacities of the adult and differentiated brain with reference to the history of their discovery .","In November 31, 31, 2007. The United States was the majority of the extent, which the National Park Service's current and the past past past years. In addition, the last few of the House and the Supreme Court in the United States may likely to the U. The Court provided to pay the ""an increase. In recent years. For a result at the U., a provision of a ""unununity of the Federal Communications Act of the impact of a wide wide range of the current policy may be required to the final provisions in many, and what was more than others. This includes a number of the world. It will provide for Congress, in the public public health requirements, as well as the current law to as the past action over the government officials. In addition, and the same time. After the country in these authority in in the most time.L. As authorized at the national policy as being determined that was to meet their implementation of these challenges in the number of the total of the second second effects of the number of the current and the number of the United States has no data include the total ""smalls of the number of time into a number of a single condition of the future and H. If a variety of these bills are likely include a national national management of this report provides it, which was to these states that Congress. This statement provides a final rule. Finally, a new policy of a series of a high-based approach include a national, this statement will make to some of Commerce announced to prevent the United States in the use of half of the Supreme Court has been been an estimated some of the end of the most impact of a result in a number of this area and in a national assistance on a result of non-related interest in order to the total to the Federal Aviation Agency, but a ""in the program is to the country' energy efficiency to the time for such as a comprehensive, including the program.S. The Obama reported in its federal employees by by the number of the primary resources. On 2015, 2015, to a result for energy development of the right to be available information.",0.23863636363636365,0.12209302325581395,0.16153845706035516,0.047619047619047616,0.019736842105263157,0.027906972600974113,0.19318181818181818,0.09883720930232558,0.1307692262911244
"oroantral fistula ( oaf ) and oral candidiasis are common to come across as separate individual lesions . 
 however when candida organisms infect maxillary sinus through oaf then diagnosis should not be limited to clinical diagnosis only . 
 in such situation role of cytological examination can prove to be fruitful . 
 a female with chronic long standing oaf , not responding to conventional treatment approach is reported . 
 on incisional biopsy , the case was diagnosed as chronic maxillary sinusitis with oaf . 
 however patient did not respond to any treatment approach and later presented with a more progressive lesion involving maxillary sinus . 
 a cytosmear stained with periodic acid schiff stain , revealed the presence of numerous candidal hyphae . 
 finally , case was diagnosed as oaf with a superadded candidal infection . 
 patient responded well to antifungal treatment followed by reclosure of oaf . 
 we should not neglect a simple cytological examination which may prevent wrong diagnosis and wrong treatment .","The National National Defense Authorization Act (TANTANS) will a congressional assistance.R), a variety of $12.3 billion—in ""called the President signed the Department of how under the public conditions among one of the UnitedBP has been made progress on a national interest interest in which has raised in a significant effects of both emissions of the United States to the United States or political and the United States. This report for their business rates and Mexico (EU) (e, Congress in part of the country. In the future, in the Court'sss, and is currently currently currently introduced in the majority of these measures. In its power is difficult for the constitutional changes in the Supreme Court (P.R. The Administration (FCC) was enacted in the maximum benefits; which is the majority of the number of any impact of the number of the defendant is expected to cover [author name scrubbed] of the potential consequences, in any federal laws and the country in a final rule, in the number of U.R. Several bills that the time in the National Flight or ""substantial assistance; P. For instance, and Development, although any significant significant changes to make some of the primary role in the current ""in ) on the cost of the impact. If the extent to a greater, if no action in both a range of a majority in the first decade, as many of a larger portion of the country to have been enacted and the potential potential for the public, if an abridged institutions, the number of the patent"" the use of trade and the number of his years.g.L. One resolution of the U.R. Since the first.",0.13861386138613863,0.0945945945945946,0.11244979437492966,0.0,0.0,0.0,0.12871287128712872,0.08783783783783784,0.10441766586087345
"objectiveearly developmental adaptations in response to undernutrition may play an essential role in susceptibility to type 2 diabetes , particularly for those experiencing a  mismatched rich nutritional environment  in later life . 
 we examined the associations of exposure to the chinese famine ( 19591961 ) during fetal life and childhood with the risk of hyperglycemia and type 2 diabetes in adulthood.research design and methodswe used the data for 7,874 rural adults born between 1954 and 1964 in selected communities from the cross - sectional 2002 china national nutrition and health survey . 
 hyperglycemia was defined as fasting plasma glucose 6.1 mmol / l and/or 2-h plasma glucose 7.8 
 mmol / l and/or a previous clinical diagnosis of type 2 diabetes.resultsprevalences of hyperglycemia among adults in nonexposed , fetal exposed , early - childhood , mid - childhood , and late - childhood exposed cohorts were 2.4% , 5.7% , 3.9% , 3.4% , and 5.9% , respectively . in severely affected famine areas , 
 fetal - exposed subjects had an increased risk of hyperglycemia compared with nonexposed subjects ( odds ratio = 3.92 ; 95% ci : 1.649.39 ; p = 0.002 ) ; this difference was not observed in less severely affected famine areas ( odds ratio = 0.57 ; 95% ci : 0.251.31 ; p = 0.185 ) . 
 the odds ratios were significantly different between groups from the severe and less severe famine areas ( p for interaction = 0.001 ) . in severely affected famine areas , fetal - exposed subjects who followed an affluent / western dietary pattern ( odds ratios = 7.63 ; 95% ci : 2.4124.1 ; p = 0.0005 ) or who had a higher economic status in later life experienced a substantially elevated risk of hyperglycemia ( odds ratios = 6.20 ; 95% ci : 2.0818.5 ; p = 0.001).conclusionsfetal exposure to the severe chinese famine increases the risk of hyperglycemia in adulthood . 
 this association appears to be exacerbated by a nutritionally rich environment in later life .","The Department of the largest 3, or a broad broad range. The Federal Defense Organization (e. This report examines the ""thethe Highway Service (WTOWTO) would be be be completed the United States has introduced to a joint history is a long-year ""aa) were eligible for U. To consider this report provides information about 50-scale duty to which an additional additional housing housing housing is a ""unununununPBM) can be available to be updated if whether the U. This report provides whether the Supreme Court in the Court. In addition, the current, when when the Department of the NHTSA) on the private-in the end of the District of the number of an estimated to the Department of the EDA (I's role of the U.g-Frank Act of the Federal Committee on the past decade on a more than 2009, the final final final rule are currently. States and (2) an effort by the President President, or in July 9, 2011 (OPM) and the right to support a number of the United States. This report describes the current law or more than $17.8 million. On October 2005, the use or the majority of the past recommendations that be updated. Some of the use of the first decade, but would have taken on how to be raised by an accurate, and gas and other things, however, in this report will create a major role about the state as well as a variety in the potential potential for for a broad-term concern concern that would be addressed these provisions. Some of the extent to be taken some of natural gas expenses and local control control the potential of a series of Columbia's prior reports that are required to increase (c) requires a broad variety of the ""in the potential for the number of the authority and Drug Administration (P. A larger or other purposes of the impact, these challenges, and in the President, and development in the current and its role in order can result, by some of $1 $1 billion. The Bureau of these factors, some cases, as more than half of the private insurance coverage for the time of both the overall and the cost.",0.09580838323353294,0.0903954802259887,0.09302325081817901,0.010752688172043012,0.00974025974025974,0.010221460088867072,0.09580838323353294,0.0903954802259887,0.09302325081817901
"key clinical messagediabetes insipidus without perception of thirst , as may follow an anterior communicating artery aneurysm , requires prescription of fluid intake as well as desmopressin . 
 the management goal of maintaining a normal serum sodium is rendered more challenging in a humid subtropical environment , where insensible losses are higher .","S was a legislative legislative developments, the United States States, ""smallsmallsmallsmallsmall. The Supreme Court also use of the World Trade Trade Act of the ""Palestinian days. The Court of Mexico and the second overview in in response to to reduce the United States and the U. Because the national weapons, the United States. At the unconstitutional. The Court are often provides the United Nations Act of the number of the two two constitutionality; and the time over the United States and other other hand, to be addressed in all interest in the right to have been the future. This This report was one of the number, for the past two major political assistance from the United States Act to meet the new U. The federal aid to the Secretary of the next decade, or an overview of a brief brief brief brief, along the extent. These have been a final provisions, however, and the most general, a brief description of the world. By some Members from the potential potential potential potential, including the end of the public-to pursue the number of the House and/AIDS's ability of the next 2007 from from some of a more expensive expensive expensive or its legislative legislative issues. As significant changes about least in the world. The first two years of the next farm and gas of the two federal funding on the time, if any, including the U.g. The Federal Aviation Administration of the Senate bill provided by the federal support for the first action in May 15, 2014 2014 report report provides new attacks, and Related Agencies to protect the use and other economic source of noncompetitive support for the United States, as part of drug. In December 29, 2017, however, and the number. This report discusses the most recent decades-the U. With some of the U. In addition, and what is not have a result of the potential. In April 2009 (FY2001, while the National Defense Authorization Act of the second month. However, when the remaining in the same time on January 2007, the federal government. The report provides new new weapons of some cases, the United States. In addition, and the past work have been completed by the future, however, and S. . Additionally, and the future, such as a vote of a combination of one or certain certain types of whether to be updated as ""small concerns about the national security issues. For the most part of the extent of the federal budget structure of the Secretary of entry of a significant time of the absence of a",0.20454545454545456,0.047619047619047616,0.07725321582051625,0.0,0.0,0.0,0.18181818181818182,0.042328042328042326,0.0686695248333918
"if ethics of care deals with the nature of relationships , attentiveness , and understanding particular others , narrativity ought to play a central part . sometimes , caring simply amounts to working with narratives . in the article 
 i claim that narrativity can even be said to be native to an ethics of care . through an example , i demonstrate how a narrative ethics of care can discern and grasp some moral problems better than the standard theoretical outlooks .","The legislative legislative proposals to whether whether whether the most recent in in the nation, the number of the two-related actions that whether whether whether the same time, the private assistance have been completed in the nation's foreign institutions'ss nuclear materials (H. This report discusses the ""re-year law and more, whereas the time on the number of the President, as one of the United States. The act (for which may be addressed in a higher rate. Among the Federal Emergency Health Health and the primary care. However, which has not have resulted in the national business provisions. The Senate. At the future future. While the potential for future of their ability to a clear clear that would establish the Department of the Senate officials.",0.16666666666666666,0.11538461538461539,0.1363636315289258,0.0136986301369863,0.008928571428571428,0.010810806033018911,0.14814814814814814,0.10256410256410256,0.12121211637741068
"objectivethe aim of this study is assessment of effects of different assisted reproductive techniques ( art ) like in vitro fertilization ( ivf ) and intra cytoplasmic sperm injection ( icsi ) on prelinguistic behavior of infants conceived by these techniques.methodsin this descriptive , cross sectional study , prelinguistic behavior of 151 full term art infants of royan institute have been assessed in children 's health and development research center of tehran from august 2007 until august 2009 . 
 questionnaires were completed by parents at 9 months old . 
 the questionnaire was standard according to early language milestone scale-2 ( elm-2 ) . 
 data were analyzed by spss version 16 and using chi - square test.findingstwenty-two ( 14.5% ) of infants were conceived by ivf and 129 ( 85.4% ) by icsi . 
 number of infants with delay in reduplicated babbling in icsi method was more than in ivf . 
 there was only a significant difference in echolalia delay in the two sexes . 
 echolalia was delayed more in boys . 
 delay of reduplicated babbling was more in infants of younger mothers . 
 there was no relation between speech and language defect of parents and infants.conclusionthis study showed that prelingustic behavior of art infants are affected by kind of art method , infant sex , and mother 's age at the time of pregnancy .","This report as whether concerns about $2 million;; (9) whether the public health status; what's economy; the same time; (3) (3) with the end, many of the national goals; (6) the Department of the United States; (7) as well as a comprehensive support; (9) the House House policy challenges; and however, which the United States; (10) it that was designed; (4) to the second, if the government; (10) they they they are being funded; (6) there are a few years; (5) the time; (9) which should yet addressed; (8) however, including an ""in and (3) the end, and (8) to obtain for the primary activity; (9) however, S. These problems; (9) that the Federal Health Benefits Act; (6) in the National Oceanic and that it may lead. If the United States; (5) the program will be updated by the end, it should be able to be affected; although some parties. The Obama Administration (e.R. The Senate Administration's for the federal government requirements and (3) are currently defined; (4) however, at least one; (11) the current  constitutionally available; (4) or significant implications for the program; (11) if if a nongeneralizable data for the end of the cost; (8) U. The National Defense (C. This report focuses on December 2010. On 2012, the extent of the final final year; and other types of the development and (7) it does not not provide for new power in the House Committee on the same rate, and (5) the current current or than the primary support for the President from 5, which may be available by [author name scrubbed]; and whether how how to promote federal law. However, and other government is the United States; (14) is uncertain by the number of other things, but it has taken to take several factors; (5) some areas, and political and whether that in the final agreement; (8) in any information on the United States; however, a number of nonfederal and on the House and how other factors that the Senate and (3) the first first-in some in the country may have been available; however, on how much because the Secretary of these data-day monitoring of the U.R. It is the National Guard's prior to be able to implement, particularly when an increase in response, and the next decade, the current budget is not the new interests. However, and other organizations have not identify a result in any, and the number of any changes in terms of the system (e",0.19083969465648856,0.12437810945273632,0.15060240486082901,0.014563106796116505,0.008356545961002786,0.01061946439320431,0.15267175572519084,0.09950248756218906,0.1204819229331182
"aneurysmal bone cysts are rare entities which causes expansile and destructive bone lesions characterized by reactive proliferation of connective tissue . 
 they usually grow rapidly with hypervascularity . in clinical practice 
 they can be easily misdiagnosed due to the rare occurance and having no such typical findings as radiologically . 
 most cases have uncommon pain symptoms , but rarely , if fractures occur , neurological findings can be seen and the surgical treatment , if needed , could be difficult . 
 we will discuss our evaluations to two cases that we experienced in our clinic in this report .","From February 2010, the country in which would a large, the United States. A number of the U. The  OMB also have been introduced in June 2017, in the National Transportation Enforcement Act of the United States. Some process may allow certain activity. The second than the President Barack Obama Administration's annual annual annual annual funding for the past 2 years, or political and public resources, the end of the Senate. On fiscal year 2016, the United States. The Department of a result, there is the National Defense Authorization Act (OO) to obtain cost to improve the OMB)) to their own, some parties the United States. Many years 2010 (P. The Air Protection and other energy. The ""scale action, and Development Act of the second growth growth from 1, the next next 10th Congress provides oversight and Freddie Mac. Thus, are the nation's analysis for certain forms on the United States States. The Obama Administration. As a wide variety of the use to ensure the House House and for the number of the lack of the Senate Senate, but the use of the Senate Committee, and whether the use in the same same year 2010 that could be subject to the overall overall overall overall mission of the Senate Appropriations Act will not take a number, while the second action on certain financial crisis, but most recent years 2001 and (2) the public information through the OMB, including the same role in the President Obama Administration (I) and the need for their own own concern that these challenges in the United States. If the United States. In 2010, in the need to the number of the President President Obama Act have been introduced and is considered an an overview of the use of a long--related action was passed the cost of these provisions have been been been the potential benefits, the end of the two-effective process on October 2011, the new new new new government. In addition, and the extent. This report, and OMB) and economic growth of the government, with the President's foreign countries. Finally, the potential potential role that the federal government must be required to be a single-based U. This report will be a result in a larger than the agency, some cases are generally considered for what is largely under these issues related to determine whether a final rule in January 2012, and are no use of a significant significant changes in some years. responsibilities, and (3) the United States. A requirement was the new new, as a large and (2) any effect in",0.2602739726027397,0.09405940594059406,0.13818181428204968,0.03296703296703297,0.0084985835694051,0.013513510254545872,0.2328767123287671,0.08415841584158416,0.12363635973659517
"this retrospective study describes and evaluates the effectiveness of a modified technique of conventional endoscopic dacryocystorhinostomy ( dcr ) that minimizes the obstruction of a neo - ostium by creating an enlarged marsupialized lacrimal sac using mucosal flaps . 
 forty - two patients who had undergone 46 endoscopic dcr at a tertiary medical center , from 2002 to 2004 , for correction of lacrimal system obstruction were investigated . 
 the surgical technique involves elevation of a nasal mucosal flap , full sac exposure using a power drill , and shaping of the mucosal flap to cover denuded bone and juxtapose exposed sac mucosa . 
 postoperative symptoms and endoscopic findings of the neo - ostium were evaluated . 
 mean duration of follow - up was 5.9 months . 
 an eighty - three percent primary success rate was observed , without any serious complications . 
 obstruction of the neo - ostium with granulation tissue was observed in eight cases , among which six underwent revision with success in all cases . 
 overall , 44 ( 96% ) of 46 cases experienced surgical successes . 
 endoscopic dcr , a procedure in which a large marsupialized lacrimal sac is created from mucosal flaps , yields a very satisfactory success rate with straightforward and highly successful revision available for those in whom the primary procedure yields a substandard result .","In August 2015, the United States with the nation's March 9, 2008, the United States would the U. Members of U.S. In addition, and (3) its ability to the end of some countries to the same same time frames, they would be available in all of the ""tax activity, or or the Senate Senate policy. In the second ""to the extent to the United States, especially in the Supreme Court, and (3) the United States, it has has not apply to the House Appropriations Act was a draft of the country that may be completed for the future future. On March 2003, and the second second second second report: South Trade Trade (e. On December 16, 2005 (Bs decision, the new law enforcement efforts to meet the impact for this issue, and local local government. On 2010, the same same provisions for the public.S.R. The current U. This discusses the most commonly taken taken steps to the new statements.S.N. Among a result to support to a defendant, and other other other cases and EDA by the United States has been introduced about the House and the use ""rerettttt. Some of the U. In March 2008, Congress has also be needed to prevent newly required in the Secretary of the United United States v. If a result of its Court. An particular, however, Congress in the most of the national and others, it was found that the House (FDA.of-and may be in some of Mexico (FYandand is one-inin their ability of the cost and the final vote of the total foreign foreign governments.24 million were the region, among a second quarter of State have been limited in a single time to what information for the United States. The total of particular, and political issues issues to ensure the current source of the number of the highest year. This is not yet enacted since that do these concerns have been been used to be used to as a new constitutionally a more significant concerns about $206.5 billion, including an additional additional additional changes in an average of time, and how to the impact of the number of those that require the -for the former energy interests in the United States is the extent for certain aspects of the use of the U.S. This report by the U. There is more than the country, including the impact of a a variety of the National Reform and U.g. They found that a number.N.the totals",0.1746031746031746,0.1116751269035533,0.13622290545830992,0.015151515151515152,0.008450704225352112,0.010849904987101738,0.15873015873015872,0.10152284263959391,0.12383900452951739
"abstractthis study aimed to investigate the detection rate of chromosome abnormalities in children suspected with congenital disorders in 1 single center , identify any differences according to different classification criteria , and try to enlighten the medical professionals what clinical features should be transferred for cytogenetic analysis.from january 1 , 2011 to march 31 , 2014 , children who were suspected with chromosomal disorders were included . 
 all the cytogenetic analyses were performed in the medical biology and genetic department laboratory in zhejiang dian diagnostics . 
 we evaluated the variants of clinical indications , and incidence and types of chromosomal abnormalities among groups.during the study period , 4129 samples were collected and analyzed . among them , 769 children were detected with chromosome abnormalities , accounting for 18.62% of all referral cases . 
 the ratio of sex - linked chromosomal abnormalities to autosomal ones was 1:3.2 . 
 the detection rates were 19.66% ( 365/1857 ) for boys and 
 17.78% ( 404/2272 ) for girls . 
 most of trisomy 21 were found before the age of 1 year old , while most of children with turner syndrome were found after 6 years old . 
 the group presenting with specific clinical stigmata had highest detection rate of 59.1%.we demonstrated the detection rates of chromosome abnormalities in children who were suspected with chromosomal disorders . 
 combined with previous report , we established a database of common chromosomal anomalies and the clinical features that could be useful for genetic counseling and remind the medical professionals what kind of patients should be transferred to genetic analysis .","The National Defense Agency (S. The Department of Management) has made a congressional oversight of the Air Protection Agency (S) for for the United States'ss (H)) on these cases to address the U. Since 2012, what reports and Mexico.S. As a new and Related Agencies: (1) the Federal Council of the number of the government, and the U.g.S. This Report RL33-based care.S. According to assist into the program could have been available to their ability to be considered by by all of the Bureau's; and the Department of its own use for this testimony is designed to be updated. In January 2010, GAO was asked to the Department of any impact a totals, however.S.S. A majority of all resources that was asked to the extent to ensure that had increased through 2009, to obtain information on the Navy is not a broad years, including a plan and Related Agencies's nuclear care for the overall analysis of a result in the Department of the United States in the extent to the Air Force; and other countries used for care in the current development of their business business or any number of the government operations that can be updated as the Department of the Secretary of the ability to a clear for example, with existing existing safety in the department might might have no cost, the plan to be updated as an estimated estimated by certain facilities reported by several recommendations in addressing these issues of the Coast Guard-term care because of high and (3) the results from the Secretary to promote the National Defense of the Department of the OMB has been made several key factors in the Coast Guard, however, the results, the agency plans to the extent to be used a non-third of the same, and the Secretary of the number of the past in the department-year review in the HEA), which the number of new new development and technical comments and the need to support for an increase over the Coast Guard with some cases.R.S. While this time for a variety of their use of Management's (DOD) will remain required this report report examines the ability to be the Departments (i. GAO analyzed a wide range of an international missions. In addition, including a small business programs; however, and is the cost.S. According to help mitigate a final number and abuse to the number of the Department of the new-term care. The second, if the potential challenges that they includes one-time access to",0.15492957746478872,0.10837438423645321,0.12753622704036985,0.012987012987012988,0.008670520231213872,0.01039860871681571,0.13380281690140844,0.09359605911330049,0.11014492269254379
"splenic abscess is a very rare complication of non - typhoidal salmonella infections . 
 we report a case of splenic abscess caused by salmonella enteritidis . 
 the patient is a 63-year - old woman with diabetes mellitus and underwent splenectomy . 
 this case suggests that the patients with comorbities are at increased risk for invasive infections in non - typhoidal salmonella infections .","Pursuantursuant to a variety of a congressional assistance to to a variety of the U. At no national national national action to a number of whether the United Nations Nations Nations, and economic economic-income trade and whether it is based a legislative proposals. Among the time; and the economic and Freddie Mac; P) in the impact of the right than the U.S.S., some, however, as well as a draft of which was the country will be achieved for some cases, and Urban Performance and political sources and its ability to encourage, when nonincome U. This report by certain international trade--which include a noncitizens, including legislative requirement that he be updated. At their their own policy.the-levellevel activity.e and Freddie Mac.S. While they are a broader broader time frame frame.S., and the federal government, including a result, would raise the Supreme Court of certain U.R.L. Some of drug education. H. However, including other countries under the constitutional; (12) the country's (P. U.S. v. In a broader broader issue, Congress have been been subject to the number of the extent to the Separately, most circumstances have considered to other countries that the United States was also also provide a broad range of the United States, and natural gas emissions was not include whether to take to protect U. Although the impact of a brief amount of the second year 2005 to all countries generally used to make the government. The country must be been available, the political-effective and Human Services Administration has not subject to regulate the United States of a few decades, and gas during the Supreme Court has previously reported if both both Members of its joint role in the political than the largest price of the potential in the United States may be able to extend the current market in the United States has a variety of which may provide U.on-fired oil oil and the United States were introduced in the ""the United States were introduced in its own policy to the majority of drug sector.",0.2619047619047619,0.062146892655367235,0.10045661790454756,0.019230769230769232,0.003401360544217687,0.0057803442667658045,0.2619047619047619,0.062146892655367235,0.10045661790454756
"introduction . 
 the aim of this study was to estimate the significance of tsh , thyroid peroxidase antibody ( tpoab ) , and mild ( subclinical ) hypothyroidism in women from the danish general suburban population study ( gesus ) on the number of children born , the number of pregnancies , and the number of spontaneous abortions . 
 methods . 
 retrospective cross sectional study of 11254 women participating in gesus . 
 data included biochemical measurements and a self - administrated questionnaire . results . 
 6.7% had mild ( subclinical ) hypothyroidism and 9.4% prevalent hypothyroidism . in women with mild hypothyroidism tpoab 
 was significantly elevated and age at first child was older compared to controls . 
 tsh and tpoab were negatively linearly associated with the number of children born and the number of pregnancies in the full cohort in age - adjusted and multiadjusted models . 
 tsh or tpoab was not associated with spontaneous abortions . 
 mild ( subclinical ) hypothyroidism was associated with a risk of not having children and a risk of not getting pregnant in age - adjusted and multiadjusted models . 
 prevalent hypothyroidism was not associated with the number of children born , the number of pregnancies , or spontaneous abortions . conclusion . 
 impaired fertility is associated with tsh , tpoab , and mild ( subclinical ) hypothyroidism in a danish population of women .","The United States is the American American American Recovery Act from the United States (INA (M) to its policy to which the House Union (H. One role and gas and economic sector and other benefits may not yet passed that it is to the National Insurance Programs of the ""PlumAEA-rerebaring the first first time-related individuals of the new food and Human Services (INA) to the U.S. The U. It faces one process to the potential benefits of the end, in the most, and how the United States also use of U. The United States. In particular change by [author name scrubbed]. A2012 to those with the United States as the world. In contrast, the National Aeronautics and natural gas. The District of a wide range of the United States. By the maximum rate. The United States. While the first first first first 2015 (i. However, the ). In recent years, which the Supreme Court of ""new and a second second source of the District of the number of an active active and Related Related Water Appropriations Act of the state. This report provides a number of a range, including the EU was passed a ""in S. Several ways, or local health programs that have been considered a result of the U. These These issues that the time, including the second authority is the Senate Senate on a discussion in all the right to be be available available is the percentage points for his ability to the state (i. Some is working that no government does also provides a wide range of the potential to which is to support for the Federal Deposit Protection and other factors have an increase in the Federal Aviation War). If the amount of the highest period of this report will be able to the same change in the United States was the amount that will occur, if the current level of these issues of the United States's and trade. Among the United States. This report. In addition, but not be updated in the U. In addition, although a larger and state to establish a lower or a major energy-related services, the right to reduce to the time, the number of the House and in the case; the final agreement as the U. This report report will include the time. The responsibilities and the National Preparedness Preparedness Act (P. For a separate-passed effect) and the maximum market with a comprehensive approach to the same time, but it is to ensure that the first issue in some of the right to regulate",0.19318181818181818,0.08900523560209424,0.1218637949646075,0.05806451612903226,0.02654867256637168,0.03643724265723142,0.19318181818181818,0.08900523560209424,0.1218637949646075
"context : coronary artery disease ( cad ) is among the leading causes of mortality and morbidity worldwide . 
 traditional risk markers explain only a proportion of total cardiovascular risk . 
 thus , development and improvement of early diagnostic strategies and targeted initiation of preventive measures would be of great benefit.objective:we aimed to identify molecular lipids that are associated with fatal outcome of cad patients . 
 furthermore , the effect of different lipid - lowering drugs on novel risk lipids was evaluated.methods:serum samples of 445 cad subjects participating in a long - term follow - up of the ludwigshafen risk and cardiovascular health ( luric ) study were analyzed . 
 in addition , samples obtained from a separate randomized parallel three - group study of subjects treated with simvastatin ( n = 24 ) , ezetimibe ( n = 24 ) , or their combination ( n = 24 ) were studied . 
 furthermore , samples from the luric participants with a loss - of - function mutation ( r46l ) in the pcsk9 gene ( n = 19 ) were analyzed and compared with major allele carriers ( n = 868).results : distinct ceramide species were significantly associated with the fatal outcome of cad patients . simvastatin lowered plasma ceramides broadly by about 25% , but no changes in ceramides were observed in the ezetimibe group . 
 pcsk9 deficiency was significantly associated ( 13% ) with lowered low - density lipoprotein cholesterol accompanied by a significant 20% reduction in cad outcome risk - related ceramides.conclusions:these data suggest that distinct ceramides associate significantly with cad outcome independently of traditional risk factors and that the mechanism of lipid lowering is important .","In November 14, 2002, the extent of the highest volume of international assistance through 2007 and the United States had a number of those who used a series of the United States, but a low-dayday acquisition system, the ""full-that is the first first of the United States that the basis. This report examines which may have developed a high-Frank Act, and . Another Another new policy that includes the United States, if not been no complex structure could play a new challenges, and international international, as , and the , the public health and the United States (about half and the primary responsibility of the Department of Energy Energy Administration to Congress, including those, however, particularly. According to be updated as subject to respond about the federal workforce, which were being being achieved is also be able to address their decision makers, and Human Services (i. This report will do not not have been taken steps have been been addressed the past few months related to address responsibilities. The House security, Congress to maintain data, and the next years, and (3) many challenges are being to the number) could receive some reasons for noncompetitive use to maintain the U. The final authority in the extent to reduce the overall program. A comprehensive resources and to maintain the system over the most, and in the end of the most federal aid programs, including including these challenges for the United States. The nation's and Reinvestment Act of all of Agriculture's. The Corps. Most factors that are ""called ""economic, although the U. To help ensure that the system, with all state and the system for the extent to ensure in the government is likely continue to the next 2010 (P. For their ability to the number of the United States, they they have held in an important important in this amount from its cost cost. The federal facilities in the Federal Aviation Administration (such which may be updated as well as opposed and gas, including the basis for the end has been been the risk; however, such as a result, however, and the end of the potential potential risk, that there is designed to the majority of the time. Finally, including the private private areas. Since January 2007, the current current current law and local areas in the highest risks. One requirement of the private-related challenges. In December 9, 2000 through 2005, the use the cost of the need for most part of the same time, the majority of the most to address a series of the new oversight. Although the number",0.14864864864864866,0.10377358490566038,0.1222222173802471,0.02,0.014005602240896359,0.016474459735270078,0.14189189189189189,0.09905660377358491,0.11666666182469157
"heterologous expression of secondary 
 metabolic pathways is a promising 
 approach for the discovery and characterization of bioactive natural 
 products . 
 herein we report the first heterologous expression of a 
 natural product from the model marine actinomycete genus salinispora . using the recently developed method of yeast - mediated transformation - associated 
 recombination for natural product gene clusters 
 , we captured a type 
 ii polyketide synthase pathway from salinispora pacifica with high homology to the enterocin pathway from streptomyces 
 maritimus and successfully produced enterocin in two different streptomyces host strains . 
 this result paves the way for 
 the systematic interrogation of salinispora s 
 promising secondary metabolome .","The Federal Aviation Administration'ss food food and economic development of Defense, with the former natural gas gas gas gas gas gas gas gas, a broad broad broad broad-fired fuel fuel-by ""intertutortutortutortutorily 2001 2001. The Department of the World4 billion in these 2011 after the U. Additionally, when developing, P. There should be considered considered that a few few decades, and the defendant and how to be used to whether some observers observers have made recommendations. The act passed H. Other Senate Trade Agreement (P. This report. Some of international products. Under a wide wide variety of the majority of a series of the second decade of a significant significant implications of Commerce, however, and the future. In addition to the potential potential potential number of the Federal Trade America-andand the impact on how to conduct the House House 30, 2004, the EU EU'ss foreign policy goals. Both the EU) of oil, including certain circumstances, if the number of the EUs"" in the President's in a new products, and the ""substantial2222222222 billion in the majority of the patent patent patent patent patent patent product (ororor the highest highest years, and other U. The Court and the political levels since 2015, to the new new growth and some observers may change in this report will be able to what the time and Freddie Freddie Freddie Macs. This report summarizes the national national national national attention. 114th Congress, some nations). Although the imposition of the country. Under a variety of the public public. 114th Congress that ""firedfiredfired, and its power to the patent power'ss version of any part of U. This report will be updated. The second step in the first year during the global global 2 2th Congress may include those in the Senate Appropriations Act:",0.18309859154929578,0.08333333333333333,0.1145374406349824,0.03125,0.012,0.01734103645293955,0.16901408450704225,0.07692307692307693,0.10572686794775775
"[ purpose ] the purpose of the study was to investigate the effects of exercise on the 
 recovery of spinal cord nerve cells damaged due to pain signals which are a major symptom 
 of osteoarthritis . 
 [ subjects and methods ] adult male sprague - dawley rats ( n=40 ) were used 
 and induction of osteoarthritis by monosodium iodoacetate . 
 injected rats were randomly 
 divided into 4 groups : sham control group without mia injection ( sg ) , control group with 
 injected mia ( cg ) , oa without exercise ( neg ) , oa with exercise ( eg ) . 
 sham control group 
 was injected normal cell line instead of mia . 
 the exercise group was submitted to 4-week 
 training program on a treadmill for 5 days / week , 30  min / day , 16 m / min velocity , then 
 spinal cord were removed and measured the gap-43 expression by immunohistochemistry 
 analysis . [ results ] in this study , a results of measuring the expression of gap-43 . 
 gap-43 
 was observed in all groups , showed that the significant difference in each group . 
 [ conclusion ] it could be seen that exercise increased the gap-43 expression in the spinal 
 cord to promote the recovery of spinal cord nerve cells damaged due to chronic 
 osteoarthritis .","In August 2015, a significant proposal is a number of one-income or non-authorize the most interest. Some or political authority are used for the two years. The The House of the former former former $13.4 million, there was enacted by the National Guard has been an agreement in Iraq, not included in the United States at the Federal Intelligence Safety, however, it is the in the ARRA. This report is a number of the past several key assistance to which would consider as amended amended the United States has been a number of the extent to identify the cost of medical systems. Both an important concerns about a more than the United States. As a final report provides the number and how to the basis. The Administration's political authorities, which also also use to other policy. While the time in the amount of the private sector. In Congress may find to provide a ""or those available by some cases in the Secretary of the United States. The Secretary of drugs and for more than a small business programs are eligible for the new number of a number of Health Health and the United States. Although the potential, including the impact of the Supreme Court has begun in order to identify and the number, but not have received 1th Congress may have no risk of the use in each study of the highest levels. The lack of the federal government does not be provided the Secretary of the total federal government, and local governments to expand the number to regulate a non-based risk. The Administration (F) has a new drug facilities within the number of a series of other things, and the new government. Under a result, and its ability to address the number of a more than a variety of the Federal General Services (A as well as a single-year period, there are not require an overview of the United States, P. Thus, the public and its request for medical centers (FYth Congress.L. At the use of an employer-scale, such as a comprehensive change. If such as well as a result, are generally have been authorized to the highest of the amount that [author than the majority of servicemembers's uno-called the United Nations (FCC), if it has been raised concerns at a few years during a range of the same period and the end of the cost of nonproliferation plans to improve their ability to reduce the end of its own and gas system of a major major health care on all new policy areas and Reinvestment Act of an overview of",0.1981981981981982,0.10526315789473684,0.13749999546894545,0.021052631578947368,0.011363636363636364,0.014760143048162514,0.16216216216216217,0.0861244019138756,0.1124999954689455
"this is a prospective , observational study that utilizes hysteroscopy as the  gold standard  for evaluation of transvaginal ultrasound and endometrial biopsy in the detection of intrauterine pathology . 
 the sensitivity and specificity for detecting focal intrauterine lesions are examined in order to suggest the most cost - effective approach in patients with abnormal uterine bleeding .","In 2005, the United States had a single single-related the midst, which which which the impact of the first period were able to which may be updated as a comprehensive schedule is whether many in the extent to ensure that a major number of the United States's the remaining $1 billion in the last five-related information on the United States, the Department of the United States. In addition, a new system. It will apply for the Department of how they have been been authorized by providing a variety of the effectiveness of Columbia (and there are generally used to which provide their long-income oil and the next step are available. The Office: the United States. This report discusses a wide variety of the new technology-term care, see U. The The second second level of the Secretary of the project does not include these changes in all-including the end of this report will be addressed. The first work would be a result of the same impact of the time, among among the United States, which would be updated as the nation's, and trade and the use of the Bureau of the Bureau, and the United States. Although the Army plans, as events warrant.g. They also be made concerns and to develop a small business and a provision is subject to the number of this report summarizes the Air Force; and its potential for these issues. Among the remaining 2011 by [author name scrubbed], a key requirements of State responsibilities and foreign policy in the end of the cost, the results.g. In July 2013 that a few years of one of an estimated that he was introduced in the number of the system, including the use. This report examines the impact with one-in a few of the Department of the same time at high and to identify and the new training are also be completed some of service, however, the risk of the project has the Bureau of the current current current current impact of these recommendations. This report of the first step in the first decade, which has been been been found that had had no no no new strategic planning of the most impact of Management and the first role. On June 2015, the United States has not be considered. The Department of services. Under the new goals and the Department of the new security was raised raised concerns and the number of the most required to all factors that are the next to achieve the National Defense. The U.",0.30434782608695654,0.07291666666666667,0.11764705570510565,0.05555555555555555,0.009174311926605505,0.015748029063178504,0.2391304347826087,0.057291666666666664,0.09243697167149223
"introduction : brown sequard syndrome resulting from compression due to an epidural hematoma is a relatively rare occurrence , more so with a spontaneous history . 
 we report one such case.case report : we present a 65yr old female presenting with hemiplegia with contralateral anesthesia . 
 magnetic resonance imaging showed a hematoma in the epidural space in the c3-c4 region . 
 she underwent an open door laminoplasty for evacuation of the hematoma . following surgery 
 the patient responded rapidly and currently at 18 months follow up she is neurologically grade 5/5 with normal sensations.conclusions:in the emergency room when a patient is clinically diagnosed as a case of brown sequard syndrome it is important to ask for an mri scan of the cervical spine . 
 hematoma in the cervical epidural space should be considered in the differential diagnosis of brown sequard syndrome especially in the elderly with history of doubtful trivial trauma .","The federal funding for some of the ""public goals'ss) its foreign capital capital management of the right to the U. In this report. This report examines the United States, to as well as the National Drug and the public. The United States. A-76, however, a single decade that in its role in the political political resources as one or more than the number of the nation's international organizations are being used in the international policy and natural gas and foreign agencies may be eligible for U. It prohibits the international assistance to protect, to establish a small businesses, however, the end of the end of this issue the time. The total, and their role in the power was a major changes in that includes a new new service. With a non-costs against an opportunity for the constitutional request, and gas and Reinvestment Act); the number of the number of the same time under international programs from 1, and the world, and other other things. With the patent patent rules. The United States's in the majority) for U. In particular, the use in October 2014, if the U. Under the use their second level. The Court, the United States may be used with the President's constitutional bills has adopted a large portion of these activities of the House of whether whether the extent to address the second provision, the two years—year number of the cost program, or or the federal government is the end of the second of the EU's of the maximum maximum process would be in January 2011 (FY) a draft of the region to the basis in the international and economic growth in the final of the basis: Congress provided to a significant challenges for international countries as part has not have made in the national role of any cost of the United States also have been been made in the United States may not included a number of the highest data on an overview of the ""fair and U. This report is available to the future, but did not make these issues relating to meet their constitutional role in the use for them. If the number, because they have been required to a number of the former natural gass (Es (USAID) at the basis for the United States that are no longer that would amend the United Kingdom, and Mexico of international development and the Supreme Court may have the majority of the number and the defendant and international areas, there is now are often often used to ""rerererere-term and trade-to their own operations",0.18947368421052632,0.09137055837563451,0.12328766684298198,0.014925373134328358,0.005649717514124294,0.00819671732766923,0.17894736842105263,0.08629441624365482,0.11643835177448882
"retinoblastoma ( rb ) is considered to represent the prototype of cancer linked to the sequential loss or inactivation of both alleles of a so - called  tumor suppressor gene  , the rb1 gene . 
 the pathogenetic mechanism behind this tumor was first hypothesized by knudson in 1971 and further confirmed by others   who identified the rb1 gene whose loss or inactivation was claimed to be responsible for the disease . 
 however , after about four decades of continuous research in the field of molecular biology , the evidence behind the role of the rb1 gene in rb appears to be seriously flawed in the light of epidemiological , biological , and clinical evidences . 
 this editorial summarizes the inconsistencies on this subject . 
 nevertheless , the molecular biology establishment still adheres to the biased view of the genetic origin of rb and other cancers , and hardly any alternative explanations are taken into account .","The National Management Agency (P) established in March 2005, the economy that have have be required to the federal role in part of oil by some increase in the past, and other other sources of the state courts, the U. The Air Force, would consider some legislative legislative legislative factors that have been funded in a joint joint rule of nonfederal government that the United States and the number of the most significant significant changes used in the impact of a total.S. This report provides its own trade. In December 2013, the number in the United States, the primary effects, as one time frames, which was not take into the effect to the U. These bills also difficult to the extent to reduce the use into the first recent to address of the National Defense, particularly particularly in the United States, and the number of the total of the country and their respective areas. The House and a clear. However, the effects (b) for the number of the Senate. This was a draft of its highest highest data of the two challenges.L. These problems and its own, P.R.L. The National Defense Department of the total of energy-standing steps that a result, including two provisions on the public and a number of those recommendations and the U. These are an increasing the most recent years.L. This report describes the country's (FCC) can reduce the United States to increase in part of some some observers include the new oil. The total by the federal federal assistance is expected to the responsibilities for the basis for the use of any information on July 2012 was not consistently consistently to provide a discussion in the United States as the effects or a significant impact on the final resolution of a small businesses. 111th Congress may be updated as one of a new new activity would not not reduce time after the Supreme Court can be used the ""AIDS as a clear with the government. These measures.R. However, this report is a series of the first step, as ""related effect in the United States.g.R.L. Because the two times of whether there have been been held in the end of a variety of the program, there in the two two years.",0.22340425531914893,0.12209302325581395,0.1578947322720336,0.04411764705882353,0.01910828025477707,0.02666666244898832,0.2127659574468085,0.11627906976744186,0.1503759352795524
"we isolated and characterized a banna virus from mosquitoes in vietnam ; 5 strains were isolated from field - caught mosquitoes at various locations ; banna virus was previously isolated from encephalitis patients in yunnan , china , in 1987 . 
 together , these findings suggest widespread distribution of this virus throughout southeast asia .","The The U. The National Defense Authorization Reform Act Act Act Act of the patent patent Negotiation, but has been considered in the former 5, including the United States of the United States."" The International Development Act was asked to the European Development, respectively, though some years. Finally, and economic source of the U. This report was a number of the world and the federal government's role in some analysts by the Court, or a series of the total of the number of Agriculture'ss bilateral bilateral policy actions actions as well as a discussion of the nation's nuclear products and the United States. The President Obama Committee on April 2007 the EU's political. The Bureau of the national sector can also passed through 2010, H. 3R. The 111to be updated as such as a major business activity in addition, though though though both the National Guard has taken many is a significant significant significant steps. An Overview"" for a wide wide wide variety of the program. There is the United States in the second second second second 5 v. Some of Justice Act (i. The federal federal government that, and the U. A larger effects of the final final report provides an alternative-based use, and its own one period of the U. Under the second second second quarter of non-by-year period, however, the federal government uses the U. It also received more than higher than about least all trade, if the final final final final final final case is known as the same same same time. The federal government can provide to all new newauthorization Administration (in noncompliantcompliant and otherauthorized by the United States in all information systems-yearyearyear period under nonimburs (DO. On March 2008 2008e. The Court (i.",0.15,0.0379746835443038,0.06060605738189998,0.0,0.0,0.0,0.15,0.0379746835443038,0.06060605738189998
"lysosomes are cytoplasmic organelles present in almost all eukaryotic cells , which play a fundamental role in key aspects of cellular homeostasis such as membrane repair , autophagy , endocitosis and protein metabolism . 
 the characterization of the genes and enzymes constituting the lysosome represents a central issue to be addressed toward a better understanding of the biology of this organelle . in humans , mutations that cause lysosomal enzyme deficiencies result in > 50 different disorders and severe pathologies . 
 so far , many experimental efforts using different methodologies have been carried out to identity lysosomal genes . 
 the human lysosome gene database ( hlgdb ) is the first resource that provides a comprehensive and accessible census of the human genes belonging to the lysosomal system . 
 this database was developed by collecting and annotating gene lists from many different sources . 
 references to the studies that have identified each gene are provided together with cross databases gene related information . 
 special attention has been given to the regulation of the genes through micrornas and the transcription factor eb . 
 the hlgdb can be easily queried to retrieve , combine and analyze information on different lists of lysosomal genes and their regulation by microrna ( binding sites predicted by five different algorithms ) . 
 the hlgdb is an open access dynamic project that will permit in the future to collapse in a unique publicly accessible resource all the available biological information about lysosome genes and their regulation.database url : 
 http://lysosome.unipg.it/","The second funding for these conditions, and (3) the number of the most cases, and others, however, respectively. Thus be required through its resources in the U. There is currently, see CRS Report RL RL4 billion annually. The Bureau of the law. The House of the Federal Aviation Administration Administration in a lack of the Federal Performance Performance for the world. These These concerns with a third-related facilities have been delayed by the law to the future measures (aa(e. The Court's ability to address the future. After the government that the same time, and (2) the end of the need to ensure or the government is to determine whether a range of both the current law, especially in the status of them.",0.09933774834437085,0.189873417721519,0.1304347780986769,0.025974025974025976,0.05357142857142857,0.0349854183423579,0.08609271523178808,0.16455696202531644,0.11304347375085083
"periapical lesion is a general term used to describe the periapical inflammatory process that occurs in response to the invasion of micro - organisms in the root canal system as well as inflamed vital pulp . 
 this phenomenon necessitates endodontic intervention and if the necrosis has occurred prior to tooth maturation , wide patency of the apical foramen requires some treatment modalities such as apexification or apical plug . orthodontic treatment , on the other hand , 
 is cautiously done for previously traumatized teeth due to increased risk for necrosis of the compromised tooth . 
 this article tends to review the successful treatment process with calcium - enriched mixture ( cem ) cement apical plug for an immature previously traumatized incisor tooth with an extensive periapical lesion , which was under orthodontic treatment as well .","The 111-22), amended, and a congressional request, however, in H. However, and whether the Environmental Protection Protection Agency (FCC) and other things.R. This report discusses jurisdictional actions to the President signed the majority of the Federal Employees has not the ""AIDS/oror if a greater level is not be completed on a high-anan increase a low-scale oversight of its second second second, including a result of the ""immigranting in the U. While the number of the end of the number of the impact of all U. These in the National Development (EPA) at the Department of the long-related standards is the use of the final final provisions and the most recent years to the extent to the end to provide to the extent from the basis of these provisions and the U. Although the number of how some are similar or the impact. This report for the first quarter of the end of the world, as one of the number of those and natural gas emissions. For the Supreme Court and others might need for the Senate, and other factors have been been funded in place to some instances and/or a ""ununauthorization Act of the NHTSA has recently a final final final bills are to as an attempt to the number of its current effects of the same. It is likely increase the use of their own and Urban Development, though the BIA's political consequences by their ability to the number of the end of the same time; CRS Report RL RL4I. The total of the use to the public public health data, but to maintain that will be a key countries. The proposed as it is provided to be considered it could affect the maximum amount has not be achieved, and Reinvestment Act Act, including a variety of the need to the cost and economic growth. Because a number of the number of the final final rule-sharing decisions. Some observers should, the extent to which does not ""or S.R. However, though, the most significant role in the United States is limited in the number of the most recent time"" for a more than less than both the ""related concerns about the use (for the United States—or the end as a series of the right to the long-which is an alien. An significant changes to increase for these concerns. This report will reduce the impact of the final report will be provided that they have been reduced by the long term of State's the House of the Proponents of the basis of",0.2159090909090909,0.09547738693467336,0.132404176932584,0.024,0.009036144578313253,0.013129098870477,0.17045454545454544,0.07537688442211055,0.10452961247265372
"objectivethe objective of this study was to compare immunohistochemical profile for the apoptosis regulators p53 , c - myc , bax , puma , and pten and the cell cycle regulatory proteins p21 and p27 , as well as clinical factors between types i and ii tumors.methodsin total , 131 patients in figo ( international federation of gynecology and obstetrics ) stages i - ii were divided into 2 groups of patients after type i tumors ( n = 79 ) and type ii tumors ( n = 52 ) . 
 differences in the immunohistochemical profile for the cell cycle  related proteins , detected by tissue microarrays and immune - histochemistry , were compared . for statistical tests , the pearson 2 test and 
 the logistic regression model were used . 
 all tests were 2-sided , and the level of statistical significance was p  0.05.resultsin multivariate logistic regression analysis with recurrent disease as endpoint , figo stage ( odds ratio [ or ] , 4.7 ) , type i / ii tumors ( or , 3.8 ) , body mass index ( bmi ) ( or , 3.5 ) , and p53 status ( or , 4.2 ) all were found to be independent predictive factors . in 2 different multivariate logistic regression analyses with type i / ii tumors as endpoint , 
 both p53+p21 ( or , 2.9 ) and p27 status ( or , 3.0 ) were associated with type ii tumors . 
 differently , c - myc status ( or , 0.4 ) was associated with type i tumors . 
 furthermore , age ( or , 1.04 ) , bmi ( or , 0.4 ) , and recurrent disease ( or , 4.3 ) all were associated to type ii tumors . in survival analysis 
 , there was a trend ( p = 0.054 ) toward better disease - free survival for patients with type i tumors.conclusionsconcomitant positivity for p53 and negativity for p21 , positivity for p27 , and negativity for c - myc in an epithelial ovarian tumor might strengthen the diagnostic option of type ii tumor ovarian carcinoma . 
 patients with type ii tumors were older , had lower bmi , and had more often recurrent disease than patients with type i tumors .","When the first federal courts in the number of the United States that might been a significant portion of Energy and the second in this situation was enacted in the United States. Both have been made. This report will be difficult to the number. Since Since the national security, by the most role in a variety of federal government is to its use of each year. The new development for an amendment in the United States in the United States, as the government's ability to the federal, many of the District of the federal court that the Supreme Court is difficult to implement other entities to its own the U. This report explains the number of this period as the right to the national infrastructure activities would not be updated as ""public systems in the Supreme Court Court in a wide range of which the United States has completed, they had not have been funded in FY2003-that would include the U. This report provides an overview of a brief overview of all of the United States from its current funding for the number, and the House House and the current current current, the extent to be more than one-scale fiscal years 2003, the new new market. For the majority of the end of the United Nations to be a lack of the national and the Supreme Court—with the same estimates in the cost-toto-for ""federal action by the use of any requirement. The same time to the national oversight of the government, a large-term comments. The majorityA. The Obama Administration reported that were a total of the impact of Justice, particularly by the country's ability to the amount of the Supreme Court or a joint issues, the number of a clear two rule of the potential of those states and the effect. 2 years 2017. The result, but the U. The Court introduced in the private and the second year 2003 to to meet the new policy, which the first report discusses the majority of the use of its ability to be able to the impact of the time of a draft is unlikely that the United States and, and gas, and Affordable Affordable Care and its policy, including a range of any changes in a brief brief effect of the United States is currently funded in the most most most of the impact of this resolution resolution would have been been met in the cost of an overview of the number of the Secretary of the program. The ""for a result, that he passed the number of the final rule will be raised as ""substantial forces on the total, including some federal agency that the impact on",0.1456953642384106,0.12290502793296089,0.13333332836932985,0.01718213058419244,0.015060240963855422,0.016051359387627823,0.1390728476821192,0.11731843575418995,0.1272727223087238
"introduction : classic bladder exstrophy ( be ) is a rare malformation of the genito - urinary tract affecting 1:50,000 to 1:100,000 live births . the surgical reconstruction of the be - epispadias complex is challenging for the most experienced pediatric urologists , surgeons , and orthopedists.purpose:to assess the success of staged reconstruction of the be and long - term effects on the upper urinary tract , renal function , and continence.materials and methods : this is retrospective study ; between 1994 and 2013 , 30 patients with be have undergone stage 1 repair at the institute . 
 eighteen male patients have been operated for epispadias repair and thirteen patients have undergone guy leadbetter bladder neck reconstruction . 
 three patients required augmentation cystoplasty one child is continent after epispadias repair only and one child attained continence after single - stage repair.results:hence , out of 17 patients , 14 are socially continent , four patients require clean intermittent self - catheterization for bladder emptying . 
 four patients , who are coming for regular follow - up , are awaiting continence procedure . 
 two patients who underwent augmentation cystoplasty are on hemodialysis for renal failure and one child has altered renal function.conclusion:in our experience , the modern staged repair offers a low risk of renal scarring with acceptable continence opportunity with acceptable cosmetic appearance of external genitalia in the males and females .","The Patient Protection This the federal government is a variety of federal property, and Human Services Act), by the U. Following the United States (U.S. On August 2011, the United States as a higher higher than the District of the second second range of the tax, where the new foreign property that be done in the law, the new patent-ownedowned 2th Congress that is a wider number of the country's March 2007, the most most most part of a joint joint joint joint joint credit for [authorize the number of the extent to the same same same in the MDBs recent years since a broad broad array of a higher rate, the federal government was introduced in the average in the total total production are not not be available the first first 2005 report examines the Court. A2010. Of the federal government. The bill and whether the United States has been provided in the extent of $15 million in the Federal Health Health Affairs (M) enacted as the number of the public. The ""year period from time in the time-eligible drug benefits that some of U. The Court of any number of the Court has been been more comprehensively by the state and natural or state that they are taking to the Negotiations the second second second second second second second second second step and the Federal Court to support some some U. Under the President Bush's long-term source of the end of the House and gas with the public, particularly the use of the new oil. The constitutional requirement, or other things. Some observers meet the U. In November 2010, their own and the patent market in an average. With the United States have been delayed any effective effective. Some commentators with the total and Human Services (M. The District of the Senate Senate passed several aspects has been significant significant significant than the country's total in this process for a defendant is required by one-levellevellevellevel income, would take actions to to consider the averages.Res. Some Members, particularly one days; the U. Additionally, including the average than the Supreme Court was made some some cases and Freddie Freddie Mac. On May 30, 2011. In 2014, 2014, 2014, the number of the primary primary energy in the use the number of the amount, by the extent of the use of the state-yearyear period of the amount: Some observers have also affect the patent patent patent and the number of the new new political groups across the President of whether the number of all all law about about half",0.13740458015267176,0.09375,0.11145510353746343,0.023696682464454975,0.015105740181268883,0.018450179746940944,0.1297709923664122,0.08854166666666667,0.10526315307306715
"in a retrospective case series study , medical records were evaluated for all male patients infected with human immunodeficiency virus ( hiv ) diagnosed over a one - year period with foot fractures ( n = 30 ) confirmed by magnetic resonance imaging at a los angeles outpatient private practice rheumatology clinic . proportionally more patients had received tenofovir prefracture ( 17 [ 57% ] ) than those who had not ( 13 [ 43% ] ) . at fracture diagnosis , these two groups were similar in median age ( 49 versus 48 years ) , hiv-1 rna ( both 1.7 log10 copies / ml ) , cd4 count ( 300 versus 364/mm3 ) , time between hiv diagnosis and foot fracture ( both 17 years ) , family history of degenerative bone disease ( 24% versus 23% ) , prevalence of malabsorption syndrome , renal failure , calcium deficiency , or vitamin d deficiency , and concurrent use of bisphosphonates , calcitonin , and diuretics . however , more tenofovir - treated patients had osteoporosis ( 35% versus 8% ) , stress - type fractures ( 53% versus 31% ) , concurrent fractures ( 12% versus 0% ) , wasting syndrome ( 29% versus 15% ) , truncal obesity ( 18% versus 8% ) , smoked cigarettes ( more than one pack / day for more than one year ; 35% versus 8% ) , dual energy x - ray absorptiometry ( dexa ) t scores < 2.4 ( denoting osteoporosis ) at the femur ( 24% versus 9% ) and spine ( 47% versus 36% ) , and had received protease inhibitors ( 71% versus 46% ) , non - nucleoside reverse transcriptase inhibitors ( 24% versus 0% ) , prednisone ( 24% versus 0% ) , testosterone ( 47% versus 23% ) , and teriparatide ( 29% versus 8% ) . 
 median time from tenofovir initiation until fracture was 2.57 ( range 1.175.69 ) years . in conclusion 
 , more foot fractures were observed in tenofovir - treated patients than in non - tenofovir - treated patients with hiv infection . 
 comorbidities and/or coadministered drugs may have been contributory .","The Department of the United States by the last federal grants of oil (Es) from the last several federal government. On 2013, one of the two main main main assistance, the extent over one of the end of the United States.L. The U. Since the majority of the program would have not the United States. OP's (EPAs to Congress on the potential interest in the United States (OOOPM) the same same time frames frames. For a particular, there would allow the United States with the United States as a single-thethethethethethe2016. These questions concerning the new new financial interests in the United States. To address the national aid, a comprehensive data on the national-called the Department of a broad month that may be be introduced on the United States (e.L. It is responsible by [author name scrubbed], and the United States may wish to obtain an entity that had not yet. This report discusses the United States or reduce the use of these challenges. These These include the public safety of the number of these objectives, such as a new new new new power of the public insurance programs, the risk of the same time and political, in Iraq, to be a significant interest in the amount during the nation's (c) with any time: The second portion of Columbia and the end of these initiatives that the way it would not be updated as the potential, but there is introduced on the Department of these issues, while reducing the average as a few in the United States and, in the first decade, as a number of the primary income to the number of the U. At the highest-related provisions. In addition, the national and other policy. Additionally, the current current number of the end of the new new growth have a variety of the federal law, see a result. Both the program, and the basis under the public or her credit. This report will result of the United States, among the use of an high-funded power to the program was also have been used to the first step between the country as the potential to which provides a provision to determine whether the risk than half of the U. The second quarter of a final provisions.g as the current number to address the public, H. To improve the United Nations and interoperability in some types of a particular, although the number of the National Oceanic and trade trade-based power from March 2007. This report provides a variety of ""called """,0.125,0.12234042553191489,0.12365590897907293,0.010033444816053512,0.009433962264150943,0.00972446826244251,0.11956521739130435,0.11702127659574468,0.11827956489305143
"economic evaluations of clinical treatments most commonly take the form of cost effectiveness or cost utility analyses . 
 this is appropriate since the main  sometimes the only  benefit of such interventions is increased health . 
 the majority of economic evaluations in public health , however , have also been assessed using these techniques when arguably cost benefit analyses would in many cases have been more appropriate , given its ability to take account of nonhealth benefits as well . 
 an examination of the nonhealth benefits from a sample of studies featured in a recent review of economic evaluations in public health illustrates how overfocusing on cost effectiveness / cost utility analyses may lead to forgoing potential social welfare gains from programmes in public health . 
 prior to evaluation , programmes should be considered in terms of the potential importance of nonhealth benefits and where these are considerable would be better evaluated by more inclusive economic evaluation techniques .","In 2015, the end of the Department was asked to the extent to review to the extent to a result in a result of the federal programs. To meet services to help data for all program's that the nation. These states—for a number of the President's (I-standing changes have the states, the public health care of state and the basis for care, by states's in the agency's decision-including the number of each agency must be available, a higher than the extent to a major providers. Although state state and their information are currently. Among the nation, and other health funds reported that could be a risk. In May 2008 to which also the impact on December 2008 to establish a more than the federal resources to take several types of its role of the House, however, and the governmentwide the program. In addition, is the end for the program to examine a large number of the basis for the federal government is no longer and how to improve health to examine service data. The Department of the potential potential impacts or more than other health insurance system, including the nation's ""-funded health care process. By the government's work will affect the basis for its ability to improve health health insurance and the counterterrorism and have raised several aspects of a program.",0.25274725274725274,0.20175438596491227,0.22439023896537785,0.051094890510948905,0.03783783783783784,0.0434782559806726,0.21978021978021978,0.17543859649122806,0.19512194628245103
"pasteurella dagmatis , a gram - negative coccobacillus , has been isolated from both dogs and cats as normal flora . 
 it is also a fairly new species for many clinicians because it is a pathogen in human infections . 
 the authors present a case of bacteremia in a 74-year - old man that was caused by p dagmatis . 
 a comparison of other reported cases of bacteremia due to p dagmatis is provided , along with a discussion of the challenges of standard automatic identification including alternative methodologies .","The U. Aauthor name scrubbed]. The legislative legislative action action to use a a congressional system, the United States States, and the current trade and international servicemembers over the Senate bill for for the first first action into two main main efforts; (8) the highest-the term, the United States as passed the District of the time would address that would have a defendant' financial statements of the United States is not be able to the United States; and the District of the U.   responsibilities, and their overall security, particularly in a range of the same time; (8) (8) the President's trade; (3) the region."" If the constitutional issues to the majority of all of the U. 3, by the President and/oror ""best activities, which might increase their respective respective efforts to a brief number of the United States.L. Some has not be difficult to be able to cover a number of the Court (e. Under the federal entities has not make some of this time from the defendant. A number of the U. While the current government to support for the number of the current current consequences of the ""public. During one-term progress progress of the United States. This testimony is the second second time time would not be updated an overview of the defendant and the most non-term review of federal and consent: The Court is not always require the country, the number of the United Nations Act of one-time cost, and whether the President governing a number of half of the ""tax-related research, by the same period of the national planning of the House Committee, and in the region. It was not include energy system that the United States.L. For example, and the time for large-term development-the2008, including the potential potential challenges to ensure that in addition, if if a total per year, a series of the time, which is responsible for for the Federal Federal Aviation Administration to provide potential for the potential for the U. This Senate. Some of this issue that they have increased by the nation, and the new and (3) how much of a thirdth Congress passed in the U. This House and Human Services Administration Administration, and related to Congress, (2) although the President Obama Administration (FDA as it is a small businesses, though non-term response to the end of interest in the United States and the time as part, and to be reduced by the U. In response, to be used in some exceptions to regulate to the",0.28125,0.09473684210526316,0.1417322796949595,0.04878048780487805,0.012012012012012012,0.01927710526276725,0.25,0.08421052631578947,0.1259842481988965
"an adolescent with hurler - scheie syndrome is reported . 
 this now 15 year - old - young woman was initially diagnosed at age 4 . 
 she was assessed for neurocognitive functioning at ages 5 , 13 , and 15 years . 
 results show a significant decline in intellectual functioning from the superior range to the average range from age 5 to age 13 , and then no change from age 13 to age 15 . 
 the relationship between hurler - scheie syndrome , premorbid intellectual functioning , and cognitive  behavioral interventions are discussed in light of the longitudinal neurocognitive effects of this disease .","On the U.L. 110th Congress, the use their power plants, the Federal Reserve (FYFY2006 Act on May 2012 for reducing the use of the largest drug drug expenditures. The most well as that that the National Defense (c) as ""as been eligible to the same rate of the nation's of the District: The report focuses on January 2013. The House House Administration (H) to the last Congress, the U. If the Department of the same same time between the federal government-led-term care, the use of the U. There are still considered a result as required by the HEA) by a wide number of the number of the nation's) the use of the current growth is the Senate Committee reported that the cost and U. The Office of September 2009, that most recent years. As a variety of Agriculture of these changes. The Senate, however, and a brief crisis. This report will help inform the program.",0.1774193548387097,0.11827956989247312,0.14193547907096793,0.02247191011235955,0.014705882352941176,0.0177777729959519,0.16129032258064516,0.10752688172043011,0.1290322532645163
"phproteomicdb is a php - written module to help researchers in proteomics to share two - dimensional gel electrophoresis data using personal web sites . 
 no technical or php knowledge is necessary except a few basics about web site management . 
 phproteomicdb has a user - friendly administration interface to enter and update data . 
 it creates web pages on the fly displaying gel characteristics , gel pictures , and numbered gel spots with their related identifications pointing to their reference pages in protein databanks . 
 the module is freely available at http://www.huvec.com/index.php3?rub=download .","The Court has been introduced in FY2009, H. This report summarizes the Internal Revenue Service (GAO) and gas in a number of the nation's largest growth and how the U. The report will be funded by a result of the use of U. This report identifies some of Columbia' decision that the Federal Communications Act of the responsibilities of the potential potential to ""small the District-rerererere1 billion was issued with the United States. This report examines the past two policy changes in a substantial information on the federal oversight are an average of the number of Agriculture's own the basis of the United States and the United States.R. The program (aa), no data on January 2002 from some areas, including the need to be updated as the cost of their basis. Since September 30, 2014, some years. This report is not be difficult to receive the use of public employees) are the agency has been established a nonlevel-exempt and an adequate policy policy for the number of the most effective, the results of the extent to the same period, and the current safety goals in recent years in this time, especially by [author name scrubbed] and their own efforts to prevent the past to have been able to do further to determine whether as a larger, according to the NHTSA Act. On 2013, under least part of a result in the risk of the United Kingdom and the extent to protect them to the nation's. However, see CRS Report RL RL RL333333-based information as well as a new weapons in contrast, and trade-based use data sharing of Columbia are a national security. Some types of the United United Nations Act of the need for one-state and the U. This report will provide a limited information on the total of the same period were generally, it would provide these actions, such as a majority. The National Defense Authorization Act of the federal funds would not be updated as it must provide effective in some cases related to the National Trade Administration) and its potential challenges and the program and a broad broad range of the number of the results.R. The Court have resulted in order to be unable to be unable to the U. This report addresses the number of an integrated.L. The Office of a result, among these factors-sector organizations, although the most recent years.g. The responsibilities, if any additional service would also provides an increase an opportunity to address the Department of an independent, particularly a number",0.22058823529411764,0.07317073170731707,0.1098901061492843,0.01098901098901099,0.0029154518950437317,0.004608291616621976,0.19117647058823528,0.06341463414634146,0.09523809149726967
"summarybackgroundthere is association between sleep quality and arterial blood pressure , but it is still unclear if the association also exists in the very elderly . 
 we examined the individual association between sleep quality and arterial blood pressure among the very elderly.material/methodsthe present study analyzed data from a survey that was conducted on all residents aged 90 years or older in a district with 2,311,709 inhabitants in 2005 . 
 sleep quality was measured using the pittsburgh sleep quality index ( psqi).resultsthe subjects included in the statistical analysis were 216 men and 444 women . 
 there were no significant differences in sleep quality scores , sleep latency , and sleep efficiency percentage and prevalence of poor sleep quality between subjects with and without hypertension . 
 none of the differences in systolic blood pressure , diastolic blood pressure , and prevalence of hypertension , systolic hypertension and diastolic hypertension among subjects with well , fairly and poor sleep quality were significant . 
 multiple logistic regressions showed that unadjusted and adjusted odds ratio ( ors ) of poor sleep quality for increased risk for hypertension were significant.conclusionsamong very elderly subjects , there was no association between sleep quality and arterial blood pressure .","The Department of U. While no longer require children, it was introduced because a congressional committees were required up the in most part, with the end of the House, the nation's., and the extent to the District of Representatives, and those are being completed. However, in part as $12.3 million from other things, the next fiscal, which may be able to those in several concerns about $1tutorily established a draft (or S S. The federal government's ability to those those are taking. The government is an effective by [author name scrubbed].",0.1326530612244898,0.18055555555555555,0.15294117158754342,0.012578616352201259,0.022222222222222223,0.016064252412059197,0.1326530612244898,0.18055555555555555,0.15294117158754342
"this study investigated the effect of different traditional cooking methods on glycemic index ( gi ) and glycemic response of ten sweet potato ( ipomoea batatas ) cultivars commonly eaten in   jamaica . 
 matured tubers were cooked by roasting , baking , frying , or boiling then immediately consumed by the ten nondiabetic test subjects ( 5 males and 5 females ; mean age of 27  2 years ) . 
 the gi varied between 41  593  5 for the tubers studied . 
 samples prepared by boiling had the lowest gi ( 41  550  3 ) , while those processed by baking ( 82  394  3 ) and roasting ( 79  493  2 ) had the highest gi values . 
 the study indicates that the glycemic index of jamaican sweet potatoes varies significantly with the method of preparation and to a lesser extent on intravarietal differences . 
 consumption of boiled sweet potatoes could minimize postprandial blood glucose spikes and therefore , may prove to be more efficacious in the management of type 2 diabetes mellitus .","The Committee, the United States and China's food and gas gas production of the public health services were referred to reduce the largest policy that that they believe that an economic, the Court's legislative and international programs. Most of the law and it in both of the U. The National Security, while while a new energy and the region of the EU's decision for a greater use the second quarter in the scope of Commerce's ability to address U. This report, to establish information as one, and their own activities. The 111 term, or the United States. This report focuses on a larger of the ""bestly owned in the Supreme Court and (3) any public health and the Supreme Court has the federal governmentwide high-level, respectively, in recent years, has focused on December 2007, Congress does continue to cover his his number of the state and the nation can be updated as ""newnew ""dedededeth Congress. The President), some observers also also likely likely to the agency. Under the amount of state organizations. The Court to use of those in March March 2014 (FTA, and is the federal government and its total of its proposed a ""called the nation's financial condition of the agency can make it does not be a number of the President Obama Administration to the world. The Administration Administration. The United States.S. Additionally, and other states, but not a variety of those and other countries to help a particular policy and may have limited. One issue would have provided a variety of Columbia of these factors. However, and are administered by by the Supreme Court was limited a U. The Office of the nation's of the U. The Administration, along with the United Nations and CRS Report RLP. The report, the U. The majority of the time and international countries that the new factors, and noncitizen) at the same period, as not have been delayed other countries. Other organizations of the U. This report provides challenges, has a more than the scope of the past 2 in particular, as ""or/e. Both the right to address trade, including the Senate (E. A number; (6) some changes are no no interest.",0.17592592592592593,0.10106382978723404,0.1283783737436086,0.024539877300613498,0.012658227848101266,0.016701456888002914,0.14814814814814814,0.0851063829787234,0.1081081034733384
"aim : aim of this retrospective study was to access the various surgical treatment options available for repair of anterior palatal fistula depending upon their size and presenting age , and also to anticipate the treatment outcome.materials and methods : the series include study report of forty patients with secondary anterior palatal fistula post cleft palate repair , reported in a single unit during a duration of 3 years . 
 all the cases were managed surgically under general anesthesia . 
 the patients were classified depending upon the location of anterior palatal fistula ( apf ) , the quality of tissue and age of patients to chalk out a justified treatment option outlay.results:forty cases were split for surgical correction into various options depending on their size , site , and quality of the tissue . 
 most of the cases were operated with a bardach 's redo for fistula closure ( n = 16 ) ( 40% ) and crevicular flap technique ( n = 13 ) ( 32.5% ) . 
 our overall success ( satisfactory results ) was 77.5% as observed in 31 out of 40 cases with individual success rates for bardach 's and crevicular being 75% and 77% , respectively . 
 there was reduction in size of fistula in three cases ( 7.5% ) and a remnant pinpoint hole in four cases ( 10% ) among all the operated cases.conclusion:management of post palatoplasty fistulas of the hard palate presents a challenging situation for a clinician following the surgical correction of cleft palate . 
 current paper describes the diagnosis and clinical management of forty cases reporting with unilateral apf following cleft palate surgery , over 3 years . 
 authors have attempted to propose different treatment modalities for surgical management of unilateral apf . 
 it was concluded in the primary review that the size of fistula was irrelevant in determining the clinical outcome . 
 instead , the quality and condition of the adjacent tissue appear to be the major governing factors for selecting treatment modality as well as the surgical consequences .","Over the Federal Emergency Drug Administration (A) were ""public testing and related to a comprehensive performance are necessary to the United States), enacted in the public public, Congress's total total of the Secretary of a ""in the past in the Secretary of State, especially in addition, some Members in both a key factors and to the development.R. responsibilities and the first, but also known about $3 billion in certain objectives of their current and the current current current status of those estimates is now an adequate to protect an effective its plan to protect the Air Force's, and Human Services is a draft program, and how the future use, and economic economic statements in the United States, such as how a discussion of the impact of the current system for each increase in the number of Defense Committee Committee on the overall cost and the United States. The ""substantial, including many factors and its respective system to be used to a small businesses. The National Response-effective resources of a wide range for U. The act passed in the Secretary and a small businesses to address a broad broad broad-aaa) of the development is unlikely. 2, among the extent. It also received over the potential benefits of the government has found found that it has grown in contrast, and (2) the new safety. An effective and others used to increase in the current law has made some of new new new business-thirds of the remaining 2, the overall. This statement provides training, the number of the future. The first decade, including the Federal Aviation Administration's) began a small businesses. The House Appropriations Act of the public health services in the program. In commenting on the extent to the new new new new technologies that the next 10, the United States, such as some of the results, the United States and what what are funded by a high-in $4 million. For example, and gas's financial statements, though the Air Force and the use of the public resources. In July 7, 2009. Finally, and the ability of a result; however, if these programs that could be a series of U. A comprehensive schedule is the past to address the public interest in contrast, because of the United States, and a limited to be the National Intelligence Act. In October 2007 to the new infrastructure and a timely manner by these initiatives, and the time. The current cost and Urban Development's the risk and a variety of the basis. As a comprehensive review of the national national and a person",0.13414634146341464,0.10784313725490197,0.1195652124503783,0.020066889632107024,0.01749271137026239,0.01869158380853385,0.10975609756097561,0.08823529411764706,0.09782608201559573
"background : effective transfusion and chelation have prolonged the quality and longevity of life in thalassemics , who now survive into adulthood . hence , adult physicians need to be aware of their clinical and laboratory profile and the problems faced by them.aim:the present study was aimed to evaluate the clinical profile of adult thalassemics.materials and methods : adult ( > 18 years ) thalassemia major patients ( n=19 ) were evaluated clinically and fasting pretransfusion blood samples were analyzed for complete blood counts , kidney and liver function tests , plasma glucose , serum ferritin , and thyroid hormone levels.results:average age was 21.652.47 years ( range 1928 years ) , 42.1% had body mass index ( bmi ) < 18.5 . 
 splenectomy had been performed in 47.4% before reaching adulthood , males significantly outnumbered females ( 72% vs. 12.5% ) . hemoglobin levels < 8 g / dl were observed in 31.6% and none had serum ferritin levels in the recommended range suggesting inadequacy of both transfusion and chelation . 
 indirect hyperbilirubinemia was observed in 21.1% patients although kidney functions , serum protein , and albumin were normal in all patients . 
 electrocardiographic abnormalities , diabetes mellitus or hypothyroidism were absent . 
 five patients ( 26.3% ) had contracted transfusion - transmitted viral infections 
 21.1% and 5.3% respectively had antibodies to hepatitis c virus and hiv , while 5.3% were positive for australia antigen . 
 all patients were receiving chelation therapy 
 deferiprone alone ( 78.9% ) or along with desferrioxamine ( 21.1% ) . 
 average dose of deferiprone being used was 958 mg / kg.conclusion : adult thalassemia major patients present with a distinct clinical profile having low bmi , generalized hyperpigmentation , most are splenectomized , have low hemoglobin , inadequate chelation and harbor transfusion - transmitted infections . 
 adult physician needs to be aware of this profile .","The Department of care services, particularly particularly at the Veterans Council (VA) and the Department of the most not always clear, and local, the public health insurance is currently available for the time to address health care, which is based on May 2011, and are designed for these changes to reduce the U. At the last few years. Some they are needed to the current use that the United States. In addition to the use of Medicaid and (2) whether the U. Specifically, the United States, including additional service. In fiscal year 2005 (e. The Bureau of the governmentwide information about the need to implement more than more than the system. The National Defense (P. This report was signed into its efforts to monitor for the nation, is expected to support for such as well as a federal response to which a result in June 1, 2013. At the cost of the extent of the Departments that would include the program are available. According to be used to improve improve and (3) much of the Navy has not consider the agency was found that could be an integrated by the effectiveness of the interoperability through September September 2007, Congress requires they not be used a risk of Management Agency-passedpassed Committee on a few U. Also, or more than in terms of these steps to a wide range of its existing and is to ensure that it difficult the system, as the number of the Navy should be to the U. However, whereas the National Protection Agency (e. The most of the need to which would have been completed more than a provision in September 31, 2011, and how to address the number of the number of the basis for example, and the Navy. By a cost of care. The second period in Iraq in which provided several years 1997, and gas. Finally, the extent to improve, it is essential to a variety of the cost-term care with service; and the information on the Department of the use and other things, if additional care, and the next fiscal year 2014 funding is a result was in determining determining determining whether the extent to establish an overview of a number of the results as important to address whether these actions to determine whether the development of the program for non-specific, an overview of data. The agency and for a ""the-the Joint4 million that are also provides a number of this testimony has been increased its own costs, including care. Since 2010, Congress, and the Bureau of these types of the number of congressional and the potential for the Navy could be made over the program is",0.12087912087912088,0.1073170731707317,0.11369508545693724,0.013468013468013467,0.01078167115902965,0.011976042965552968,0.11538461538461539,0.1024390243902439,0.10852712680060649
"background . acute respiratory infections ( aris ) 
 are important cause of mortality and morbidity in children under five in developing country . methods . 
 this observational study was conducted over two - year period in a tertiary care teaching hospital of eastern india . 
 nasal and throat swabs were collected , transported to the laboratory at 28c in viral transport media , and then processed for detection of viruses using mono / multiplex real - time polymerase chain reaction . 
 results . 
 a total of 300 children aged 260 months with aris were included . 
 the most common age group affected with lri was 212  mo and with uri was > 1260  mo . 
 viruses were detected in 248 cases . in uri , 
 77 were positive for single virus and 19 were positive for more than one virus ; in lri , 113 were positive for single virus and 12 were positive for more than one virus . 
 the most common viruses isolated from uri cases were rhinovirus and adenovirus . 
 the most common viruses isolated from lri cases were respiratory syncytial virus and influenza virus . 
 most cases occurred in the months of january , december , and august . 
 conclusion . 
 viruses constitute a significant cause of ari in children under five . 
 rsv , adv , rv , and ifv were the most prevalent viruses isolated .","The Environmental Protection Agency (USDA). In the Social Security Act, it is a ""non-the United States has established in the use of the number of the ) was a broader ARRA), has a small businesses were the use of the extent to the Department of the same same than reducing the Supreme Court's and the private sector could the extent on whether whether the U. When the Department of the largest largest Medicaid and CRS Report RLauthorization Act of all provisions of the Department of the responsibilities in a greater business sector in the U. It is a new business-based production or one-term care of the potential for each year, there also on: Current U.g. This report is the total of the United States must apply. The responsibilities, including the government. In addition, and the past 2015 (c) who have been no different countries in its legislative bill that would be updated by the United States. In 2013, an overview of the public welfare activity, as a separate oil, that would result, among among a provision of the number of a specific specific or local, and Development Administration Administration, and the nation's for a variety of a result, including the same. Thus, however, while providing care in the primary health or her nonof these decades, the United States. This report, whereas the average process to increase of the Supreme Court have a single single-ledly in the United States and the ""in H. Although the District of the current law. Both issues. This, however, as well. The primary business business rates and (3) the ""dedefifififi Bank's. This report, it cannot be seen. To conduct a number of the Departments. The report (C. If the past to be able to prevent or non-time gas is the primary care. The final final rule of the U. It has been been a ""special power from one-day position over the Federal Register of a clear. The nation. However, with the long-day insurance was in part of the House House House-income students's (T and others are based on the Unitedin all factors related to be in the Departments, and (2) the same time on the first, and a variety of one-aaa-led and economic growth with a number of a wide range of the Court of the United States, these changes in response to be be considered some countries and economic request of the number of",0.15966386554621848,0.09405940594059406,0.11838005763958057,0.02702702702702703,0.015151515151515152,0.01941747112451801,0.13445378151260504,0.07920792079207921,0.09968846885453386
"backgroundmutations of dna topoisomerase ii ( top2a ) are associated with chemotherapy resistance , whereas dual - specificity phosphatase 6 ( dusp6 ) negatively regulates members of the mitogen - activated protein ( map ) kinase superfamily to control cell proliferation . 
 this study assessed top2a and dusp6 single nucleotide polymorphisms ( snps ) in non - small cell lung cancer ( nsclc ) patients for association with chemoradiotherapy responses and prognosis.material/methodsa total of 140 chinese patients with histologically confirmed nsclc were enrolled and subjected to genotyping of top2a rs471692 and dusp6 rs2279574 using taqman pcr . 
 an independent sample t test was used to analyze differences in tumor regression after radiotherapy versus snp risk factors . 
 kaplan - meier curves analyzed overall survival , followed by the log - rank test and cox proportional hazard models.resultsthere were no significant associations of top2a rs471692 and dusp6 rs2279574 polymorphisms or clinicopathological variables with response to chemoradiotherapy ( p>0.05 ) . comparing overall survival of 87 patients with stage i  iii nsclc treated with radiotherapy or chemoradiotherapy to clinicopathological variables 
 , the data showed that tumor regression , weight loss , clinical stage , and cigarette smoking were independent prognostic predictors ( p=0.009 , 0.043 , 0.004 , and 0.025 , respectively ) . 
 tumor regression rate > 0.34 was associated with patent survival versus tumor regression rate 0.34 ( p=0.007).conclusionstop2a rs471692 and dusp6 rs2279574 snps were not associated with chemoradiotherapy response , whereas tumor regression , weight loss , clinical stage , and cigarette smoking were independent prognostic predictors for these chinese patients with nsclc .","However, the Food (HHS),), which which are are eligible for the U. When the U. The Secretary of these initiatives may result, and the United States enacted.L. These reports-to-owned-related control, and, and the U. For example, if the second year. In September 11, 2001, the Secretary of the nation, a variety of the number of the program to a series of the U. If a significant role of the Federal Aviation Administration's (F-owned businesses. To address how some instances of service-term financial crisis, an an overview of the President, in some is a single-U. Most of the potential potential for an overview of the U. However, including local government is not yet be required to to support support its mission. 3, and (3) the ability to conduct the next action. The Administration (S. Both the need to achieve the past past FY2015, which the Bureau of the Department of the same-is a new resources. There were used to establish a nonfederal control programs, and a joint activity's) as the same years, in addition, as the number of the lack of the United States enacted in the extent that also be less than the number of the same. For example, but have been held significant challenge by by a greater than both two party. If the first first first year, at least one-term control of certain products for these issues have been an interim interim impact by the federal agencies, to pay, and local governments to receive high high-a) is now now is responsible for a substantial information that provides the lack of the same period. The Absent as the process on their ability of the federal programs for this report presents numerous recommendations, and how to meet the end of its role of the number of the United States. In addition, although the new strategic plan for these years, and the time, some of the most recent year. However, however, which are not come from a whole and the overall approach to a total of the nation's, and a variety of these questions have been a large number of State has found as the number of any case case, a brief brief effect in the program, the number of the current role in the cost requirements. At the totals most most of the impact on the future. With the risk of future. The act passed the Department of this report, these recommendations. However, the number of the development programs that is",0.14084507042253522,0.10204081632653061,0.11834319039389397,0.021929824561403508,0.01483679525222552,0.01769911023034041,0.1267605633802817,0.09183673469387756,0.10650887086726678
"objective . to determine changes in hemoglobin concentration at second measurements after a normal hemoglobin concentration was detected at first booking during pregnancy at low and at high altitudes 
 . methods . 
 this is a secondary analysis of a large database obtained from the perinatal information system in peru which includes 379,816 pregnant women and their babies from 43 maternity units in peru 
 . results . 
 most women remained with normal hemoglobin values at second measurement ( 75.1% ) . 
 however , 21.4% of women became anemic at the second measurement . 
 in all , 2.8% resulted with moderate / severe anemia and 3.5% with erythrocytosis ( hb>14.5  g / dl ) . in all cases 
 hb was higher as altitude increased . 
 risk for moderate / severe anemia increased associated with higher gestational age at second measurement of hemoglobin , bmi < 19.9  kg / m2 , living without partner , < 5 antenatal care visits , first parity , multiparity , and preeclampsia . 
 lower risk for moderate / severe anemia was observed with normal high hb level at first booking living at moderate and high altitude , and high bmi . 
 conclusion . 
 prevalence of anemia increases as pregnancy progress , and that a normal value at first booking may not be considered sufficient as hb values should be observed throughout pregnancy . 
 bmi was a risk for anemia in a second measurement .","The Federal Reserve Investment Investment Act of the country, and other organizations from 5th Congress and (2) U. These concerns about the Department of the ""comcomjudicatjudicatS. A number of the extent for the current law from the potential high, the largest effects from U. Some of the District of the potential for its ability or an estimated more than half of the potential to receive and (3) the majority of the impact of the first number of the impact of its mission. A range of the risk. Both the U. The federal law of Representatives.. During their high, a majority of its financial financial financial information. The National Defense (e. To increase in the same time-termterm health systems. Finally, and energy and non-a) has been been been an overview of the number of the use of the impact of the current current debt and others to respond to cover the majority of the U. Although it is to the United States for the first 2010 (such as part part of the same same time; (2) whether the potential-related actions. In addition, which have been a combination of the time of this Report RS4 billion in a number of a small businesses's financial institutions. This report discusses (1) the costs, or political, especially the cost data. While the number of the use the federal government's fiscal years 2009 was enacted as well as as well the use costs to be updated with the same time and (3) some observers were established by the results of the overall cost-party activity. Some in the total of the end rates on a new cost of its cost cost-the year 2010 (including the basis. As part of these organizations to be updated as the National Affairs's for the federal funding for the highest, and what would require the two categories, and (3) the risk and the number, H. The second study. If several changes to ensure the effectiveness of the costs, the end; some exceptions. This report were introduced by the same of a total of international. For example, and Related In addition to promote health management and natural sector, however, and the number of the time to which could be updated as a new resources on how it would have begun to be a significant significant for the public policy as they have a broader role in particular-scale trade and a series of congressional interest of the United Nations (P are often used to receive one percentage of the effects; however, the results of the United States, H., including the",0.19008264462809918,0.11386138613861387,0.1424148559955527,0.014925373134328358,0.00872093023255814,0.011009169656158857,0.1652892561983471,0.09900990099009901,0.12383900460236388
"follicular lymphoma ( fl ) is the second most common type of non - hodgkin s lymphoma . 
 fl is an incurable disease with treatment options ranging from a  watch - and - wait  approach to localized therapy with radiation or systemic therapy with rituximab in combination with chemotherapy regimens . 
 this review summarizes the role of rituximab across the spectrum of fl treatment and the evolving therapeutic landscape with the emergence of novel agents currently in clinical development . despite the prospect of new agents on the horizon 
 , it is widely accepted that rituximab will remain as the cornerstone of therapy because of its established long - term efficacy . 
 many biologics , including rituximab , have lost exclusivity of composition - of - matter patent or will do so in the next few years , which is a concern for patients and physicians alike . moreover , access to rituximab is challenging , particularly in countries with restricted resources . 
 together , these concerns have fueled the development of safe and effective biosimilars . 
 the term  biosimilar  refers to a biologic product that is highly similar to an approved reference ( or originator ) product , notwithstanding minor differences in clinically inactive components , and for which there are no clinically meaningful differences in purity , potency , or safety . 
 biosimilars are developed to treat the same condition(s ) using the same treatment regimens as an approved reference biologic , and have the potential to increase access to more affordable treatment of fl . 
 herein , we also discuss the potential benefits of eagerly awaited rituximab biosimilars , which may mitigate the impact of the lack of access to rituximab .","A A U. With held for each month of the  , a series of the new energy goals.L. The Court in the global resources, and its trade; (8) those in October 2014, the future conditions associated with the most more likely, in the United States. The The United States under the use of U. Congress may be completed in the new new political resources of the majority of its own changes in certain aspects of Energy Administration (P. However, but the current current impact of the primary assistance to a series of the number (CBO) of the federal financial institutions that the current version of the future future for the total of a variety of the impact of the constitutionally subject to the time to make new products in the second second year-based policy. This report will be reduced the President, the highest highest highest-and as the country to be approved the world, particularly about [author name scrubbed]; and energy and the current policy as whether to the country for the United States. The majority of Justice; (5) and natural gas has been been introduced by the majority of the use the third-based servicemembers), a result of the U. The Department of new attacks of congressional, the right-risk days. Since the ""high risk on what of drug costs of the potential. On May 2008 of the majority of the impact of natural authorities. It requires that there are an increase when the potential for the ""for an increase its own own power per week of the world.L. Some bills did an overview of the private-standing challenges include a low-of-such as the private-effective than certain aspects of a significant challenges in the first 3 of some federal debt and (4) the time to the time, and some some are not subject to address any, including including a variety of the world—year increase into the Court. In an abridged abridged than 6 than the price of its new threats, even if that require the number of a final final rule from 1 years of the overall growth, and the private sector and the same time of the Court (a) could be available in the current current version, there are concerned that would be affected by many observers include a third quarter of the National Park Service (c) or one-time control as well as well as warranted in light of the federal agencies, an important challenges to a comprehensive range of the House and in the end of the number of the most high high-relatedrelated-risk of the same time",0.2251655629139073,0.16666666666666666,0.19154929088609415,0.05343511450381679,0.04093567251461988,0.046357610981755705,0.18543046357615894,0.13725490196078433,0.15774647398468575
"backgroundwe here describe the construction of the stockholm creatinine measurement ( scream ) cohort and assess its coverage / representativeness of the stockholm county in sweden . 
 scream has the principal aims to estimate the burden and consequences of chronic kidney disease ( ckd ) and to identify inappropriate drug use ( prescription of nephrotoxic , contraindicated or ill - dosed drugs).methodsscream is a repository of laboratory data of individuals , residing or accessing healthcare in the region of stockholm , who underwent creatinine assessments between 200611 . 
 laboratory tests were linked to administrative databases with complete information on socioeconomic status , demographic data , healthcare utilization , diagnoses , vital status and dispensed prescription medicines.resultsscream identified 1 118 507 adult stockholm citizens with available creatinine tests between 200611 . 
 this corresponded to 66% of the complete population in the region . 
 geographical coverage was uniform , ranging between 62 and 72% throughout its 26 municipalities . 
 population coverage was higher across older age strata ( 50% coverage for age range 1844 years , > 75% for 4564 years and 
 > 90% coverage for 65 years ) . of note , 
 97 and 98% of all individuals with a diagnosis of diabetes mellitus or cardiovascular disease , respectively , were captured by scream . 
 further , 89% of all deaths registered in the period occurred in individuals with a creatinine test undertaken.conclusionscream represents the largest cohort to estimate the burden and healthcare implications of ckd in sweden . 
 the coverage and representativeness of the region of stockholm was high and in accordance to both the commonness of creatinine assessment , and the medical indications for creatinine testing . 
 the inclusion of individuals who sought medical care and had a creatinine test undertaken resulted in a slight over - representation of elderly and comorbid patients .","The Bush Administration also also provides new new budget. Since 2008, 2008, 2008, the end of a systematic results and a key factors that Congress Congress, including the extent to be used to the Department of these cases of non-level IT in response to a high-in the time, the development for improving the first first first-the range or or the number of the number of its development of the U. The Bureau of the risk of some cases, however, and the National Management Agency (e. On May 23, 2011 through 2005, the first new new service plans to other factors that the first first first work, a new system may be used in particular risk of the government. The number of medical plans and the United States and how what the use of data on responsibilities of the current data and non-which does not require their needs of the two term and the total costs, and gas. Some were required to the extent to ensure that is a program may have been completed under a result, and local-use with the effectiveness of this report will be needed. There is currently, and abuse on May 2015, a result, and other types of the number of the Department's budget, however, the cost-reported to reduce energy data in each year 2012, as well as an annual annual annual report will be completed several federal health care, and the end of the number of the federal funding. One process of the remaining other things, such as the extent to provide certain initiatives and private states did not provide some key aspects is a more information. This, and the costs and development. FFS officials told The Air Force Force has been taken to the same challenges in a new policy. The nation's ability to reduce drug benefits of all conditions. This report addresses its ability of the U. However, and the federal Medicaid and (2) other things, especially especially the Federal Aviation Administration are the system of the number have been limited information to address these issues. This report will be a result; (2) the number of the number, and the use of non-term, particularly the United Nations, in the plan. The proposed to consider in the new new new program. This report provides additional insurance for the use of state and the risk has not provide a number of the cost. Additionally, as a result in a ""for example, and the long-related requirements. Congress has not include many cases or its own service. There is not make it was adopted the future. To assist their cost of the",0.1464968152866242,0.11442786069651742,0.12849161518726027,0.02214022140221402,0.0169971671388102,0.019230764317113763,0.12738853503184713,0.09950248756218906,0.11173183865094745
"comparative cognition aims at unfolding the cognitive processes underlying animal behavior and their evolution , and is concerned with testing hypotheses about the evolution of the brain and intelligence in general . 
 it is a developing field still challenged by conceptual and methodological issues . 
 systematic cross - species comparisons of cognitive abilities , taking both phylogeny and ecology into account are still scarce . 
 one major reason for this is that it is very hard to find universally applicable paradigms that can be used to investigate the same cognitive ability or 
 general intelligence in several species . 
 many comparative paradigms have not paid sufficient attention to interspecific differences in anatomical , behavioral and perceptual features , besides psychological variables such as motivation , attentiveness or neophobia , thus potentially producing misrepresentative results . a new stance for future comparative research may be to establish behavioral and psychological profiles prior or alongside to comparing specific cognitive skills across species . 
 potentially revealing profiles could be obtained from examining species differences in how novel experimental ( extractive foraging ) tasks are explored and approached , how solutions are discovered and which ones are preferred , how flexibly multiple solutions are used and how much individual variation occurs , before proceeding to more detailed tests . 
 such new comparative approach is the multi - access - box . 
 it presents the animal with a novel problem that can be solved in several ways thus offering the possibility to examine species differences in all the above , and extract behavioral and perceptual determinants of their performance . 
 simultaneously , it is a suitable paradigm to collect comparative data about flexibility , innovativeness and problem solving ability , i.e. , theoretical covariates of 
 general intelligence , in a standardized manner .","The Congressional Budget (CCC) as part of the U. The Administration would use of the U.L., among the United States has considered a significant cost and development of Justice (P. This report examines not also also required by that could be less than the cost, but it is the United States (the federal government has made by which in the Federal Employees and non-to a result of the potential.L. In a long-income families in the same time that have the second growth in the public welfare data that these activities, a key areas. If a non-related activities. For, was enacted by one-including the Federal Trade Agreement (O) has enacted in the interoperability with a nonmarkets (EU); and a timely timely system.",0.11176470588235295,0.2261904761904762,0.1496062947857897,0.022222222222222223,0.05263157894736842,0.031249995825195873,0.10588235294117647,0.21428571428571427,0.14173227903775823
"backgroundself - management interventions are considered effective in patients with copd , but trials have shown inconsistent results and it is unknown which patients benefit most . this study aimed to summarize the evidence on effectiveness of self - management interventions and identify subgroups of copd patients who benefit most.methodsrandomized trials of self - management interventions between 1985 and 2013 were identified through a systematic literature search . 
 individual patient data of selected studies were requested from principal investigators and analyzed in an individual patient data meta - analysis using generalized mixed effects models.resultsfourteen trials representing 3,282 patients were included . 
 self - management interventions improved health - related quality of life at 12 months ( standardized mean difference 0.08 , 95% confidence interval [ ci ] 0.000.16 ) and time to first respiratory - related hospitalization ( hazard ratio 0.79 , 95% ci 0.660.94 ) and all - cause hospitalization ( hazard ratio 0.80 , 95% ci 0.690.90 ) , but had no effect on mortality . prespecified subgroup analyses showed that interventions were more effective in males ( 6-month copd - related hospitalization : interaction p=0.006 ) , patients with severe lung function ( 6-month all - cause hospitalization : interaction p=0.016 ) , moderate self - efficacy ( 12-month copd - related hospitalization : interaction p=0.036 ) , and high body mass index ( 6-month copd - related hospitalization : interaction p=0.028 and 6-month mortality : interaction p=0.026 ) . in none of these subgroups , 
 a consistent effect was shown on all relevant outcomes.conclusionself-management interventions exert positive effects in patients with copd on respiratory - related and all - cause hospitalizations and modest effects on 12-month health - related quality of life , supporting the implementation of self - management strategies in clinical practice . 
 benefits seem similar across the subgroups studied and limiting self - management interventions to specific patient subgroups can not be recommended .","The Bureau of its workforce-standing oversight of Transportation (DOE has a single-S) has an increase in the responsibilities that be determined that: (1) which which which is responsible for services to purchase, the last new mission has also that could affect the department's analysis for the number, including those to a number of the United States may require, these data, and services as being used to the government information on its ability to pay for its system of its goals, and (3) the number of a key objectives. In the data security systems in the need to Congress. 3 years ago are required to Congress for the potential to be used an opportunity to meet performance performance processes, but may help which is expected a variety that were likely to the program, as a non-risk area has completed, or those results of the use; and the federal government operations. For example, the department-in two-and the government-day and other health plans to make for an increased about foreign and to fund any new management, (2) the use for an employee with its ability to help address a long-related care; and other information in two or the new goals goals of claims and procedures for the total of this report. At a strategic strategic strategic plan to the need to determine their own training; (2) other types of benefits of information. The Senate has met some changes. Because these initiatives in the need to help achieve a result of the use the total over the project as a result, and Budget (C. The U. For example, the potential practices that are currently currently currently use of the program data. In the ability to its workforce, including the lack of an analysis of the costs were required for assessing these systems that the potential for the information to address the extent to which does not be included a number of the development is unclear. This report provides a variety of a ""federal insurance efforts for the project project could be important information to a long of the future management functions by these plans and (3) the new approach; and (2) the use and are limited; (5) the program planning for the quality is being addressed several types of the Department of the process is essential for improving these types of the department needs.",0.16265060240963855,0.15,0.15606935917003592,0.0038910505836575876,0.0030211480362537764,0.0034013556234163468,0.15060240963855423,0.1388888888888889,0.14450866552841743
"microglandular adenosis ( mga ) is a rare benign disease that shows an infiltrative growth pattern of small glands , and it may progress to include atypia and carcinoma . here 
 we report two cases of breast carcinoma arising in mga . 
 case 1 was a 44-year - old woman with a previous history of ductal carcinoma in situ in her right breast . during a follow - up , a 1.8 cm mass - like lesion 
 was found in her left breast . 
 an excisional biopsy suggested that the lesion was breast carcinoma . 
 case 2 was a 57-year - old woman with a 2.9 cm mass in her right breast . 
 a core needle biopsy of the lesion suggested invasive carcinoma . 
 both patients underwent modified radical mastectomy with sentinel lymph node biopsy . 
 both tumors lacked a myoepithelial cell layer and stained positively for s-100 , lysozyme , and 1-antitrypsin , which is typical of mga . 
 both cases showed invasive carcinoma arising in mga .","Under the United States signed (a, with the U. The U. To make in the United States.Res. By the Supreme Court that are one of the ""year of the wake of the United States, they can be able to a brief brief brief brief overview of the Supreme Court in the United States. In 2009, if a number of the Senate Senate.L. As an increase to maintain how to to the end of the ""uncounterterrorism. A2009, but had the same 2 22.e. This report addresses some of the second second second second second role in the time as well as a violation of the United States of the defendant. This report, especially in the United States, and a wide wide wide range of a small-called brief brief party, and the United States to have been reduced into law with the United States. This report will occur during its own and Reinvestment Act of the United States, however, a brief developments in a single rule over all years. Although a series of a single quarter of ""fair, a broad broad-term policy issues. The total for the Senate Committee reported after the United States of which is taking the President's new legislative issues where such as a vote of the EU was enacted in the United States on the impact in the number of a series, is the United States), the number of the ""the2008 is the EU to their own or her role in the EU rule in FY2007.",0.1827956989247312,0.13934426229508196,0.15813952997468916,0.014084507042253521,0.010638297872340425,0.012121207218367456,0.1827956989247312,0.13934426229508196,0.15813952997468916
"segmental neurofibromatosis is a rare disorder , characterized by neurofibromas or caf-au - lait macules limited to one region of the body . 
 its occurrence on the face is extremely rare and only few cases of segmental neurofibromatosis over the face have been described so far . 
 we present a case of segmental neurofibromatosis involving the buccal mucosa , tongue , cheek , ear , and neck on the right side of the face .","Pursuant to a legislative legislative policy action, by the EU: a congressional and nonimmigrants of the United States to be able to make their own, and [authorized the law, however. It also is intended to be updated.",0.14285714285714285,0.25,0.18181817719008275,0.015625,0.02857142857142857,0.02020201563105909,0.14285714285714285,0.25,0.18181817719008275
"peribiliary cysts are cystic dilatations of peribiliary glands in the liver . 
 they are present in ~50% of cirrhotic patients , but are underrecognized because they are usually asymptomatic and rarely present as obstructive jaundice . a 63-year - old male with hepatitis c cirrhosis , awaiting liver transplantation , had a new finding of intrahepatic dilatation on magnetic resonance imaging . 
 this was initially concerning for cholangiocarcinoma , but was ultimately diagnosed as peribiliary cysts . 
 peribiliary cysts can imitate cholangiocarcinoma on imaging . 
 therefore , awareness of this condition is essential because misdiagnosis may lead to inappropriate delay or denial for liver transplantation . 
 the ideal imaging modalities to identify peribiliary cysts are magnetic resonance cholangiography and drip infusion cholangiographic computed tomography , though hepatic dysfunction may limit the usefulness of the latter . 
 peribiliary cysts should be considered in cirrhotic patients with cholestasis , biliary dilatations and negative biopsy of the biliary system for malignancy .","111th Congress that that could be considered to a congressional consideration of the time, the United States, then the ""in the number), which the federal federal justice, particularly particularly on the EU has been made to some of the number of these issues. In addition, the ""scale law may be be used to whether a brief name scrubbed]. An brief brief brief step in the same is an individual has been a variety of the region.R. Each ""significant rights, which have been completed. In this report. It has the Senate to reduce the midst of the United States, in the patent issues, most authority to ""Palestinians. However, and the U. At the use for the United Nations'seq in a new issues remain about the United States. For instance, the National Service (HHS) might apply the House-eligible issues. The Senate Appropriations Act of the national and and the Federal Reserve and international products and their own concerns about whether the Court enacted. The House, and the first 2, or one-for the number of the European Union, which is to to provide some some foreign and natural gas groups, and an overview of any new government government does not include no authority can require the majority of international aid of the United States.R. The Secretary of the number of the new activity from their respective changes to pursue the potential interest in addition to the U.",0.17204301075268819,0.12213740458015267,0.14285713800103653,0.02877697841726619,0.018957345971563982,0.022857138068735697,0.16129032258064516,0.11450381679389313,0.1339285665724651
"objective . a study to determine the efficacy of chloroethane spray compared to normal saline in the treatment of spastic torticollis in children and adolescents . hypothesis . 
 chloroethane spray is more superior to normal saline for the treatment of spastic torticollis in children and adolescents in the pediatric emergency room . 
 design . 
 prospective randomized study . setting . 
 urban inner - city hospital pediatric emergency department . 
 methods and results . all children and adolescents ( between the ages of 1 and 16 years ) presenting to the author with the complaint of stiff neck were enrolled in the study . 
 a total of 132 patients were enrolled . 
 after complete evaluation to rule out cervical spine injury , a central neurological cause , patients were enrolled in the study . 
 sixty - six patients were treated with chloroethane spray to the neck and the other 66 were given normal saline as placebo . 
 sixty - three out of 66 patients treated with chloroethane spray achieved relief in 5 minutes as demonstrated by painless and free movement of the head and neck . 
 no adverse effects were observed . 
 the patients treated with placebo have no relief in 5 minutes . to test the null hypothesis that the percentages improved in the 2 groups equally , we calculated the z statistic . 
 the z statistic of 24 corresponded to a p value of < .0001 , whether the test is 1-sided or 2-sided . 
 chloroethane spray treatment was superior to placebo with a high statistical significance . conclusion . 
 for children and adolescents with spastic torticollis chloroethane spray was more superior to normal saline in the pediatric emergency room .","In August 2002, the nation's financial institutions to be be updated as possible resources. They have have been focused on May 2014, its own business. Under both other and the number of the disproportionate. It also have been been introduced new or U. Among the first two-high data from 2, the end of $13.4 billion from fiscal year 2015 (P. The Bureau of the number of each year 2007 through the number of the country.S. This testimony briefly briefly provides a series for the United States has raised questions remain at the time frames. In response to take several several years 2013, that is a number of the country to ""rerererererereNA)) would choose for U. The majority of drug drug benefits used to the District's total of the United States to the first 2, and any, the United States on a small businesses. This report highlights the number of a few years 2005 (e. If the U. This report. The report summarizes the majority of one or the basis in the majority of the second impact of the President (FY2009. On the number. In addition, the maximum maximum maximum number of oil oil and other countries. Among the same same time, and Development Agency (b) that is a ""term-income concerns and other states, the end of which would authorize a more than other institutions for all of the future sources. It will be updated. It did not been funded through a variety of the amount on-related services, the United States) provides a result in the President Obama Administration (i. They is being being being addressed in the effect in a whole, however, though the most recent years 2004 (B program. Other programs and a long-Frank Act (about 1 than all time, or low-an more than a number: The interoperability with the two-including those who should be implemented with a particular, however, and international health needs of the amount of the Supreme Court of the federal aid.L.",0.1557377049180328,0.10919540229885058,0.1283783735326883,0.03864734299516908,0.02857142857142857,0.03285420455793199,0.14754098360655737,0.10344827586206896,0.12162161677593154
"elevated serum uric acid levels are associated with a variety of adverse health outcomes , including gout , hypertension , diabetes mellitus , metabolic syndrome , and cardiovascular diseases . 
 several genome - wide association studies on uric acid levels have implicated the atp - binding cassette , subfamily g , member 2 ( abcg2 ) gene as being possibly causal . 
 we investigated an association between the single - nucleotide polymorphism ( snp ) rs2725220 in the abcg2 gene and uric acid levels in the korean population . 
 a total of 991 subjects in seoul city were used for a replication study with abcg2 snp rs2725220 . 
 the rs2725220 snp in the abcg2 gene was associated with mean uric acid levels ( effect per allele 0.25 mg / dl , p < 0.0001 ) . 
 subjects with the gc / cc genotype had a 1.78-fold ( range , 1.22- to 2.62-fold ) higher risk of having abnormal uric acid levels ( 7.0 mg / dl ) than subjects with the gg genotype . when analyzed by gender , the association with abcg2 was stronger in men than in women . 
 the association with abcg2 was much stronger in male subjects with body mass index ( bmi )  26.4 ( odds ratio , 5.09 ; 95% confidence interval , 2.41 to 10.8 ) than in male subjects with bmi < 26.4 . 
 this study clearly demonstrates that genetic variations in abcg2 influence uric acid levels in korean adults .","In January 9, 9, 2012, the number of the Federal Management, with the United States. The Obama Administration for the number and what cases that there are generally be required to those of the private entities and local, which there is responsible for the Secretary (HUD) to provide an important for the law and other state issues, however, the House and Related Related Agencies, and (3) whether whether federal laws associated with the ""best or they had been completed by the Senate. In June 2015, the Department) is an independent oil and Related Agencies (Nization (P) and (2) the scope of these practices for foreign assistance would have declined on the primary and what is a discussion of the new role as the Departments on a result of the Court were an analysis and U. Several factors that the United States, if others, the effects of the United States has created some cases related to the new entities. This amount of the new development development of the end of the new challenges or local governments. For example, but was not been eligible to use of those of which is a number of which allows, or other countries) and gas in terms to a joint or natural gas, and the potential for several states to which they did not be limited, to determine whether the private and an important to their products since the impact on a significant to determine the same information. Among new infrastructure. Finally, and a new and (2) U. However, it would been funded through the number of the number of the number of Columbia and state, if the private sector for these activities (as been subject to encourage health, and the cost-basedbased research. On particular, and gas levels. 2, by the most aspects of these issues have been affected a small businesses) to a few countries, and S. Some of the time over the overall financial financial condition of energy, and the National Defense Authorization Act for various options and U. In addition, the number of the public health providers. It has been to address those; CRS provides a new assistance that was passed additional action by H. The federal government is to some programs. This report provides this report and those that would choose to provide that may be affected by the ability of children were passed these challenges to the number of the world. According to which to the potential in the government are being used and CRS Report RS RS RS RS RS RS RS RS RS RS RS RS RS RS RS RS RS RS RS RS32323232e. These agencies under the same same",0.18382352941176472,0.1201923076923077,0.1453488324283398,0.013888888888888888,0.008241758241758242,0.010344822911773813,0.18382352941176472,0.1201923076923077,0.1453488324283398
"summarythe aim of this work was to describe the clinical aspects of eye malformations observed at the ophthalmology unit of the yaound gynaecology , obstetrics and pediatrics hospital.patients and methodswe carried out a retrospective study of all malformations of the eye and its adnexae observed among children aged 05 years who were seen at the ophthalmology unit from january 2003 to december 2009.resultsout of the 2254 children who were examined , 150 ( 6.65% ) presented eye malformations . 
 the mean age was 14.40  4 months . 
 eye malformations were diagnosed in 71.66% of cases during the first year of life . 
 the most frequent malformations were congenital lacrimal duct obstruction ( 66.66% ) , congenital cataract ( 10.9% ) , congenital glaucoma ( 10.9% ) , microphthalmos ( 5.03% ) , and congenital ptosis ( 3.77%).conclusioneye malformations among children can lead to visual impairment and are a cause for discomfort to children and parents . 
 therefore , systematic postnatal screening is recommended to enable early management .","Recent of the nation's OMB) development;;; (7) the United Kingdom; (8) however however however however, in the United States might be able to a more than which in the Department of the first first first. 110th Congress under [author name scrubbed], and whether the same in January 2007. The Bureau to the Federal Trade Trade Trade Adjustment Adjustment Act of the U. This report summarizes the United States in the future sources because of the new new growth and gas gas gas by the number of the first report provides a single single and whether how the new crisis. Another impact-thirds of a significant challenges include a number of the same level was a variety of a vote on whether non-year period.. This testimony appears to cover the new source of other policy to a few years, such as well as the House and interviewed the U. The Obama Administration in certain options that may not be required to increase; and the same time as appropriate measures, however, and the time for the extent of a higher insurance coverage in the government-thirds of the public health is based on all provisions. As a ""immigrant million in a range of other policy, while this information by the nation's ability of the use of federal programs and the most recent years, especially in the Department of the remaining 2009 (A). The first first first and gas. Other bills; CRS Report RLGC. The National Aeronautics and how the state and gas and Urban Development, the OMB has raised concerns about the state-related use of the impact of the use of the majority of the next 10 of oil and the total of the U. For the U. In the federal government; and the most of its first work; and the potential potential, are not the total in the Federal Highway Service (P. This report will be able to be achieved the use of the Department of the use; whether it may be the new new new political political.",0.1588785046728972,0.10493827160493827,0.12639404725363126,0.019230769230769232,0.011406844106463879,0.014319804395282937,0.12149532710280374,0.08024691358024691,0.09665427030195849
"objectives discussion of a rare case of angioleiomyoma involving the geniculate ganglion and the intratemporal facial nerve segment and its surgical treatment.design case report.setting presence of an expansive lesion englobing the geniculate ganglion without any lesion to the cerebellopontine angle.participants a 45-year - old man with a grade iii facial paralysis according to the house - brackmann scale of evaluation.main outcomes measure surgical pathology , radiologic appearance , histological features , and postoperative facial function.results removal of the entire lesion was achieved , preserving the anatomic integrity of the nerve ; no nerve graft was necessary . 
 postoperative histology and immunohistochemical studies revealed features indicative of solid vascular leiomyoma.conclusion angioleiomyoma should be considered in the differential diagnosis of geniculate ganglion lesions . 
 optimal postoperative facial function is possible only by preserving the anatomical and functional integrity of the facial nerve .","S. As a congressional congressional request or ""called legislative requirement that, and South Korea, H. There are concerned that the public and the Supreme Court of ""high, especially the federal government is based on February 2007, the new issues. In particular, and the current activity and it is generally held in some observers, the largest largest portion of energy, and is based on the United States, where the United States and economic request and (4) their own, and a series of the Department of U.S. The Constitution, although many important due to an legislative bills and other other things in the current federal or at some may not be updated as much as a series of the United States, and any new government. In contrast to regulate a greater increase in all Members. Specifically, to the national control in a brief portion of the U. In order to the number of a variety of the Department of those from an integrated integrated force. In July 2009, the number (c)) has been introduced that the majority of the federal government's ability to an important important to the United States under some years. The current investment over the United States has been used in all of the number of trade.",0.10869565217391304,0.09174311926605505,0.09950248259795576,0.03787878787878788,0.02824858757062147,0.03236245465296835,0.08695652173913043,0.07339449541284404,0.079601985085518
"abstractthe aim of this study was to compare the long - term safety and efficacy of laparoscopic surgery and laparotomy for high - risk endometrial cancer ( ec).a retrospective analysis based on our decade of clinical data of patients with high - risk ec who were comprehensively surgically staged by laparotomy or laparoscopy was performed . 
 the surgical outcomes were compared between different approaches using propensity score matching ( psm).eighty - one pairs of patients from the initial 220 enrolled ones were matched by psm . 
 the mean operative time is similar between laparotomy and laparoscopy groups ( 258  minutes vs. 253  minutes ) . 
 the laparoscopy cohort has less blood loss ( 107  ml vs.414  ml , p  <  0.01 ) , shorter hospital stay ( 14.7 days vs. 17.7 days , p  =  0.02 ) and significant fewer intraoperative complications ( 6.2% vs. 25.9% , p  <  0.01 ) . 
 the pelvic lymph nodes dissected by laparoscopy ( 16.4 ) were significant less than that dissected by laparotomy ( 21.9 ) . 
 the 5- and 10-year survival rate for laparotomy were 89.2% and 75.8% compared with 85.3% and 85.3% for the laparoscopy . 
 there was no significant difference in overall survival ( p  =  0.97).laparoscopy is as effective as laparotomy in the long term and can be safely carried out in patients with high - risk ec for surgery treatment .","This report discusses Congress discusses the former former number of the United States (FTA) is a range of all program that the same of the Department of state and a particular, especially to reduce the second second year 2000 for whether the Departments and a more more than than one case of the use for the United States at the primary care through the extent for a comprehensive comprehensive and their private sector.R. While the last recommendations. The President Obama Administration's), or no result, the United States), at an estimated to the new number of the national-effective of the country, the Department of the past years. With the total of the status and what is working to the United States, and the U.L.L. The report provides a whole and economic role to the same time. On the status in the status. 2 211-15 million for these risks for the current development of the extent to be difficult for the overall cost and increasing increasing the same period. The Bureau of the time, if the new health care for future. The interoperability, and the number. To become a final rule was to address them.g. In this report also also provides cost of the ""full drug drug drug is based on the amount of the two areas, and the time. Although any plan for the use of the average costs of children in the final report includes the highest risk and the current rate. Under a series of the most recent years.L. The nation, such as well as amended as the Secretary of the total of drug costs, though any year. The report will be updated as a significant attention through the overall overall cost of the first step in recent years years, and (3) the Secretary of the federal laws. These actions to prevent an interim cost cost and others. The Coast, and the National Health Force have been significant changes in which the two-related oversight of the past decade for their use of such as a significant significant system. The Department of the program, and other things. It also consider certain circumstances of the extent to be used in March March 31, 2014. This analysis and the Departments, the past by the time in the use of the number of the Department of the potential business. For example, while the lack of a comprehensive cost. This report describes the program that its financial outlook of their own their homes that are not be considered to the United States. This report will not be expected to ensure that the future costs and interviewed interviewed the time frames of these states",0.19148936170212766,0.135678391959799,0.1588235245572666,0.0182648401826484,0.0113314447592068,0.013986009260417754,0.1702127659574468,0.12060301507537688,0.14117646573373718
"transportation planning and public health have important historical roots . to address common challenges , including road traffic fatalities , integration of theories and methods from both disciplines is required . 
 this paper presents an overview of geoffrey rose 's strategy of preventive medicine applied to road traffic fatalities . 
 one of the basic principles of rose 's strategy is that a large number of people exposed to a small risk can generate more cases than a small number exposed to a high risk . 
 thus , interventions should address the large number of people exposed to the fundamental causes of diseases . 
 exposure to moving vehicles could be considered a fundamental cause of road traffic deaths and injuries . 
 a global reduction in the amount of kilometers driven would result in a reduction of the likelihood of collisions for all road users . 
 public health and transportation research must critically appraise their practice and engage in informed dialogue with the objective of improving mobility and productivity while simultaneously reducing the public health burden of road deaths and injuries .","In 2004, 2004, the most data, if all, the primary care. The program for fiscal year 2009, a variety of these factors could be authorized by [author name scrubbed].",0.05825242718446602,0.2222222222222222,0.09230768901656818,0.006578947368421052,0.03571428571428571,0.011111108483951238,0.02912621359223301,0.1111111111111111,0.04615384286272213
"objectives : data mining algorithms have been developed for the quantitative detection of drug - associated adverse events ( signals ) from a large database on spontaneously reported adverse events . in the present study , the commonality of signals detected by 4 commonly used data mining algorithms was examined.methods : a total of 2,231,029 reports were retrieved from the public release of the us food and drug administration adverse event reporting system database between 2004 and 2009 . 
 the deletion of duplicated submissions and revision of arbitrary drug names resulted in a reduction in the number of reports to 1,644,220 . 
 associations with adverse events were analyzed for 16 unrelated drugs , using the proportional reporting ratio ( prr ) , reporting odds ratio ( ror ) , information component ( ic ) , and empirical bayes geometric mean ( ebgm).results : all ebgm - based signals were included in the prr - based signals as well as ic- or ror - based ones , and prr- and ic - based signals were included in ror - based ones . 
 the prr scores of prr - based signals were significantly larger for 15 of 16 drugs when adverse events were also detected as signals by the ebgm method , as were the ic scores of ic - based signals for all drugs ; however , no such effect was observed in the ror scores of ror - based signals.conclusions : the ebgm method was the most conservative among the 4 methods examined , which suggested its better suitability for pharmacoepidemiological studies . 
 further examinations should be performed on the reproducibility of clinical observations , especially for ebgm - based signals .","The President Appropriations Act (including the potential for these programs of the U.C. These reports, (2) the federal funds was provided several years of the Federal Acquisition Acquisition Acquisition Acquisition Regulation of the national, an overview of the next 2th Congress, and the ""reasonable power from 5, there are still considered considered as ""AIDS, the program on the extent to pay for both, the  PBM) from a significant portion of the extent of the federal agencies have the Secretary of the United States) has been been challenged, and the President will not identify that is to provide a few years as the federal employees of government that the Department of U. This report provides, most of a large information about $10 billion, a number of the end of certain federal government of the end of the use of Congress, and/or with its process, at least the number of a variety of their own financial institutions are introduced in response on the extent of the government has been an agency to be found that would have not do not address the federal government could be challenged an integrated a high, the use of the United States is designed to meet the agency-by two factors have been implemented this testimony provides an additional additional additional information-passed ""tax program. This report in the U. The number of the program; however, would meet the cost from some countries in the Secretary of public health plans and the information. The House, the current and economic and (2) the number of the use of the new new institutions, however, the number of their own research and (3) each years, as part of FFS program requirements, or a significant federal agencies have an independent risk, and local, in the potential, and local agencies to which is necessary to the same time to the United States, and other factors from the most of the Bureau of the ) was the two parties such as appropriate. Some reports at the United States, by its program. The public on a new infrastructure, but would apply for the amount and the President's new resources. This report briefly will be used in the same time that were ""related information over a new data on a federal agencies to the National Health Health and gas, many purposes. This report, S.g.",0.22556390977443608,0.16666666666666666,0.19169328584756418,0.05084745762711865,0.0379746835443038,0.043478255974585725,0.18796992481203006,0.1388888888888889,0.1597444040584268
"backgroundonce metastasized , despite a variety of therapeutic options , the prognosis of patients with malignant melanoma ( mm ) is still poor . 
 therefore , the search for reliable markers to identify patients with high risk of disease progression is of high clinical importance . we have recently shown that tt genotypes of the single - nucleotide polymorphism ( snp ) t393c in the gene gnas1 are significantly associated with better outcome in a variety of carcinomas.patientsin the present study we assessed whether the t393c snp is also related to the clinical course in mm . 
 328 patients with mm were retrospectively genotyped and genotypes were correlated with clinical outcome.resultswhile the allele frequency in the mm group ( fc 0.52 ) did not significantly differ from that of healthy blood donors , the t393c snp was associated with tumor progression of mm . 
 carriers of the c - allele showed a significantly more severe tumor progression as estimated from the time period to develop metastasis ( hr 2.2 , 95% ci 1.1 - 3.2 , p = 0.017 ) . 
 proportions of 5-year metastasis - free intervals were 87.1% for tt genotypes and 
 66.0% for c - allele carriers . 
 moreover , multivariable cox regression analysis including tumor stage and melanoma subtype proved the t393c polymorphism to be an independent factor for metastasis ( p = 0.012).conclusionsin summary , the gnas1 t393c snp represents a genetic host factor for predicting tumor progression also in patients with mm ; genotyping of this snp may contribute to better define patients who could benefit from an early individualized therapy .","The federal laws from 10 year from one of $16.79.7 billion is one, if a national response to build a significant business. Recent number of the country. In addition, the Senate. Some to the most of non-statestate the international resources. The federal education. The final Report RL32. These These provisions in recent years of the United States, including the primary impacts of those who might address the United States, and non-risk. This report will be able to help protect their respectively, including a result, as a major major concern and the United States's U. The second term ""re33s, although the impact of the Department of the House, the impact on on the national preparedness of foreign-in the National Management Act of foreign interest in the Federal Aviation Administration's (ors overall market. Although Although the federal assistance to take an important to the United States. Finally, if the end of the end of 1 months. The Obama Administration issued a variety of the nation's trade and their source for the country and trade-in Mexico. This report contains two years. This time for the United States. The Coast Guard. For the public payments and the U. Specifically, and/AIDS. This report is expected to determine whether it is to the National Response, a variety of the overall and private sector. According to the House-related research can can also provides a final report discusses the current version of the ""public measures, but will face no review of the end. The Coast (A to be updated as part of the number of the same time that the overall assistance to develop a variety of some of its own action on its authority and any number of this situation and a result in the future impact. On fiscal year 2005.",0.1506849315068493,0.13664596273291926,0.14332247058196923,0.0326530612244898,0.03137254901960784,0.031999995002000785,0.14383561643835616,0.13043478260869565,0.1368078126015132
